*design* DebussyLib (btIdent Verdi_U-2023.03-SP1)
Command arguments:
    +define+verilog
    -vcd
*Warning* Unknown argument -vcd

    axi_interconnect_wrap_4x2_tb.vcd


*Error* Syntax error at $date
"axi_interconnect_wrap_4x2_tb.vcd", 1: 

*Error* Syntax error at Sat
"axi_interconnect_wrap_4x2_tb.vcd", 2: 

*Error* Syntax error at $end
"axi_interconnect_wrap_4x2_tb.vcd", 3: 

*Error* Syntax error at $version
"axi_interconnect_wrap_4x2_tb.vcd", 5: 

*Error* Syntax error at Synopsys
"axi_interconnect_wrap_4x2_tb.vcd", 6: 

*Error* Syntax error at $end
"axi_interconnect_wrap_4x2_tb.vcd", 7: 

*Error* Syntax error at $timescale
"axi_interconnect_wrap_4x2_tb.vcd", 9: 

*Error* Syntax error at 1ps
"axi_interconnect_wrap_4x2_tb.vcd", 10: 

*Error* Syntax error at $end
"axi_interconnect_wrap_4x2_tb.vcd", 11: 

*Error* Syntax error at $comment
"axi_interconnect_wrap_4x2_tb.vcd", 13: 

*Error* Syntax error at $scope
"axi_interconnect_wrap_4x2_tb.vcd", 16: 

*Error* Syntax error at $var
"axi_interconnect_wrap_4x2_tb.vcd", 17: 

*Error* Syntax error at $var
"axi_interconnect_wrap_4x2_tb.vcd", 18: 

*Error* Syntax error at $var
"axi_interconnect_wrap_4x2_tb.vcd", 19: 

*Error* Syntax error at $var
"axi_interconnect_wrap_4x2_tb.vcd", 20: 

*Error* Syntax error at $var
"axi_interconnect_wrap_4x2_tb.vcd", 21: 

*Error* Syntax error at $var
"axi_interconnect_wrap_4x2_tb.vcd", 22: 

*Error* Syntax error at $var
"axi_interconnect_wrap_4x2_tb.vcd", 23: 

*Error* Syntax error at $var
"axi_interconnect_wrap_4x2_tb.vcd", 24: 

*Error* Syntax error at $var
"axi_interconnect_wrap_4x2_tb.vcd", 25: 

*Error* Syntax error at $var
"axi_interconnect_wrap_4x2_tb.vcd", 26: 

*Error* Syntax error at $var
"axi_interconnect_wrap_4x2_tb.vcd", 27: 

*Error* Syntax error at $var
"axi_interconnect_wrap_4x2_tb.vcd", 28: 

*Error* Syntax error at $var
"axi_interconnect_wrap_4x2_tb.vcd", 29: 

*Error* Syntax error at $var
"axi_interconnect_wrap_4x2_tb.vcd", 30: 

*Error* Syntax error at $var
"axi_interconnect_wrap_4x2_tb.vcd", 31: 

*Error* Syntax error at $var
"axi_interconnect_wrap_4x2_tb.vcd", 32: 

*Error* Syntax error at $var
"axi_interconnect_wrap_4x2_tb.vcd", 33: 

*Error* Syntax error at $var
"axi_interconnect_wrap_4x2_tb.vcd", 34: 

*Error* Syntax error at $var
"axi_interconnect_wrap_4x2_tb.vcd", 35: 

*Error* Syntax error at $var
"axi_interconnect_wrap_4x2_tb.vcd", 36: 

*Error* Syntax error at $var
"axi_interconnect_wrap_4x2_tb.vcd", 37: 

*Error* Syntax error at $var
"axi_interconnect_wrap_4x2_tb.vcd", 38: 

*Error* Syntax error at $var
"axi_interconnect_wrap_4x2_tb.vcd", 39: 

*Error* Syntax error at $var
"axi_interconnect_wrap_4x2_tb.vcd", 40: 

*Error* Syntax error at $var
"axi_interconnect_wrap_4x2_tb.vcd", 41: 

*Error* Syntax error at $var
"axi_interconnect_wrap_4x2_tb.vcd", 42: 

*Error* Syntax error at $var
"axi_interconnect_wrap_4x2_tb.vcd", 43: 

*Error* Syntax error at $var
"axi_interconnect_wrap_4x2_tb.vcd", 44: 

*Error* Syntax error at $var
"axi_interconnect_wrap_4x2_tb.vcd", 45: 

*Error* Syntax error at $var
"axi_interconnect_wrap_4x2_tb.vcd", 46: 

*Error* Syntax error at $var
"axi_interconnect_wrap_4x2_tb.vcd", 47: 

*Error* Syntax error at $var
"axi_interconnect_wrap_4x2_tb.vcd", 48: 

*Error* Syntax error at $var
"axi_interconnect_wrap_4x2_tb.vcd", 49: 

*Error* Syntax error at $var
"axi_interconnect_wrap_4x2_tb.vcd", 50: 

*Error* Syntax error at $var
"axi_interconnect_wrap_4x2_tb.vcd", 51: 

*Error* Syntax error at $var
"axi_interconnect_wrap_4x2_tb.vcd", 52: 

*Error* Syntax error at $var
"axi_interconnect_wrap_4x2_tb.vcd", 53: 

*Error* Syntax error at $var
"axi_interconnect_wrap_4x2_tb.vcd", 54: 

*Error* Syntax error at $var
"axi_interconnect_wrap_4x2_tb.vcd", 55: 

*Error* Syntax error at $var
"axi_interconnect_wrap_4x2_tb.vcd", 56: 

*Error* Syntax error at $var
"axi_interconnect_wrap_4x2_tb.vcd", 57: 

*Error* Syntax error at $var
"axi_interconnect_wrap_4x2_tb.vcd", 58: 

*Error* Syntax error at $var
"axi_interconnect_wrap_4x2_tb.vcd", 59: 

*Error* Syntax error at $var
"axi_interconnect_wrap_4x2_tb.vcd", 60: 

*Error* Syntax error at $var
"axi_interconnect_wrap_4x2_tb.vcd", 61: 

*Error* Syntax error at $var
"axi_interconnect_wrap_4x2_tb.vcd", 62: 

*Error* Syntax error at $var
"axi_interconnect_wrap_4x2_tb.vcd", 63: 

*Error* Syntax error at $var
"axi_interconnect_wrap_4x2_tb.vcd", 64: 

*Error* Syntax error at $var
"axi_interconnect_wrap_4x2_tb.vcd", 65: 

*Error* Syntax error at $var
"axi_interconnect_wrap_4x2_tb.vcd", 66: 

*Error* Syntax error at $var
"axi_interconnect_wrap_4x2_tb.vcd", 67: 

*Error* Syntax error at $var
"axi_interconnect_wrap_4x2_tb.vcd", 68: 

*Error* Syntax error at $var
"axi_interconnect_wrap_4x2_tb.vcd", 69: 

*Error* Syntax error at $var
"axi_interconnect_wrap_4x2_tb.vcd", 70: 

*Error* Syntax error at $var
"axi_interconnect_wrap_4x2_tb.vcd", 71: 

*Error* Syntax error at $var
"axi_interconnect_wrap_4x2_tb.vcd", 72: 

*Error* Syntax error at $var
"axi_interconnect_wrap_4x2_tb.vcd", 73: 

*Error* Syntax error at $var
"axi_interconnect_wrap_4x2_tb.vcd", 74: 

*Error* Syntax error at $var
"axi_interconnect_wrap_4x2_tb.vcd", 75: 

*Error* Syntax error at $var
"axi_interconnect_wrap_4x2_tb.vcd", 76: 

*Error* Syntax error at $var
"axi_interconnect_wrap_4x2_tb.vcd", 77: 

*Error* Syntax error at $var
"axi_interconnect_wrap_4x2_tb.vcd", 78: 

*Error* Syntax error at $var
"axi_interconnect_wrap_4x2_tb.vcd", 79: 

*Error* Syntax error at $var
"axi_interconnect_wrap_4x2_tb.vcd", 80: 

*Error* Syntax error at $var
"axi_interconnect_wrap_4x2_tb.vcd", 81: 

*Error* Syntax error at $var
"axi_interconnect_wrap_4x2_tb.vcd", 82: 

*Error* Syntax error at $var
"axi_interconnect_wrap_4x2_tb.vcd", 83: 

*Error* Syntax error at $var
"axi_interconnect_wrap_4x2_tb.vcd", 84: 

*Error* macro ` s01_arid not defined
"axi_interconnect_wrap_4x2_tb.vcd", 84: 

*Error* Syntax error at $var
"axi_interconnect_wrap_4x2_tb.vcd", 85: 

*Error* Syntax error at $var
"axi_interconnect_wrap_4x2_tb.vcd", 86: 

*Error* Syntax error at $var
"axi_interconnect_wrap_4x2_tb.vcd", 87: 

*Error* Syntax error at $var
"axi_interconnect_wrap_4x2_tb.vcd", 88: 

*Error* Syntax error at $var
"axi_interconnect_wrap_4x2_tb.vcd", 89: 

*Error* Syntax error at $var
"axi_interconnect_wrap_4x2_tb.vcd", 90: 

*Error* Syntax error at $var
"axi_interconnect_wrap_4x2_tb.vcd", 91: 

*Error* Syntax error at $var
"axi_interconnect_wrap_4x2_tb.vcd", 92: 

*Error* Syntax error at $var
"axi_interconnect_wrap_4x2_tb.vcd", 93: 

*Error* Syntax error at $var
"axi_interconnect_wrap_4x2_tb.vcd", 94: 

*Error* Syntax error at $var
"axi_interconnect_wrap_4x2_tb.vcd", 95: 

*Error* Syntax error at $var
"axi_interconnect_wrap_4x2_tb.vcd", 96: 

*Error* Syntax error at $var
"axi_interconnect_wrap_4x2_tb.vcd", 97: 

*Error* Syntax error at $var
"axi_interconnect_wrap_4x2_tb.vcd", 98: 

*Error* Syntax error at $var
"axi_interconnect_wrap_4x2_tb.vcd", 99: 

*Error* Syntax error at $var
"axi_interconnect_wrap_4x2_tb.vcd", 100: 

*Error* Syntax error at $var
"axi_interconnect_wrap_4x2_tb.vcd", 101: 

*Error* Syntax error at $var
"axi_interconnect_wrap_4x2_tb.vcd", 102: 

*Error* Syntax error at $var
"axi_interconnect_wrap_4x2_tb.vcd", 103: 

*Error* Syntax error at $var
"axi_interconnect_wrap_4x2_tb.vcd", 104: 

*Error* Syntax error at $var
"axi_interconnect_wrap_4x2_tb.vcd", 105: 

*Error* Syntax error at $var
"axi_interconnect_wrap_4x2_tb.vcd", 106: 

*Error* Syntax error at $var
"axi_interconnect_wrap_4x2_tb.vcd", 107: 

*Error* Syntax error at $var
"axi_interconnect_wrap_4x2_tb.vcd", 108: 

*Error* Syntax error at $var
"axi_interconnect_wrap_4x2_tb.vcd", 109: 

*Error* Syntax error at $var
"axi_interconnect_wrap_4x2_tb.vcd", 110: 

*Error* Syntax error at $var
"axi_interconnect_wrap_4x2_tb.vcd", 111: 

*Error* Syntax error at $var
"axi_interconnect_wrap_4x2_tb.vcd", 112: 

*Error* Syntax error at $var
"axi_interconnect_wrap_4x2_tb.vcd", 113: 

*Error* Syntax error at $var
"axi_interconnect_wrap_4x2_tb.vcd", 114: 

*Error* Syntax error at $var
"axi_interconnect_wrap_4x2_tb.vcd", 115: 

*Error* Syntax error at $var
"axi_interconnect_wrap_4x2_tb.vcd", 116: 

*Error* Syntax error at $var
"axi_interconnect_wrap_4x2_tb.vcd", 117: 

*Error* Syntax error at $var
"axi_interconnect_wrap_4x2_tb.vcd", 118: 

*Error* Syntax error at $var
"axi_interconnect_wrap_4x2_tb.vcd", 119: 

*Error* Syntax error at $var
"axi_interconnect_wrap_4x2_tb.vcd", 120: 

*Error* Syntax error at $var
"axi_interconnect_wrap_4x2_tb.vcd", 121: 

*Error* Syntax error at $var
"axi_interconnect_wrap_4x2_tb.vcd", 122: 

*Error* Syntax error at $var
"axi_interconnect_wrap_4x2_tb.vcd", 123: 

*Error* Syntax error at $var
"axi_interconnect_wrap_4x2_tb.vcd", 124: 

*Error* Syntax error at $var
"axi_interconnect_wrap_4x2_tb.vcd", 125: 

*Error* Syntax error at $var
"axi_interconnect_wrap_4x2_tb.vcd", 126: 

*Error* Syntax error at $var
"axi_interconnect_wrap_4x2_tb.vcd", 127: 

*Error* Syntax error at $var
"axi_interconnect_wrap_4x2_tb.vcd", 128: 

*Error* Syntax error at $var
"axi_interconnect_wrap_4x2_tb.vcd", 129: 

*Error* Syntax error at $var
"axi_interconnect_wrap_4x2_tb.vcd", 130: 

*Error* Syntax error at $var
"axi_interconnect_wrap_4x2_tb.vcd", 131: 

*Error* Syntax error at $var
"axi_interconnect_wrap_4x2_tb.vcd", 132: 

*Error* Syntax error at $var
"axi_interconnect_wrap_4x2_tb.vcd", 133: 

*Error* Syntax error at $var
"axi_interconnect_wrap_4x2_tb.vcd", 134: 

*Error* Syntax error at $var
"axi_interconnect_wrap_4x2_tb.vcd", 135: 

*Error* Syntax error at $var
"axi_interconnect_wrap_4x2_tb.vcd", 136: 

*Error* Syntax error at $var
"axi_interconnect_wrap_4x2_tb.vcd", 137: 

*Error* Syntax error at $var
"axi_interconnect_wrap_4x2_tb.vcd", 138: 

*Error* Syntax error at $var
"axi_interconnect_wrap_4x2_tb.vcd", 139: 

*Error* Syntax error at $var
"axi_interconnect_wrap_4x2_tb.vcd", 140: 

*Error* Syntax error at $var
"axi_interconnect_wrap_4x2_tb.vcd", 141: 

*Error* Syntax error at $var
"axi_interconnect_wrap_4x2_tb.vcd", 142: 

*Error* Syntax error at $var
"axi_interconnect_wrap_4x2_tb.vcd", 143: 

*Error* Syntax error at $var
"axi_interconnect_wrap_4x2_tb.vcd", 144: 

*Error* Syntax error at $var
"axi_interconnect_wrap_4x2_tb.vcd", 145: 

*Error* Syntax error at $var
"axi_interconnect_wrap_4x2_tb.vcd", 146: 

*Error* Syntax error at $var
"axi_interconnect_wrap_4x2_tb.vcd", 147: 

*Error* Syntax error at $var
"axi_interconnect_wrap_4x2_tb.vcd", 148: 

*Error* Syntax error at $var
"axi_interconnect_wrap_4x2_tb.vcd", 149: 

*Error* Syntax error at $var
"axi_interconnect_wrap_4x2_tb.vcd", 150: 

*Error* Syntax error at $var
"axi_interconnect_wrap_4x2_tb.vcd", 151: 

*Error* Syntax error at $var
"axi_interconnect_wrap_4x2_tb.vcd", 152: 

*Error* Syntax error at $var
"axi_interconnect_wrap_4x2_tb.vcd", 153: 

*Error* Syntax error at $var
"axi_interconnect_wrap_4x2_tb.vcd", 154: 

*Error* Syntax error at $var
"axi_interconnect_wrap_4x2_tb.vcd", 155: 

*Error* Syntax error at $var
"axi_interconnect_wrap_4x2_tb.vcd", 156: 

*Error* Syntax error at $var
"axi_interconnect_wrap_4x2_tb.vcd", 157: 

*Error* Syntax error at $var
"axi_interconnect_wrap_4x2_tb.vcd", 158: 

*Error* Syntax error at $var
"axi_interconnect_wrap_4x2_tb.vcd", 159: 

*Error* Syntax error at $var
"axi_interconnect_wrap_4x2_tb.vcd", 160: 

*Error* Syntax error at $var
"axi_interconnect_wrap_4x2_tb.vcd", 161: 

*Error* Syntax error at $var
"axi_interconnect_wrap_4x2_tb.vcd", 162: 

*Error* Syntax error at $var
"axi_interconnect_wrap_4x2_tb.vcd", 163: 

*Error* Syntax error at $var
"axi_interconnect_wrap_4x2_tb.vcd", 164: 

*Error* Syntax error at $var
"axi_interconnect_wrap_4x2_tb.vcd", 165: 

*Error* Syntax error at $var
"axi_interconnect_wrap_4x2_tb.vcd", 166: 

*Error* Syntax error at $var
"axi_interconnect_wrap_4x2_tb.vcd", 167: 

*Error* Syntax error at $var
"axi_interconnect_wrap_4x2_tb.vcd", 168: 

*Error* Syntax error at $var
"axi_interconnect_wrap_4x2_tb.vcd", 169: 

*Error* Syntax error at $var
"axi_interconnect_wrap_4x2_tb.vcd", 170: 

*Error* Syntax error at $var
"axi_interconnect_wrap_4x2_tb.vcd", 171: 

*Error* Syntax error at $var
"axi_interconnect_wrap_4x2_tb.vcd", 172: 

*Error* Syntax error at $var
"axi_interconnect_wrap_4x2_tb.vcd", 173: 

*Error* Syntax error at $var
"axi_interconnect_wrap_4x2_tb.vcd", 174: 

*Error* Syntax error at $var
"axi_interconnect_wrap_4x2_tb.vcd", 175: 

*Error* Syntax error at $var
"axi_interconnect_wrap_4x2_tb.vcd", 176: 

*Error* Syntax error at $var
"axi_interconnect_wrap_4x2_tb.vcd", 177: 

*Error* Syntax error at $var
"axi_interconnect_wrap_4x2_tb.vcd", 178: 

*Error* Syntax error at $var
"axi_interconnect_wrap_4x2_tb.vcd", 179: 

*Error* Syntax error at $var
"axi_interconnect_wrap_4x2_tb.vcd", 180: 

*Error* Syntax error at $var
"axi_interconnect_wrap_4x2_tb.vcd", 181: 

*Error* Syntax error at $var
"axi_interconnect_wrap_4x2_tb.vcd", 182: 

*Error* Syntax error at $var
"axi_interconnect_wrap_4x2_tb.vcd", 183: 

*Error* Syntax error at $var
"axi_interconnect_wrap_4x2_tb.vcd", 184: 

*Error* Syntax error at $var
"axi_interconnect_wrap_4x2_tb.vcd", 185: 

*Error* Syntax error at $var
"axi_interconnect_wrap_4x2_tb.vcd", 186: 

*Error* Syntax error at $var
"axi_interconnect_wrap_4x2_tb.vcd", 187: 

*Error* Syntax error at $var
"axi_interconnect_wrap_4x2_tb.vcd", 188: 

*Error* Syntax error at $var
"axi_interconnect_wrap_4x2_tb.vcd", 189: 

*Error* Syntax error at $var
"axi_interconnect_wrap_4x2_tb.vcd", 190: 

*Error* Syntax error at $var
"axi_interconnect_wrap_4x2_tb.vcd", 191: 

*Error* Syntax error at $var
"axi_interconnect_wrap_4x2_tb.vcd", 192: 

*Error* Syntax error at $var
"axi_interconnect_wrap_4x2_tb.vcd", 193: 

*Error* Syntax error at $var
"axi_interconnect_wrap_4x2_tb.vcd", 194: 

*Error* Syntax error at $var
"axi_interconnect_wrap_4x2_tb.vcd", 195: 

*Error* Syntax error at $var
"axi_interconnect_wrap_4x2_tb.vcd", 196: 

*Error* Syntax error at $var
"axi_interconnect_wrap_4x2_tb.vcd", 197: 

*Error* Syntax error at $var
"axi_interconnect_wrap_4x2_tb.vcd", 198: 

*Error* Syntax error at $var
"axi_interconnect_wrap_4x2_tb.vcd", 199: 

*Error* Syntax error at $var
"axi_interconnect_wrap_4x2_tb.vcd", 200: 

*Error* Syntax error at $var
"axi_interconnect_wrap_4x2_tb.vcd", 201: 

*Error* Syntax error at $var
"axi_interconnect_wrap_4x2_tb.vcd", 202: 

*Error* Syntax error at $var
"axi_interconnect_wrap_4x2_tb.vcd", 203: 

*Error* Syntax error at $var
"axi_interconnect_wrap_4x2_tb.vcd", 204: 

*Error* Syntax error at $var
"axi_interconnect_wrap_4x2_tb.vcd", 205: 

*Error* Syntax error at $var
"axi_interconnect_wrap_4x2_tb.vcd", 206: 

*Error* Syntax error at $var
"axi_interconnect_wrap_4x2_tb.vcd", 207: 

*Error* Syntax error at $var
"axi_interconnect_wrap_4x2_tb.vcd", 208: 

*Error* Syntax error at $var
"axi_interconnect_wrap_4x2_tb.vcd", 209: 

*Error* Syntax error at $var
"axi_interconnect_wrap_4x2_tb.vcd", 210: 

*Error* Syntax error at $var
"axi_interconnect_wrap_4x2_tb.vcd", 211: 

*Error* Syntax error at $var
"axi_interconnect_wrap_4x2_tb.vcd", 212: 

*Error* Syntax error at $var
"axi_interconnect_wrap_4x2_tb.vcd", 213: 

*Error* Syntax error at $var
"axi_interconnect_wrap_4x2_tb.vcd", 214: 

*Error* Syntax error at $var
"axi_interconnect_wrap_4x2_tb.vcd", 215: 

*Error* Syntax error at $var
"axi_interconnect_wrap_4x2_tb.vcd", 216: 

*Error* Syntax error at $var
"axi_interconnect_wrap_4x2_tb.vcd", 217: 

*Error* Syntax error at $var
"axi_interconnect_wrap_4x2_tb.vcd", 218: 

*Error* Syntax error at $var
"axi_interconnect_wrap_4x2_tb.vcd", 219: 

*Error* Syntax error at $var
"axi_interconnect_wrap_4x2_tb.vcd", 220: 

*Error* Syntax error at $var
"axi_interconnect_wrap_4x2_tb.vcd", 221: 

*Error* Syntax error at $var
"axi_interconnect_wrap_4x2_tb.vcd", 222: 

*Error* Syntax error at $var
"axi_interconnect_wrap_4x2_tb.vcd", 223: 

*Error* Syntax error at $var
"axi_interconnect_wrap_4x2_tb.vcd", 224: 

*Error* Syntax error at $var
"axi_interconnect_wrap_4x2_tb.vcd", 225: 

*Error* Syntax error at $var
"axi_interconnect_wrap_4x2_tb.vcd", 226: 

*Error* Syntax error at $var
"axi_interconnect_wrap_4x2_tb.vcd", 227: 

*Error* Syntax error at $var
"axi_interconnect_wrap_4x2_tb.vcd", 228: 

*Error* Syntax error at $var
"axi_interconnect_wrap_4x2_tb.vcd", 229: 

*Error* Syntax error at $var
"axi_interconnect_wrap_4x2_tb.vcd", 230: 

*Error* Syntax error at $var
"axi_interconnect_wrap_4x2_tb.vcd", 231: 

*Error* Syntax error at $var
"axi_interconnect_wrap_4x2_tb.vcd", 232: 

*Error* Syntax error at $var
"axi_interconnect_wrap_4x2_tb.vcd", 233: 

*Error* Syntax error at $var
"axi_interconnect_wrap_4x2_tb.vcd", 234: 

*Error* Syntax error at $var
"axi_interconnect_wrap_4x2_tb.vcd", 235: 

*Error* Syntax error at $var
"axi_interconnect_wrap_4x2_tb.vcd", 236: 

*Error* Syntax error at $var
"axi_interconnect_wrap_4x2_tb.vcd", 237: 

*Error* Syntax error at $var
"axi_interconnect_wrap_4x2_tb.vcd", 238: 

*Error* Syntax error at $var
"axi_interconnect_wrap_4x2_tb.vcd", 239: 

*Error* Syntax error at $var
"axi_interconnect_wrap_4x2_tb.vcd", 240: 

*Error* Syntax error at $var
"axi_interconnect_wrap_4x2_tb.vcd", 241: 

*Error* Syntax error at $var
"axi_interconnect_wrap_4x2_tb.vcd", 242: 

*Error* Syntax error at $var
"axi_interconnect_wrap_4x2_tb.vcd", 243: 

*Error* Syntax error at $var
"axi_interconnect_wrap_4x2_tb.vcd", 244: 

*Error* Syntax error at $var
"axi_interconnect_wrap_4x2_tb.vcd", 245: 

*Error* Syntax error at $var
"axi_interconnect_wrap_4x2_tb.vcd", 246: 

*Error* Syntax error at $var
"axi_interconnect_wrap_4x2_tb.vcd", 247: 

*Error* Syntax error at $var
"axi_interconnect_wrap_4x2_tb.vcd", 248: 

*Error* Syntax error at $var
"axi_interconnect_wrap_4x2_tb.vcd", 249: 

*Error* Syntax error at $var
"axi_interconnect_wrap_4x2_tb.vcd", 250: 

*Error* Syntax error at $var
"axi_interconnect_wrap_4x2_tb.vcd", 251: 

*Error* Syntax error at $var
"axi_interconnect_wrap_4x2_tb.vcd", 252: 

*Error* Syntax error at $var
"axi_interconnect_wrap_4x2_tb.vcd", 253: 

*Error* Syntax error at $var
"axi_interconnect_wrap_4x2_tb.vcd", 254: 

*Error* Syntax error at $var
"axi_interconnect_wrap_4x2_tb.vcd", 255: 

*Error* Syntax error at $var
"axi_interconnect_wrap_4x2_tb.vcd", 256: 

*Error* Syntax error at $var
"axi_interconnect_wrap_4x2_tb.vcd", 257: 

*Error* Syntax error at $var
"axi_interconnect_wrap_4x2_tb.vcd", 258: 

*Error* Syntax error at $var
"axi_interconnect_wrap_4x2_tb.vcd", 259: 

*Error* Syntax error at $var
"axi_interconnect_wrap_4x2_tb.vcd", 260: 

*Error* Syntax error at $var
"axi_interconnect_wrap_4x2_tb.vcd", 261: 

*Error* Syntax error at $var
"axi_interconnect_wrap_4x2_tb.vcd", 262: 

*Error* Syntax error at $var
"axi_interconnect_wrap_4x2_tb.vcd", 263: 

*Error* Syntax error at $var
"axi_interconnect_wrap_4x2_tb.vcd", 264: 

*Error* Syntax error at $var
"axi_interconnect_wrap_4x2_tb.vcd", 265: 

*Error* Syntax error at $var
"axi_interconnect_wrap_4x2_tb.vcd", 266: 

*Error* Syntax error at $var
"axi_interconnect_wrap_4x2_tb.vcd", 267: 

*Error* Syntax error at $var
"axi_interconnect_wrap_4x2_tb.vcd", 268: 

*Error* Syntax error at $var
"axi_interconnect_wrap_4x2_tb.vcd", 269: 

*Error* Syntax error at $var
"axi_interconnect_wrap_4x2_tb.vcd", 270: 

*Error* Syntax error at $var
"axi_interconnect_wrap_4x2_tb.vcd", 271: 

*Error* Syntax error at $var
"axi_interconnect_wrap_4x2_tb.vcd", 272: 

*Error* Syntax error at $var
"axi_interconnect_wrap_4x2_tb.vcd", 273: 

*Error* Syntax error at $var
"axi_interconnect_wrap_4x2_tb.vcd", 274: 

*Error* Syntax error at $var
"axi_interconnect_wrap_4x2_tb.vcd", 275: 

*Error* Syntax error at $var
"axi_interconnect_wrap_4x2_tb.vcd", 276: 

*Error* Syntax error at $var
"axi_interconnect_wrap_4x2_tb.vcd", 277: 

*Error* Syntax error at $var
"axi_interconnect_wrap_4x2_tb.vcd", 278: 

*Error* Syntax error at $var
"axi_interconnect_wrap_4x2_tb.vcd", 279: 

*Error* Syntax error at $var
"axi_interconnect_wrap_4x2_tb.vcd", 280: 

*Error* Syntax error at $var
"axi_interconnect_wrap_4x2_tb.vcd", 281: 

*Error* Syntax error at $var
"axi_interconnect_wrap_4x2_tb.vcd", 282: 

*Error* Syntax error at $var
"axi_interconnect_wrap_4x2_tb.vcd", 283: 

*Error* Syntax error at $var
"axi_interconnect_wrap_4x2_tb.vcd", 284: 

*Error* Syntax error at $var
"axi_interconnect_wrap_4x2_tb.vcd", 285: 

*Error* Syntax error at $var
"axi_interconnect_wrap_4x2_tb.vcd", 286: 

*Error* Syntax error at $var
"axi_interconnect_wrap_4x2_tb.vcd", 287: 

*Error* Syntax error at $var
"axi_interconnect_wrap_4x2_tb.vcd", 288: 

*Error* Syntax error at $var
"axi_interconnect_wrap_4x2_tb.vcd", 289: 

*Error* Syntax error at $var
"axi_interconnect_wrap_4x2_tb.vcd", 290: 

*Error* Syntax error at $var
"axi_interconnect_wrap_4x2_tb.vcd", 291: 

*Error* Syntax error at $var
"axi_interconnect_wrap_4x2_tb.vcd", 292: 

*Error* Syntax error at $var
"axi_interconnect_wrap_4x2_tb.vcd", 293: 

*Error* Syntax error at $scope
"axi_interconnect_wrap_4x2_tb.vcd", 295: 

*Error* Syntax error at $var
"axi_interconnect_wrap_4x2_tb.vcd", 296: 

*Error* Syntax error at $var
"axi_interconnect_wrap_4x2_tb.vcd", 297: 

*Error* Syntax error at $scope
"axi_interconnect_wrap_4x2_tb.vcd", 299: 

*Error* Syntax error at $scope
"axi_interconnect_wrap_4x2_tb.vcd", 301: 

*Error* Syntax error at $upscope
"axi_interconnect_wrap_4x2_tb.vcd", 302: 

*Error* Syntax error at $scope
"axi_interconnect_wrap_4x2_tb.vcd", 305: 

*Error* Syntax error at $upscope
"axi_interconnect_wrap_4x2_tb.vcd", 306: 

*Error* Syntax error at $upscope
"axi_interconnect_wrap_4x2_tb.vcd", 308: 

*Error* Syntax error at $scope
"axi_interconnect_wrap_4x2_tb.vcd", 311: 

*Error* Syntax error at $scope
"axi_interconnect_wrap_4x2_tb.vcd", 313: 

*Error* Syntax error at $upscope
"axi_interconnect_wrap_4x2_tb.vcd", 314: 

*Error* Syntax error at $scope
"axi_interconnect_wrap_4x2_tb.vcd", 317: 

*Error* Syntax error at $upscope
"axi_interconnect_wrap_4x2_tb.vcd", 318: 

*Error* Syntax error at $upscope
"axi_interconnect_wrap_4x2_tb.vcd", 320: 

*Error* Syntax error at $scope
"axi_interconnect_wrap_4x2_tb.vcd", 323: 

*Error* Syntax error at $scope
"axi_interconnect_wrap_4x2_tb.vcd", 325: 

*Error* Syntax error at $upscope
"axi_interconnect_wrap_4x2_tb.vcd", 326: 

*Error* Syntax error at $scope
"axi_interconnect_wrap_4x2_tb.vcd", 329: 

*Error* Syntax error at $upscope
"axi_interconnect_wrap_4x2_tb.vcd", 330: 

*Error* Syntax error at $upscope
"axi_interconnect_wrap_4x2_tb.vcd", 332: 

*Error* Syntax error at $upscope
"axi_interconnect_wrap_4x2_tb.vcd", 334: 

*Error* Syntax error at $scope
"axi_interconnect_wrap_4x2_tb.vcd", 337: 

*Error* Syntax error at $var
"axi_interconnect_wrap_4x2_tb.vcd", 338: 

*Error* Syntax error at $var
"axi_interconnect_wrap_4x2_tb.vcd", 339: 

*Error* Syntax error at $var
"axi_interconnect_wrap_4x2_tb.vcd", 340: 

*Error* Syntax error at $var
"axi_interconnect_wrap_4x2_tb.vcd", 341: 

*Error* Syntax error at $var
"axi_interconnect_wrap_4x2_tb.vcd", 342: 

*Error* Syntax error at $var
"axi_interconnect_wrap_4x2_tb.vcd", 343: 

*Error* Syntax error at $var
"axi_interconnect_wrap_4x2_tb.vcd", 344: 

*Error* Syntax error at $var
"axi_interconnect_wrap_4x2_tb.vcd", 345: 

*Error* Syntax error at $var
"axi_interconnect_wrap_4x2_tb.vcd", 346: 

*Error* Syntax error at $var
"axi_interconnect_wrap_4x2_tb.vcd", 347: 

*Error* Syntax error at $var
"axi_interconnect_wrap_4x2_tb.vcd", 348: 

*Error* Syntax error at $var
"axi_interconnect_wrap_4x2_tb.vcd", 349: 

*Error* Syntax error at $var
"axi_interconnect_wrap_4x2_tb.vcd", 350: 

*Error* Syntax error at $var
"axi_interconnect_wrap_4x2_tb.vcd", 351: 

*Error* Syntax error at $var
"axi_interconnect_wrap_4x2_tb.vcd", 352: 

*Error* Syntax error at $var
"axi_interconnect_wrap_4x2_tb.vcd", 353: 

*Error* Syntax error at $var
"axi_interconnect_wrap_4x2_tb.vcd", 354: 

*Error* Syntax error at $var
"axi_interconnect_wrap_4x2_tb.vcd", 355: 

*Error* Syntax error at $var
"axi_interconnect_wrap_4x2_tb.vcd", 356: 

*Error* Syntax error at $var
"axi_interconnect_wrap_4x2_tb.vcd", 357: 

*Error* Syntax error at $var
"axi_interconnect_wrap_4x2_tb.vcd", 358: 

*Error* Syntax error at $var
"axi_interconnect_wrap_4x2_tb.vcd", 359: 

*Error* Syntax error at $var
"axi_interconnect_wrap_4x2_tb.vcd", 360: 

*Error* Syntax error at $var
"axi_interconnect_wrap_4x2_tb.vcd", 361: 

*Error* Syntax error at $var
"axi_interconnect_wrap_4x2_tb.vcd", 362: 

*Error* Syntax error at $var
"axi_interconnect_wrap_4x2_tb.vcd", 363: 

*Error* Syntax error at $var
"axi_interconnect_wrap_4x2_tb.vcd", 364: 

*Error* Syntax error at $var
"axi_interconnect_wrap_4x2_tb.vcd", 365: 

*Error* Syntax error at $var
"axi_interconnect_wrap_4x2_tb.vcd", 366: 

*Error* Syntax error at $var
"axi_interconnect_wrap_4x2_tb.vcd", 367: 

*Error* Syntax error at $var
"axi_interconnect_wrap_4x2_tb.vcd", 368: 

*Error* Syntax error at $var
"axi_interconnect_wrap_4x2_tb.vcd", 369: 

*Error* Syntax error at $var
"axi_interconnect_wrap_4x2_tb.vcd", 370: 

*Error* Syntax error at $var
"axi_interconnect_wrap_4x2_tb.vcd", 371: 

*Error* Syntax error at $var
"axi_interconnect_wrap_4x2_tb.vcd", 372: 

*Error* Syntax error at $var
"axi_interconnect_wrap_4x2_tb.vcd", 373: 

*Error* Syntax error at $var
"axi_interconnect_wrap_4x2_tb.vcd", 374: 

*Error* Syntax error at $var
"axi_interconnect_wrap_4x2_tb.vcd", 375: 

*Error* Syntax error at $var
"axi_interconnect_wrap_4x2_tb.vcd", 376: 

*Error* Syntax error at $var
"axi_interconnect_wrap_4x2_tb.vcd", 377: 

*Error* Syntax error at $var
"axi_interconnect_wrap_4x2_tb.vcd", 378: 

*Error* Syntax error at $var
"axi_interconnect_wrap_4x2_tb.vcd", 379: 

*Error* Syntax error at $var
"axi_interconnect_wrap_4x2_tb.vcd", 380: 

*Error* Syntax error at $var
"axi_interconnect_wrap_4x2_tb.vcd", 381: 

*Error* Syntax error at $var
"axi_interconnect_wrap_4x2_tb.vcd", 382: 

*Error* Syntax error at $var
"axi_interconnect_wrap_4x2_tb.vcd", 383: 

*Error* Syntax error at $var
"axi_interconnect_wrap_4x2_tb.vcd", 384: 

*Error* Syntax error at $var
"axi_interconnect_wrap_4x2_tb.vcd", 385: 

*Error* Syntax error at $var
"axi_interconnect_wrap_4x2_tb.vcd", 386: 

*Error* Syntax error at $var
"axi_interconnect_wrap_4x2_tb.vcd", 387: 

*Error* Syntax error at $var
"axi_interconnect_wrap_4x2_tb.vcd", 388: 

*Error* Syntax error at $var
"axi_interconnect_wrap_4x2_tb.vcd", 389: 

*Error* Syntax error at $var
"axi_interconnect_wrap_4x2_tb.vcd", 390: 

*Error* Syntax error at $var
"axi_interconnect_wrap_4x2_tb.vcd", 391: 

*Error* Syntax error at $var
"axi_interconnect_wrap_4x2_tb.vcd", 392: 

*Error* Syntax error at $var
"axi_interconnect_wrap_4x2_tb.vcd", 393: 

*Error* Syntax error at $var
"axi_interconnect_wrap_4x2_tb.vcd", 394: 

*Error* Syntax error at $var
"axi_interconnect_wrap_4x2_tb.vcd", 395: 

*Error* Syntax error at $var
"axi_interconnect_wrap_4x2_tb.vcd", 396: 

*Error* Syntax error at $var
"axi_interconnect_wrap_4x2_tb.vcd", 397: 

*Error* Syntax error at $var
"axi_interconnect_wrap_4x2_tb.vcd", 398: 

*Error* Syntax error at $var
"axi_interconnect_wrap_4x2_tb.vcd", 399: 

*Error* Syntax error at $var
"axi_interconnect_wrap_4x2_tb.vcd", 400: 

*Error* Syntax error at $var
"axi_interconnect_wrap_4x2_tb.vcd", 401: 

*Error* Syntax error at $var
"axi_interconnect_wrap_4x2_tb.vcd", 402: 

*Error* Syntax error at $var
"axi_interconnect_wrap_4x2_tb.vcd", 403: 

*Error* Syntax error at $var
"axi_interconnect_wrap_4x2_tb.vcd", 404: 

*Error* Syntax error at $var
"axi_interconnect_wrap_4x2_tb.vcd", 405: 

*Error* macro ` s01_axi_arid not defined
"axi_interconnect_wrap_4x2_tb.vcd", 405: 

*Error* Syntax error at $var
"axi_interconnect_wrap_4x2_tb.vcd", 406: 

*Error* Syntax error at $var
"axi_interconnect_wrap_4x2_tb.vcd", 407: 

*Error* Syntax error at $var
"axi_interconnect_wrap_4x2_tb.vcd", 408: 

*Error* Syntax error at $var
"axi_interconnect_wrap_4x2_tb.vcd", 409: 

*Error* Syntax error at $var
"axi_interconnect_wrap_4x2_tb.vcd", 410: 

*Error* Syntax error at $var
"axi_interconnect_wrap_4x2_tb.vcd", 411: 

*Error* Syntax error at $var
"axi_interconnect_wrap_4x2_tb.vcd", 412: 

*Error* Syntax error at $var
"axi_interconnect_wrap_4x2_tb.vcd", 413: 

*Error* Syntax error at $var
"axi_interconnect_wrap_4x2_tb.vcd", 414: 

*Error* Syntax error at $var
"axi_interconnect_wrap_4x2_tb.vcd", 415: 

*Error* Syntax error at $var
"axi_interconnect_wrap_4x2_tb.vcd", 416: 

*Error* Syntax error at $var
"axi_interconnect_wrap_4x2_tb.vcd", 417: 

*Error* Syntax error at $var
"axi_interconnect_wrap_4x2_tb.vcd", 418: 

*Error* Syntax error at $var
"axi_interconnect_wrap_4x2_tb.vcd", 419: 

*Error* Syntax error at $var
"axi_interconnect_wrap_4x2_tb.vcd", 420: 

*Error* Syntax error at $var
"axi_interconnect_wrap_4x2_tb.vcd", 421: 

*Error* Syntax error at $var
"axi_interconnect_wrap_4x2_tb.vcd", 422: 

*Error* Syntax error at $var
"axi_interconnect_wrap_4x2_tb.vcd", 423: 

*Error* Syntax error at $var
"axi_interconnect_wrap_4x2_tb.vcd", 424: 

*Error* Syntax error at $var
"axi_interconnect_wrap_4x2_tb.vcd", 425: 

*Error* Syntax error at $var
"axi_interconnect_wrap_4x2_tb.vcd", 426: 

*Error* Syntax error at $var
"axi_interconnect_wrap_4x2_tb.vcd", 427: 

*Error* Syntax error at $var
"axi_interconnect_wrap_4x2_tb.vcd", 428: 

*Error* Syntax error at $var
"axi_interconnect_wrap_4x2_tb.vcd", 429: 

*Error* Syntax error at $var
"axi_interconnect_wrap_4x2_tb.vcd", 430: 

*Error* Syntax error at $var
"axi_interconnect_wrap_4x2_tb.vcd", 431: 

*Error* Syntax error at $var
"axi_interconnect_wrap_4x2_tb.vcd", 432: 

*Error* Syntax error at $var
"axi_interconnect_wrap_4x2_tb.vcd", 433: 

*Error* Syntax error at $var
"axi_interconnect_wrap_4x2_tb.vcd", 434: 

*Error* Syntax error at $var
"axi_interconnect_wrap_4x2_tb.vcd", 435: 

*Error* Syntax error at $var
"axi_interconnect_wrap_4x2_tb.vcd", 436: 

*Error* Syntax error at $var
"axi_interconnect_wrap_4x2_tb.vcd", 437: 

*Error* Syntax error at $var
"axi_interconnect_wrap_4x2_tb.vcd", 438: 

*Error* Syntax error at $var
"axi_interconnect_wrap_4x2_tb.vcd", 439: 

*Error* Syntax error at $var
"axi_interconnect_wrap_4x2_tb.vcd", 440: 

*Error* Syntax error at $var
"axi_interconnect_wrap_4x2_tb.vcd", 441: 

*Error* Syntax error at $var
"axi_interconnect_wrap_4x2_tb.vcd", 442: 

*Error* Syntax error at $var
"axi_interconnect_wrap_4x2_tb.vcd", 443: 

*Error* Syntax error at $var
"axi_interconnect_wrap_4x2_tb.vcd", 444: 

*Error* Syntax error at $var
"axi_interconnect_wrap_4x2_tb.vcd", 445: 

*Error* Syntax error at $var
"axi_interconnect_wrap_4x2_tb.vcd", 446: 

*Error* Syntax error at $var
"axi_interconnect_wrap_4x2_tb.vcd", 447: 

*Error* Syntax error at $var
"axi_interconnect_wrap_4x2_tb.vcd", 448: 

*Error* Syntax error at $var
"axi_interconnect_wrap_4x2_tb.vcd", 449: 

*Error* Syntax error at $var
"axi_interconnect_wrap_4x2_tb.vcd", 450: 

*Error* Syntax error at $var
"axi_interconnect_wrap_4x2_tb.vcd", 451: 

*Error* Syntax error at $var
"axi_interconnect_wrap_4x2_tb.vcd", 452: 

*Error* Syntax error at $var
"axi_interconnect_wrap_4x2_tb.vcd", 453: 

*Error* Syntax error at $var
"axi_interconnect_wrap_4x2_tb.vcd", 454: 

*Error* Syntax error at $var
"axi_interconnect_wrap_4x2_tb.vcd", 455: 

*Error* Syntax error at $var
"axi_interconnect_wrap_4x2_tb.vcd", 456: 

*Error* Syntax error at $var
"axi_interconnect_wrap_4x2_tb.vcd", 457: 

*Error* Syntax error at $var
"axi_interconnect_wrap_4x2_tb.vcd", 458: 

*Error* Syntax error at $var
"axi_interconnect_wrap_4x2_tb.vcd", 459: 

*Error* Syntax error at $var
"axi_interconnect_wrap_4x2_tb.vcd", 460: 

*Error* Syntax error at $var
"axi_interconnect_wrap_4x2_tb.vcd", 461: 

*Error* Syntax error at $var
"axi_interconnect_wrap_4x2_tb.vcd", 462: 

*Error* Syntax error at $var
"axi_interconnect_wrap_4x2_tb.vcd", 463: 

*Error* Syntax error at $var
"axi_interconnect_wrap_4x2_tb.vcd", 464: 

*Error* Syntax error at $var
"axi_interconnect_wrap_4x2_tb.vcd", 465: 

*Error* Syntax error at $var
"axi_interconnect_wrap_4x2_tb.vcd", 466: 

*Error* Syntax error at $var
"axi_interconnect_wrap_4x2_tb.vcd", 467: 

*Error* Syntax error at $var
"axi_interconnect_wrap_4x2_tb.vcd", 468: 

*Error* Syntax error at $var
"axi_interconnect_wrap_4x2_tb.vcd", 469: 

*Error* Syntax error at $var
"axi_interconnect_wrap_4x2_tb.vcd", 470: 

*Error* Syntax error at $var
"axi_interconnect_wrap_4x2_tb.vcd", 471: 

*Error* Syntax error at $var
"axi_interconnect_wrap_4x2_tb.vcd", 472: 

*Error* Syntax error at $var
"axi_interconnect_wrap_4x2_tb.vcd", 473: 

*Error* Syntax error at $var
"axi_interconnect_wrap_4x2_tb.vcd", 474: 

*Error* Syntax error at $var
"axi_interconnect_wrap_4x2_tb.vcd", 475: 

*Error* Syntax error at $var
"axi_interconnect_wrap_4x2_tb.vcd", 476: 

*Error* Syntax error at $var
"axi_interconnect_wrap_4x2_tb.vcd", 477: 

*Error* Syntax error at $var
"axi_interconnect_wrap_4x2_tb.vcd", 478: 

*Error* Syntax error at $var
"axi_interconnect_wrap_4x2_tb.vcd", 479: 

*Error* Syntax error at $var
"axi_interconnect_wrap_4x2_tb.vcd", 480: 

*Error* Syntax error at $var
"axi_interconnect_wrap_4x2_tb.vcd", 481: 

*Error* Syntax error at $var
"axi_interconnect_wrap_4x2_tb.vcd", 482: 

*Error* Syntax error at $var
"axi_interconnect_wrap_4x2_tb.vcd", 483: 

*Error* Syntax error at $var
"axi_interconnect_wrap_4x2_tb.vcd", 484: 

*Error* Syntax error at $var
"axi_interconnect_wrap_4x2_tb.vcd", 485: 

*Error* Syntax error at $var
"axi_interconnect_wrap_4x2_tb.vcd", 486: 

*Error* Syntax error at $var
"axi_interconnect_wrap_4x2_tb.vcd", 487: 

*Error* Syntax error at $var
"axi_interconnect_wrap_4x2_tb.vcd", 488: 

*Error* Syntax error at $var
"axi_interconnect_wrap_4x2_tb.vcd", 489: 

*Error* Syntax error at $var
"axi_interconnect_wrap_4x2_tb.vcd", 490: 

*Error* Syntax error at $var
"axi_interconnect_wrap_4x2_tb.vcd", 491: 

*Error* Syntax error at $var
"axi_interconnect_wrap_4x2_tb.vcd", 492: 

*Error* Syntax error at $var
"axi_interconnect_wrap_4x2_tb.vcd", 493: 

*Error* Syntax error at $var
"axi_interconnect_wrap_4x2_tb.vcd", 494: 

*Error* Syntax error at $var
"axi_interconnect_wrap_4x2_tb.vcd", 495: 

*Error* Syntax error at $var
"axi_interconnect_wrap_4x2_tb.vcd", 496: 

*Error* Syntax error at $var
"axi_interconnect_wrap_4x2_tb.vcd", 497: 

*Error* Syntax error at $var
"axi_interconnect_wrap_4x2_tb.vcd", 498: 

*Error* Syntax error at $var
"axi_interconnect_wrap_4x2_tb.vcd", 499: 

*Error* Syntax error at $var
"axi_interconnect_wrap_4x2_tb.vcd", 500: 

*Error* Syntax error at $var
"axi_interconnect_wrap_4x2_tb.vcd", 501: 

*Error* Syntax error at $var
"axi_interconnect_wrap_4x2_tb.vcd", 502: 

*Error* Syntax error at $var
"axi_interconnect_wrap_4x2_tb.vcd", 503: 

*Error* Syntax error at $var
"axi_interconnect_wrap_4x2_tb.vcd", 504: 

*Error* Syntax error at $var
"axi_interconnect_wrap_4x2_tb.vcd", 505: 

*Error* Syntax error at $var
"axi_interconnect_wrap_4x2_tb.vcd", 506: 

*Error* Syntax error at $var
"axi_interconnect_wrap_4x2_tb.vcd", 507: 

*Error* Syntax error at $var
"axi_interconnect_wrap_4x2_tb.vcd", 508: 

*Error* Syntax error at $var
"axi_interconnect_wrap_4x2_tb.vcd", 509: 

*Error* Syntax error at $var
"axi_interconnect_wrap_4x2_tb.vcd", 510: 

*Error* Syntax error at $var
"axi_interconnect_wrap_4x2_tb.vcd", 511: 

*Error* Syntax error at $var
"axi_interconnect_wrap_4x2_tb.vcd", 512: 

*Error* Syntax error at $var
"axi_interconnect_wrap_4x2_tb.vcd", 513: 

*Error* Syntax error at $var
"axi_interconnect_wrap_4x2_tb.vcd", 514: 

*Error* Syntax error at $var
"axi_interconnect_wrap_4x2_tb.vcd", 515: 

*Error* Syntax error at $var
"axi_interconnect_wrap_4x2_tb.vcd", 516: 

*Error* Syntax error at $var
"axi_interconnect_wrap_4x2_tb.vcd", 517: 

*Error* Syntax error at $var
"axi_interconnect_wrap_4x2_tb.vcd", 518: 

*Error* Syntax error at $var
"axi_interconnect_wrap_4x2_tb.vcd", 519: 

*Error* Syntax error at $var
"axi_interconnect_wrap_4x2_tb.vcd", 520: 

*Error* Syntax error at $var
"axi_interconnect_wrap_4x2_tb.vcd", 521: 

*Error* Syntax error at $var
"axi_interconnect_wrap_4x2_tb.vcd", 522: 

*Error* Syntax error at $var
"axi_interconnect_wrap_4x2_tb.vcd", 523: 

*Error* Syntax error at $var
"axi_interconnect_wrap_4x2_tb.vcd", 524: 

*Error* Syntax error at $var
"axi_interconnect_wrap_4x2_tb.vcd", 525: 

*Error* Syntax error at $var
"axi_interconnect_wrap_4x2_tb.vcd", 526: 

*Error* Syntax error at $var
"axi_interconnect_wrap_4x2_tb.vcd", 527: 

*Error* Syntax error at $var
"axi_interconnect_wrap_4x2_tb.vcd", 528: 

*Error* Syntax error at $var
"axi_interconnect_wrap_4x2_tb.vcd", 529: 

*Error* Syntax error at $var
"axi_interconnect_wrap_4x2_tb.vcd", 530: 

*Error* Syntax error at $var
"axi_interconnect_wrap_4x2_tb.vcd", 531: 

*Error* Syntax error at $var
"axi_interconnect_wrap_4x2_tb.vcd", 532: 

*Error* Syntax error at $var
"axi_interconnect_wrap_4x2_tb.vcd", 533: 

*Error* Syntax error at $var
"axi_interconnect_wrap_4x2_tb.vcd", 534: 

*Error* Syntax error at $var
"axi_interconnect_wrap_4x2_tb.vcd", 535: 

*Error* Syntax error at $var
"axi_interconnect_wrap_4x2_tb.vcd", 536: 

*Error* Syntax error at $var
"axi_interconnect_wrap_4x2_tb.vcd", 537: 

*Error* Syntax error at $var
"axi_interconnect_wrap_4x2_tb.vcd", 538: 

*Error* Syntax error at $var
"axi_interconnect_wrap_4x2_tb.vcd", 539: 

*Error* Syntax error at $var
"axi_interconnect_wrap_4x2_tb.vcd", 540: 

*Error* Syntax error at $var
"axi_interconnect_wrap_4x2_tb.vcd", 541: 

*Error* Syntax error at $var
"axi_interconnect_wrap_4x2_tb.vcd", 542: 

*Error* Syntax error at $var
"axi_interconnect_wrap_4x2_tb.vcd", 543: 

*Error* Syntax error at $var
"axi_interconnect_wrap_4x2_tb.vcd", 544: 

*Error* Syntax error at $var
"axi_interconnect_wrap_4x2_tb.vcd", 545: 

*Error* Syntax error at $var
"axi_interconnect_wrap_4x2_tb.vcd", 546: 

*Error* Syntax error at $var
"axi_interconnect_wrap_4x2_tb.vcd", 547: 

*Error* Syntax error at $var
"axi_interconnect_wrap_4x2_tb.vcd", 548: 

*Error* invalid token at axi_interconnect_wrap_4x2_tb.vcd:598 (text was '#=')


*Error* Syntax error at $var
"axi_interconnect_wrap_4x2_tb.vcd", 549: 

*Error* Syntax error at $var
"axi_interconnect_wrap_4x2_tb.vcd", 550: 

*Error* Syntax error at $var
"axi_interconnect_wrap_4x2_tb.vcd", 551: 

*Error* Syntax error at $var
"axi_interconnect_wrap_4x2_tb.vcd", 552: 

*Error* Syntax error at $var
"axi_interconnect_wrap_4x2_tb.vcd", 553: 

*Error* Syntax error at $var
"axi_interconnect_wrap_4x2_tb.vcd", 554: 

*Error* Syntax error at $var
"axi_interconnect_wrap_4x2_tb.vcd", 555: 

*Error* Syntax error at $var
"axi_interconnect_wrap_4x2_tb.vcd", 556: 

*Error* Syntax error at $var
"axi_interconnect_wrap_4x2_tb.vcd", 557: 

*Error* Syntax error at $var
"axi_interconnect_wrap_4x2_tb.vcd", 558: 

*Error* Syntax error at $var
"axi_interconnect_wrap_4x2_tb.vcd", 559: 

*Error* Syntax error at $var
"axi_interconnect_wrap_4x2_tb.vcd", 560: 

*Error* Syntax error at $var
"axi_interconnect_wrap_4x2_tb.vcd", 561: 

*Error* Syntax error at $var
"axi_interconnect_wrap_4x2_tb.vcd", 562: 

*Error* Syntax error at $var
"axi_interconnect_wrap_4x2_tb.vcd", 563: 

*Error* Syntax error at $var
"axi_interconnect_wrap_4x2_tb.vcd", 564: 

*Error* Syntax error at $var
"axi_interconnect_wrap_4x2_tb.vcd", 565: 

*Error* Syntax error at $var
"axi_interconnect_wrap_4x2_tb.vcd", 566: 

*Error* Syntax error at $var
"axi_interconnect_wrap_4x2_tb.vcd", 567: 

*Error* Syntax error at $var
"axi_interconnect_wrap_4x2_tb.vcd", 568: 

*Error* Syntax error at $var
"axi_interconnect_wrap_4x2_tb.vcd", 569: 

*Error* Syntax error at $var
"axi_interconnect_wrap_4x2_tb.vcd", 570: 

*Error* Syntax error at $var
"axi_interconnect_wrap_4x2_tb.vcd", 571: 

*Error* Syntax error at $var
"axi_interconnect_wrap_4x2_tb.vcd", 572: 

*Error* Syntax error at $var
"axi_interconnect_wrap_4x2_tb.vcd", 573: 

*Error* Syntax error at $var
"axi_interconnect_wrap_4x2_tb.vcd", 574: 

*Error* Syntax error at $var
"axi_interconnect_wrap_4x2_tb.vcd", 575: 

*Error* Syntax error at $var
"axi_interconnect_wrap_4x2_tb.vcd", 576: 

*Error* Syntax error at $var
"axi_interconnect_wrap_4x2_tb.vcd", 577: 

*Error* Syntax error at $var
"axi_interconnect_wrap_4x2_tb.vcd", 578: 

*Error* Syntax error at $var
"axi_interconnect_wrap_4x2_tb.vcd", 579: 

*Error* Syntax error at $var
"axi_interconnect_wrap_4x2_tb.vcd", 580: 

*Error* Syntax error at $var
"axi_interconnect_wrap_4x2_tb.vcd", 581: 

*Error* Syntax error at $var
"axi_interconnect_wrap_4x2_tb.vcd", 582: 

*Error* Syntax error at $var
"axi_interconnect_wrap_4x2_tb.vcd", 583: 

*Error* Syntax error at $var
"axi_interconnect_wrap_4x2_tb.vcd", 584: 

*Error* Syntax error at $var
"axi_interconnect_wrap_4x2_tb.vcd", 585: 

*Error* Syntax error at $var
"axi_interconnect_wrap_4x2_tb.vcd", 586: 

*Error* Syntax error at $var
"axi_interconnect_wrap_4x2_tb.vcd", 587: 

*Error* Syntax error at $var
"axi_interconnect_wrap_4x2_tb.vcd", 588: 

*Error* Syntax error at $var
"axi_interconnect_wrap_4x2_tb.vcd", 589: 

*Error* Syntax error at $var
"axi_interconnect_wrap_4x2_tb.vcd", 590: 

*Error* Syntax error at $var
"axi_interconnect_wrap_4x2_tb.vcd", 591: 

*Error* Syntax error at $var
"axi_interconnect_wrap_4x2_tb.vcd", 592: 

*Error* Syntax error at $var
"axi_interconnect_wrap_4x2_tb.vcd", 593: 

*Error* Syntax error at $var
"axi_interconnect_wrap_4x2_tb.vcd", 594: 

*Error* Syntax error at $var
"axi_interconnect_wrap_4x2_tb.vcd", 595: 

*Error* Syntax error at $scope
"axi_interconnect_wrap_4x2_tb.vcd", 597: 

*Error* Syntax error at $var
"axi_interconnect_wrap_4x2_tb.vcd", 598: 

*Error* Syntax error at $var
"axi_interconnect_wrap_4x2_tb.vcd", 599: 

*Error* Syntax error at $upscope
"axi_interconnect_wrap_4x2_tb.vcd", 600: 

*Error* Syntax error at $scope
"axi_interconnect_wrap_4x2_tb.vcd", 603: 

*Error* Syntax error at $var
"axi_interconnect_wrap_4x2_tb.vcd", 604: 

*Error* Syntax error at $var
"axi_interconnect_wrap_4x2_tb.vcd", 605: 

*Error* Syntax error at $upscope
"axi_interconnect_wrap_4x2_tb.vcd", 606: 

*Error* Syntax error at $scope
"axi_interconnect_wrap_4x2_tb.vcd", 609: 

*Error* Syntax error at $var
"axi_interconnect_wrap_4x2_tb.vcd", 610: 

*Error* Syntax error at $var
"axi_interconnect_wrap_4x2_tb.vcd", 611: 

*Error* Syntax error at $upscope
"axi_interconnect_wrap_4x2_tb.vcd", 612: 

*Error* Syntax error at $scope
"axi_interconnect_wrap_4x2_tb.vcd", 615: 

*Error* Syntax error at $var
"axi_interconnect_wrap_4x2_tb.vcd", 616: 

*Error* Syntax error at $var
"axi_interconnect_wrap_4x2_tb.vcd", 617: 

*Error* Syntax error at $upscope
"axi_interconnect_wrap_4x2_tb.vcd", 618: 

*Error* Syntax error at $scope
"axi_interconnect_wrap_4x2_tb.vcd", 621: 

*Error* Syntax error at $var
"axi_interconnect_wrap_4x2_tb.vcd", 622: 

*Error* Syntax error at $var
"axi_interconnect_wrap_4x2_tb.vcd", 623: 

*Error* Syntax error at $var
"axi_interconnect_wrap_4x2_tb.vcd", 624: 

*Error* Syntax error at $var
"axi_interconnect_wrap_4x2_tb.vcd", 625: 

*Error* Syntax error at $var
"axi_interconnect_wrap_4x2_tb.vcd", 626: 

*Error* Syntax error at $var
"axi_interconnect_wrap_4x2_tb.vcd", 627: 

*Error* Syntax error at $var
"axi_interconnect_wrap_4x2_tb.vcd", 628: 

*Error* Syntax error at $var
"axi_interconnect_wrap_4x2_tb.vcd", 629: 

*Error* Syntax error at $var
"axi_interconnect_wrap_4x2_tb.vcd", 630: 

*Error* Syntax error at $var
"axi_interconnect_wrap_4x2_tb.vcd", 631: 

*Error* Syntax error at $var
"axi_interconnect_wrap_4x2_tb.vcd", 632: 

*Error* Syntax error at $var
"axi_interconnect_wrap_4x2_tb.vcd", 633: 

*Error* Syntax error at $var
"axi_interconnect_wrap_4x2_tb.vcd", 634: 

*Error* Syntax error at $var
"axi_interconnect_wrap_4x2_tb.vcd", 635: 

*Error* Syntax error at $var
"axi_interconnect_wrap_4x2_tb.vcd", 636: 

*Error* Syntax error at $var
"axi_interconnect_wrap_4x2_tb.vcd", 637: 

*Error* Syntax error at $var
"axi_interconnect_wrap_4x2_tb.vcd", 638: 

*Error* Syntax error at $var
"axi_interconnect_wrap_4x2_tb.vcd", 639: 

*Error* Syntax error at $var
"axi_interconnect_wrap_4x2_tb.vcd", 640: 

*Error* Syntax error at $var
"axi_interconnect_wrap_4x2_tb.vcd", 641: 

*Error* Syntax error at $var
"axi_interconnect_wrap_4x2_tb.vcd", 642: 

*Error* Syntax error at $var
"axi_interconnect_wrap_4x2_tb.vcd", 643: 

*Error* Syntax error at $var
"axi_interconnect_wrap_4x2_tb.vcd", 644: 

*Error* Syntax error at $var
"axi_interconnect_wrap_4x2_tb.vcd", 645: 

*Error* Syntax error at $var
"axi_interconnect_wrap_4x2_tb.vcd", 646: 

*Error* Syntax error at $var
"axi_interconnect_wrap_4x2_tb.vcd", 647: 

*Error* Syntax error at $var
"axi_interconnect_wrap_4x2_tb.vcd", 648: 

*Error* Syntax error at $var
"axi_interconnect_wrap_4x2_tb.vcd", 649: 

*Error* Syntax error at $var
"axi_interconnect_wrap_4x2_tb.vcd", 650: 

*Error* Syntax error at $var
"axi_interconnect_wrap_4x2_tb.vcd", 651: 

*Error* macro ` s_axi_arburst not defined
"axi_interconnect_wrap_4x2_tb.vcd", 651: 

*Error* Syntax error at $var
"axi_interconnect_wrap_4x2_tb.vcd", 652: 

*Error* Syntax error at $var
"axi_interconnect_wrap_4x2_tb.vcd", 653: 

*Error* Syntax error at $var
"axi_interconnect_wrap_4x2_tb.vcd", 654: 

*Error* Syntax error at $var
"axi_interconnect_wrap_4x2_tb.vcd", 655: 

*Error* Syntax error at $var
"axi_interconnect_wrap_4x2_tb.vcd", 656: 

*Error* Syntax error at $var
"axi_interconnect_wrap_4x2_tb.vcd", 657: 

*Error* Syntax error at $var
"axi_interconnect_wrap_4x2_tb.vcd", 658: 

*Error* Syntax error at $var
"axi_interconnect_wrap_4x2_tb.vcd", 659: 

*Error* Syntax error at $var
"axi_interconnect_wrap_4x2_tb.vcd", 660: 

*Error* Syntax error at $var
"axi_interconnect_wrap_4x2_tb.vcd", 661: 

*Error* Syntax error at $var
"axi_interconnect_wrap_4x2_tb.vcd", 662: 

*Error* Syntax error at $var
"axi_interconnect_wrap_4x2_tb.vcd", 663: 

*Error* Syntax error at $var
"axi_interconnect_wrap_4x2_tb.vcd", 664: 

*Error* Syntax error at $var
"axi_interconnect_wrap_4x2_tb.vcd", 665: 

*Error* Syntax error at $var
"axi_interconnect_wrap_4x2_tb.vcd", 666: 

*Error* Syntax error at $var
"axi_interconnect_wrap_4x2_tb.vcd", 667: 

*Error* Syntax error at $var
"axi_interconnect_wrap_4x2_tb.vcd", 668: 

*Error* Syntax error at $var
"axi_interconnect_wrap_4x2_tb.vcd", 669: 

*Error* Syntax error at $var
"axi_interconnect_wrap_4x2_tb.vcd", 670: 

*Error* Syntax error at $var
"axi_interconnect_wrap_4x2_tb.vcd", 671: 

*Error* Syntax error at $var
"axi_interconnect_wrap_4x2_tb.vcd", 672: 

*Error* Syntax error at $var
"axi_interconnect_wrap_4x2_tb.vcd", 673: 

*Error* Syntax error at $var
"axi_interconnect_wrap_4x2_tb.vcd", 674: 

*Error* Syntax error at $var
"axi_interconnect_wrap_4x2_tb.vcd", 675: 

*Error* Syntax error at $var
"axi_interconnect_wrap_4x2_tb.vcd", 676: 

*Error* Syntax error at $var
"axi_interconnect_wrap_4x2_tb.vcd", 677: 

*Error* Syntax error at $var
"axi_interconnect_wrap_4x2_tb.vcd", 678: 

*Error* Syntax error at $var
"axi_interconnect_wrap_4x2_tb.vcd", 679: 

*Error* Syntax error at $var
"axi_interconnect_wrap_4x2_tb.vcd", 680: 

*Error* Syntax error at $var
"axi_interconnect_wrap_4x2_tb.vcd", 681: 

*Error* Syntax error at $var
"axi_interconnect_wrap_4x2_tb.vcd", 682: 

*Error* Syntax error at $var
"axi_interconnect_wrap_4x2_tb.vcd", 683: 

*Error* Syntax error at $var
"axi_interconnect_wrap_4x2_tb.vcd", 684: 

*Error* Syntax error at $var
"axi_interconnect_wrap_4x2_tb.vcd", 685: 

*Error* Syntax error at $var
"axi_interconnect_wrap_4x2_tb.vcd", 686: 

*Error* Syntax error at $var
"axi_interconnect_wrap_4x2_tb.vcd", 687: 

*Error* Syntax error at $var
"axi_interconnect_wrap_4x2_tb.vcd", 688: 

*Error* Syntax error at $var
"axi_interconnect_wrap_4x2_tb.vcd", 689: 

*Error* Syntax error at $var
"axi_interconnect_wrap_4x2_tb.vcd", 690: 

*Error* Syntax error at $var
"axi_interconnect_wrap_4x2_tb.vcd", 691: 

*Error* Syntax error at $var
"axi_interconnect_wrap_4x2_tb.vcd", 692: 

*Error* Syntax error at $var
"axi_interconnect_wrap_4x2_tb.vcd", 693: 

*Error* Syntax error at $var
"axi_interconnect_wrap_4x2_tb.vcd", 694: 

*Error* Syntax error at $var
"axi_interconnect_wrap_4x2_tb.vcd", 695: 

*Error* Syntax error at $var
"axi_interconnect_wrap_4x2_tb.vcd", 696: 

*Error* Syntax error at $var
"axi_interconnect_wrap_4x2_tb.vcd", 697: 

*Error* Syntax error at $var
"axi_interconnect_wrap_4x2_tb.vcd", 698: 

*Error* Syntax error at $var
"axi_interconnect_wrap_4x2_tb.vcd", 699: 

*Error* Syntax error at $var
"axi_interconnect_wrap_4x2_tb.vcd", 700: 

*Error* Syntax error at $var
"axi_interconnect_wrap_4x2_tb.vcd", 701: 

*Error* Syntax error at $var
"axi_interconnect_wrap_4x2_tb.vcd", 702: 

*Error* Syntax error at $var
"axi_interconnect_wrap_4x2_tb.vcd", 703: 

*Error* Syntax error at $var
"axi_interconnect_wrap_4x2_tb.vcd", 704: 

*Error* Syntax error at $var
"axi_interconnect_wrap_4x2_tb.vcd", 705: 

*Error* Syntax error at $var
"axi_interconnect_wrap_4x2_tb.vcd", 706: 

*Error* Syntax error at $var
"axi_interconnect_wrap_4x2_tb.vcd", 707: 

*Error* Syntax error at $var
"axi_interconnect_wrap_4x2_tb.vcd", 708: 

*Error* Syntax error at $var
"axi_interconnect_wrap_4x2_tb.vcd", 709: 

*Error* Syntax error at $var
"axi_interconnect_wrap_4x2_tb.vcd", 710: 

*Error* Syntax error at $var
"axi_interconnect_wrap_4x2_tb.vcd", 711: 

*Error* Syntax error at $var
"axi_interconnect_wrap_4x2_tb.vcd", 712: 

*Error* Syntax error at $var
"axi_interconnect_wrap_4x2_tb.vcd", 713: 

*Error* Syntax error at $var
"axi_interconnect_wrap_4x2_tb.vcd", 714: 

*Error* Syntax error at $var
"axi_interconnect_wrap_4x2_tb.vcd", 715: 

*Error* Syntax error at $var
"axi_interconnect_wrap_4x2_tb.vcd", 716: 

*Error* Syntax error at $var
"axi_interconnect_wrap_4x2_tb.vcd", 717: 

*Error* Syntax error at $var
"axi_interconnect_wrap_4x2_tb.vcd", 718: 

*Error* Syntax error at $var
"axi_interconnect_wrap_4x2_tb.vcd", 719: 

*Error* Syntax error at $var
"axi_interconnect_wrap_4x2_tb.vcd", 720: 

*Error* Syntax error at $var
"axi_interconnect_wrap_4x2_tb.vcd", 721: 

*Error* Syntax error at $var
"axi_interconnect_wrap_4x2_tb.vcd", 722: 

*Error* Syntax error at $var
"axi_interconnect_wrap_4x2_tb.vcd", 723: 

*Error* Syntax error at $var
"axi_interconnect_wrap_4x2_tb.vcd", 724: 

*Error* Syntax error at $var
"axi_interconnect_wrap_4x2_tb.vcd", 725: 

*Error* Syntax error at $var
"axi_interconnect_wrap_4x2_tb.vcd", 726: 

*Error* Syntax error at $var
"axi_interconnect_wrap_4x2_tb.vcd", 727: 

*Error* Syntax error at $var
"axi_interconnect_wrap_4x2_tb.vcd", 728: 

*Error* Syntax error at $var
"axi_interconnect_wrap_4x2_tb.vcd", 729: 

*Error* Syntax error at $var
"axi_interconnect_wrap_4x2_tb.vcd", 730: 

*Error* Syntax error at $var
"axi_interconnect_wrap_4x2_tb.vcd", 731: 

*Error* Syntax error at $var
"axi_interconnect_wrap_4x2_tb.vcd", 732: 

*Error* Syntax error at $var
"axi_interconnect_wrap_4x2_tb.vcd", 733: 

*Error* Syntax error at $var
"axi_interconnect_wrap_4x2_tb.vcd", 734: 

*Error* Syntax error at $var
"axi_interconnect_wrap_4x2_tb.vcd", 735: 

*Error* Syntax error at $var
"axi_interconnect_wrap_4x2_tb.vcd", 736: 

*Error* Syntax error at $var
"axi_interconnect_wrap_4x2_tb.vcd", 737: 

*Error* Syntax error at $var
"axi_interconnect_wrap_4x2_tb.vcd", 738: 

*Error* Syntax error at $var
"axi_interconnect_wrap_4x2_tb.vcd", 739: 

*Error* Syntax error at $var
"axi_interconnect_wrap_4x2_tb.vcd", 740: 

*Error* Syntax error at $var
"axi_interconnect_wrap_4x2_tb.vcd", 741: 

*Error* Syntax error at $var
"axi_interconnect_wrap_4x2_tb.vcd", 742: 

*Error* Syntax error at $var
"axi_interconnect_wrap_4x2_tb.vcd", 743: 

*Error* Syntax error at $var
"axi_interconnect_wrap_4x2_tb.vcd", 744: 

*Error* Syntax error at $var
"axi_interconnect_wrap_4x2_tb.vcd", 745: 

*Error* Syntax error at $var
"axi_interconnect_wrap_4x2_tb.vcd", 746: 

*Error* Syntax error at $var
"axi_interconnect_wrap_4x2_tb.vcd", 747: 

*Error* Syntax error at $var
"axi_interconnect_wrap_4x2_tb.vcd", 748: 

*Error* Syntax error at $var
"axi_interconnect_wrap_4x2_tb.vcd", 749: 

*Error* Syntax error at $var
"axi_interconnect_wrap_4x2_tb.vcd", 750: 

*Error* Syntax error at $var
"axi_interconnect_wrap_4x2_tb.vcd", 751: 

*Error* Syntax error at $var
"axi_interconnect_wrap_4x2_tb.vcd", 752: 

*Error* Syntax error at $var
"axi_interconnect_wrap_4x2_tb.vcd", 753: 

*Error* Syntax error at $var
"axi_interconnect_wrap_4x2_tb.vcd", 754: 

*Error* Syntax error at $var
"axi_interconnect_wrap_4x2_tb.vcd", 755: 

*Error* Syntax error at $var
"axi_interconnect_wrap_4x2_tb.vcd", 756: 

*Error* Syntax error at $var
"axi_interconnect_wrap_4x2_tb.vcd", 757: 

*Error* Syntax error at $var
"axi_interconnect_wrap_4x2_tb.vcd", 758: 

*Error* Syntax error at $var
"axi_interconnect_wrap_4x2_tb.vcd", 759: 

*Error* Syntax error at $var
"axi_interconnect_wrap_4x2_tb.vcd", 760: 

*Error* Syntax error at $var
"axi_interconnect_wrap_4x2_tb.vcd", 761: 

*Error* Syntax error at $var
"axi_interconnect_wrap_4x2_tb.vcd", 762: 

*Error* Syntax error at $var
"axi_interconnect_wrap_4x2_tb.vcd", 763: 

*Error* Syntax error at $var
"axi_interconnect_wrap_4x2_tb.vcd", 764: 

*Error* macro ` s_axi_rresp_int not defined
"axi_interconnect_wrap_4x2_tb.vcd", 764: 

*Error* Syntax error at $var
"axi_interconnect_wrap_4x2_tb.vcd", 765: 

*Error* Syntax error at $var
"axi_interconnect_wrap_4x2_tb.vcd", 766: 

*Error* Syntax error at $var
"axi_interconnect_wrap_4x2_tb.vcd", 767: 

*Error* Syntax error at $var
"axi_interconnect_wrap_4x2_tb.vcd", 768: 

*Error* Syntax error at $var
"axi_interconnect_wrap_4x2_tb.vcd", 769: 

*Error* Syntax error at $var
"axi_interconnect_wrap_4x2_tb.vcd", 770: 

*Error* Syntax error at $var
"axi_interconnect_wrap_4x2_tb.vcd", 771: 

*Error* Syntax error at $var
"axi_interconnect_wrap_4x2_tb.vcd", 772: 

*Error* Syntax error at $var
"axi_interconnect_wrap_4x2_tb.vcd", 773: 

*Error* Syntax error at $var
"axi_interconnect_wrap_4x2_tb.vcd", 774: 

*Error* Syntax error at $var
"axi_interconnect_wrap_4x2_tb.vcd", 775: 

*Error* Syntax error at $var
"axi_interconnect_wrap_4x2_tb.vcd", 776: 

*Error* Syntax error at $var
"axi_interconnect_wrap_4x2_tb.vcd", 777: 

*Error* Syntax error at $var
"axi_interconnect_wrap_4x2_tb.vcd", 778: 

*Error* Syntax error at $var
"axi_interconnect_wrap_4x2_tb.vcd", 779: 

*Error* Syntax error at $var
"axi_interconnect_wrap_4x2_tb.vcd", 780: 

*Error* Syntax error at $var
"axi_interconnect_wrap_4x2_tb.vcd", 781: 

*Error* Syntax error at $var
"axi_interconnect_wrap_4x2_tb.vcd", 782: 

*Error* Syntax error at $var
"axi_interconnect_wrap_4x2_tb.vcd", 783: 

*Error* Syntax error at $var
"axi_interconnect_wrap_4x2_tb.vcd", 784: 

*Error* Syntax error at $var
"axi_interconnect_wrap_4x2_tb.vcd", 785: 

*Error* Syntax error at $var
"axi_interconnect_wrap_4x2_tb.vcd", 786: 

*Error* Syntax error at $var
"axi_interconnect_wrap_4x2_tb.vcd", 787: 

*Error* Syntax error at $var
"axi_interconnect_wrap_4x2_tb.vcd", 788: 

*Error* Syntax error at $var
"axi_interconnect_wrap_4x2_tb.vcd", 789: 

*Error* Syntax error at $var
"axi_interconnect_wrap_4x2_tb.vcd", 790: 

*Error* Syntax error at $var
"axi_interconnect_wrap_4x2_tb.vcd", 791: 

*Error* Syntax error at $var
"axi_interconnect_wrap_4x2_tb.vcd", 792: 

*Error* Syntax error at $var
"axi_interconnect_wrap_4x2_tb.vcd", 793: 

*Error* Syntax error at $var
"axi_interconnect_wrap_4x2_tb.vcd", 794: 

*Error* Syntax error at $var
"axi_interconnect_wrap_4x2_tb.vcd", 795: 

*Error* Syntax error at $var
"axi_interconnect_wrap_4x2_tb.vcd", 796: 

*Error* Syntax error at $var
"axi_interconnect_wrap_4x2_tb.vcd", 797: 

*Error* Syntax error at $var
"axi_interconnect_wrap_4x2_tb.vcd", 798: 

*Error* Syntax error at $var
"axi_interconnect_wrap_4x2_tb.vcd", 799: 

*Error* Syntax error at $var
"axi_interconnect_wrap_4x2_tb.vcd", 800: 

*Error* Syntax error at $var
"axi_interconnect_wrap_4x2_tb.vcd", 801: 

*Error* Syntax error at $var
"axi_interconnect_wrap_4x2_tb.vcd", 802: 

*Error* Syntax error at $var
"axi_interconnect_wrap_4x2_tb.vcd", 803: 

*Error* Syntax error at $var
"axi_interconnect_wrap_4x2_tb.vcd", 804: 

*Error* Syntax error at $var
"axi_interconnect_wrap_4x2_tb.vcd", 805: 

*Error* Syntax error at $var
"axi_interconnect_wrap_4x2_tb.vcd", 806: 

*Error* Syntax error at $var
"axi_interconnect_wrap_4x2_tb.vcd", 807: 

*Error* Syntax error at $var
"axi_interconnect_wrap_4x2_tb.vcd", 808: 

*Error* Syntax error at $var
"axi_interconnect_wrap_4x2_tb.vcd", 809: 

*Error* Syntax error at $var
"axi_interconnect_wrap_4x2_tb.vcd", 810: 

*Error* Syntax error at $var
"axi_interconnect_wrap_4x2_tb.vcd", 811: 

*Error* Syntax error at $var
"axi_interconnect_wrap_4x2_tb.vcd", 812: 

*Error* Syntax error at $var
"axi_interconnect_wrap_4x2_tb.vcd", 813: 

*Error* Syntax error at $var
"axi_interconnect_wrap_4x2_tb.vcd", 814: 

*Error* Syntax error at $var
"axi_interconnect_wrap_4x2_tb.vcd", 815: 

*Error* Syntax error at $var
"axi_interconnect_wrap_4x2_tb.vcd", 816: 

*Error* Syntax error at $var
"axi_interconnect_wrap_4x2_tb.vcd", 817: 

*Error* Syntax error at $var
"axi_interconnect_wrap_4x2_tb.vcd", 818: 

*Error* Syntax error at $var
"axi_interconnect_wrap_4x2_tb.vcd", 819: 

*Error* Syntax error at $var
"axi_interconnect_wrap_4x2_tb.vcd", 820: 

*Error* Syntax error at $var
"axi_interconnect_wrap_4x2_tb.vcd", 821: 

*Error* Syntax error at $var
"axi_interconnect_wrap_4x2_tb.vcd", 822: 

*Error* Syntax error at $var
"axi_interconnect_wrap_4x2_tb.vcd", 823: 

*Error* Syntax error at $var
"axi_interconnect_wrap_4x2_tb.vcd", 824: 

*Error* Syntax error at $var
"axi_interconnect_wrap_4x2_tb.vcd", 825: 

*Error* Syntax error at $var
"axi_interconnect_wrap_4x2_tb.vcd", 826: 

*Error* Syntax error at $var
"axi_interconnect_wrap_4x2_tb.vcd", 827: 

*Error* Syntax error at $var
"axi_interconnect_wrap_4x2_tb.vcd", 828: 

*Error* Syntax error at $var
"axi_interconnect_wrap_4x2_tb.vcd", 829: 

*Error* Syntax error at $var
"axi_interconnect_wrap_4x2_tb.vcd", 830: 

*Error* Syntax error at $var
"axi_interconnect_wrap_4x2_tb.vcd", 831: 

*Error* Syntax error at $var
"axi_interconnect_wrap_4x2_tb.vcd", 832: 

*Error* Syntax error at $var
"axi_interconnect_wrap_4x2_tb.vcd", 833: 

*Error* Syntax error at $var
"axi_interconnect_wrap_4x2_tb.vcd", 834: 

*Error* Syntax error at $var
"axi_interconnect_wrap_4x2_tb.vcd", 835: 

*Error* Syntax error at $var
"axi_interconnect_wrap_4x2_tb.vcd", 836: 

*Error* Syntax error at $var
"axi_interconnect_wrap_4x2_tb.vcd", 837: 

*Error* Syntax error at $var
"axi_interconnect_wrap_4x2_tb.vcd", 838: 

*Error* Syntax error at $var
"axi_interconnect_wrap_4x2_tb.vcd", 839: 

*Error* Syntax error at $var
"axi_interconnect_wrap_4x2_tb.vcd", 840: 

*Error* Syntax error at $var
"axi_interconnect_wrap_4x2_tb.vcd", 841: 

*Error* Syntax error at $var
"axi_interconnect_wrap_4x2_tb.vcd", 842: 

*Error* Syntax error at $var
"axi_interconnect_wrap_4x2_tb.vcd", 843: 

*Error* Syntax error at $var
"axi_interconnect_wrap_4x2_tb.vcd", 844: 

*Error* Syntax error at $var
"axi_interconnect_wrap_4x2_tb.vcd", 845: 

*Error* Syntax error at $var
"axi_interconnect_wrap_4x2_tb.vcd", 846: 

*Error* Syntax error at $var
"axi_interconnect_wrap_4x2_tb.vcd", 847: 

*Error* Syntax error at $var
"axi_interconnect_wrap_4x2_tb.vcd", 848: 

*Error* Syntax error at $var
"axi_interconnect_wrap_4x2_tb.vcd", 849: 

*Error* Syntax error at $var
"axi_interconnect_wrap_4x2_tb.vcd", 850: 

*Error* Syntax error at $var
"axi_interconnect_wrap_4x2_tb.vcd", 851: 

*Error* Syntax error at $var
"axi_interconnect_wrap_4x2_tb.vcd", 852: 

*Error* Syntax error at $var
"axi_interconnect_wrap_4x2_tb.vcd", 853: 

*Error* Syntax error at $var
"axi_interconnect_wrap_4x2_tb.vcd", 854: 

*Error* Syntax error at $var
"axi_interconnect_wrap_4x2_tb.vcd", 855: 

*Error* Syntax error at $var
"axi_interconnect_wrap_4x2_tb.vcd", 856: 

*Error* Syntax error at $var
"axi_interconnect_wrap_4x2_tb.vcd", 857: 

*Error* Syntax error at $var
"axi_interconnect_wrap_4x2_tb.vcd", 858: 

*Error* Syntax error at $var
"axi_interconnect_wrap_4x2_tb.vcd", 859: 

*Error* macro ` current_m_axi_rresp not defined
"axi_interconnect_wrap_4x2_tb.vcd", 859: 

*Error* Syntax error at $var
"axi_interconnect_wrap_4x2_tb.vcd", 860: 

*Error* Syntax error at $var
"axi_interconnect_wrap_4x2_tb.vcd", 861: 

*Error* Syntax error at $var
"axi_interconnect_wrap_4x2_tb.vcd", 862: 

*Error* Syntax error at $var
"axi_interconnect_wrap_4x2_tb.vcd", 863: 

*Error* Syntax error at $var
"axi_interconnect_wrap_4x2_tb.vcd", 864: 

*Error* Syntax error at $var
"axi_interconnect_wrap_4x2_tb.vcd", 865: 

*Error* Syntax error at $var
"axi_interconnect_wrap_4x2_tb.vcd", 866: 

*Error* Syntax error at $var
"axi_interconnect_wrap_4x2_tb.vcd", 867: 

*Error* Syntax error at $var
"axi_interconnect_wrap_4x2_tb.vcd", 868: 

*Error* Syntax error at $var
"axi_interconnect_wrap_4x2_tb.vcd", 869: 

*Error* Syntax error at $var
"axi_interconnect_wrap_4x2_tb.vcd", 870: 

*Error* Syntax error at $var
"axi_interconnect_wrap_4x2_tb.vcd", 871: 

*Error* Syntax error at $var
"axi_interconnect_wrap_4x2_tb.vcd", 872: 

*Error* Syntax error at $var
"axi_interconnect_wrap_4x2_tb.vcd", 873: 

*Error* Syntax error at $var
"axi_interconnect_wrap_4x2_tb.vcd", 874: 

*Error* Syntax error at $var
"axi_interconnect_wrap_4x2_tb.vcd", 875: 

*Error* Syntax error at $var
"axi_interconnect_wrap_4x2_tb.vcd", 876: 

*Error* Syntax error at $var
"axi_interconnect_wrap_4x2_tb.vcd", 877: 

*Error* Syntax error at $var
"axi_interconnect_wrap_4x2_tb.vcd", 878: 

*Error* Syntax error at $var
"axi_interconnect_wrap_4x2_tb.vcd", 879: 

*Error* Syntax error at $var
"axi_interconnect_wrap_4x2_tb.vcd", 880: 

*Error* Syntax error at $var
"axi_interconnect_wrap_4x2_tb.vcd", 881: 

*Error* Syntax error at $var
"axi_interconnect_wrap_4x2_tb.vcd", 882: 

*Error* Syntax error at $var
"axi_interconnect_wrap_4x2_tb.vcd", 883: 

*Error* Syntax error at $var
"axi_interconnect_wrap_4x2_tb.vcd", 884: 

*Error* Syntax error at $var
"axi_interconnect_wrap_4x2_tb.vcd", 885: 

*Error* Syntax error at $var
"axi_interconnect_wrap_4x2_tb.vcd", 886: 

*Error* Syntax error at $var
"axi_interconnect_wrap_4x2_tb.vcd", 887: 

*Error* Syntax error at $var
"axi_interconnect_wrap_4x2_tb.vcd", 888: 

*Error* Syntax error at $var
"axi_interconnect_wrap_4x2_tb.vcd", 889: 

*Error* Syntax error at $var
"axi_interconnect_wrap_4x2_tb.vcd", 890: 

*Error* Syntax error at $var
"axi_interconnect_wrap_4x2_tb.vcd", 891: 

*Error* Syntax error at $var
"axi_interconnect_wrap_4x2_tb.vcd", 892: 

*Error* Syntax error at $var
"axi_interconnect_wrap_4x2_tb.vcd", 893: 

*Error* Syntax error at $var
"axi_interconnect_wrap_4x2_tb.vcd", 894: 

*Error* Syntax error at $var
"axi_interconnect_wrap_4x2_tb.vcd", 895: 

*Error* Syntax error at $var
"axi_interconnect_wrap_4x2_tb.vcd", 896: 

*Error* Syntax error at $var
"axi_interconnect_wrap_4x2_tb.vcd", 897: 

*Error* Syntax error at $var
"axi_interconnect_wrap_4x2_tb.vcd", 898: 

*Error* Syntax error at $var
"axi_interconnect_wrap_4x2_tb.vcd", 899: 

*Error* Syntax error at $var
"axi_interconnect_wrap_4x2_tb.vcd", 900: 

*Error* Syntax error at $var
"axi_interconnect_wrap_4x2_tb.vcd", 901: 

*Error* Syntax error at $scope
"axi_interconnect_wrap_4x2_tb.vcd", 903: 

*Error* Syntax error at $var
"axi_interconnect_wrap_4x2_tb.vcd", 904: 

*Error* Syntax error at $var
"axi_interconnect_wrap_4x2_tb.vcd", 905: 

*Error* Syntax error at $var
"axi_interconnect_wrap_4x2_tb.vcd", 906: 

*Error* Syntax error at $var
"axi_interconnect_wrap_4x2_tb.vcd", 907: 

*Error* Syntax error at $var
"axi_interconnect_wrap_4x2_tb.vcd", 908: 

*Error* Syntax error at $var
"axi_interconnect_wrap_4x2_tb.vcd", 909: 

*Error* Syntax error at $var
"axi_interconnect_wrap_4x2_tb.vcd", 910: 

*Error* Syntax error at $upscope
"axi_interconnect_wrap_4x2_tb.vcd", 911: 

*Error* Syntax error at $scope
"axi_interconnect_wrap_4x2_tb.vcd", 914: 

*Error* Syntax error at $var
"axi_interconnect_wrap_4x2_tb.vcd", 915: 

*Error* Syntax error at $var
"axi_interconnect_wrap_4x2_tb.vcd", 916: 

*Error* Syntax error at $var
"axi_interconnect_wrap_4x2_tb.vcd", 917: 

*Error* Syntax error at $var
"axi_interconnect_wrap_4x2_tb.vcd", 918: 

*Error* Syntax error at $var
"axi_interconnect_wrap_4x2_tb.vcd", 919: 

*Error* Syntax error at $var
"axi_interconnect_wrap_4x2_tb.vcd", 920: 

*Error* Syntax error at $var
"axi_interconnect_wrap_4x2_tb.vcd", 921: 

*Error* Syntax error at $var
"axi_interconnect_wrap_4x2_tb.vcd", 922: 

*Error* Syntax error at $var
"axi_interconnect_wrap_4x2_tb.vcd", 923: 

*Error* Syntax error at $var
"axi_interconnect_wrap_4x2_tb.vcd", 924: 

*Error* Syntax error at $var
"axi_interconnect_wrap_4x2_tb.vcd", 925: 

*Error* Syntax error at $var
"axi_interconnect_wrap_4x2_tb.vcd", 926: 

*Error* Syntax error at $var
"axi_interconnect_wrap_4x2_tb.vcd", 927: 

*Error* Syntax error at $var
"axi_interconnect_wrap_4x2_tb.vcd", 928: 

*Error* Syntax error at $var
"axi_interconnect_wrap_4x2_tb.vcd", 929: 

*Error* Syntax error at $var
"axi_interconnect_wrap_4x2_tb.vcd", 930: 

*Error* Syntax error at $var
"axi_interconnect_wrap_4x2_tb.vcd", 931: 

*Error* Syntax error at $var
"axi_interconnect_wrap_4x2_tb.vcd", 932: 

*Error* Syntax error at $var
"axi_interconnect_wrap_4x2_tb.vcd", 933: 

*Error* Syntax error at $var
"axi_interconnect_wrap_4x2_tb.vcd", 934: 

*Error* Syntax error at $var
"axi_interconnect_wrap_4x2_tb.vcd", 935: 

*Error* Syntax error at $scope
"axi_interconnect_wrap_4x2_tb.vcd", 937: 

*Error* Syntax error at $var
"axi_interconnect_wrap_4x2_tb.vcd", 938: 

*Error* Syntax error at $var
"axi_interconnect_wrap_4x2_tb.vcd", 939: 

*Error* Syntax error at $var
"axi_interconnect_wrap_4x2_tb.vcd", 940: 

*Error* Syntax error at $var
"axi_interconnect_wrap_4x2_tb.vcd", 941: 

*Error* Syntax error at $var
"axi_interconnect_wrap_4x2_tb.vcd", 942: 

*Error* Syntax error at $upscope
"axi_interconnect_wrap_4x2_tb.vcd", 943: 

*Error* Syntax error at $scope
"axi_interconnect_wrap_4x2_tb.vcd", 946: 

*Error* Syntax error at $var
"axi_interconnect_wrap_4x2_tb.vcd", 947: 

*Error* Syntax error at $var
"axi_interconnect_wrap_4x2_tb.vcd", 948: 

*Error* Syntax error at $var
"axi_interconnect_wrap_4x2_tb.vcd", 949: 

*Error* Syntax error at $var
"axi_interconnect_wrap_4x2_tb.vcd", 950: 

*Error* Syntax error at $var
"axi_interconnect_wrap_4x2_tb.vcd", 951: 

*Error* Syntax error at $upscope
"axi_interconnect_wrap_4x2_tb.vcd", 952: 

*Error* Syntax error at $upscope
"axi_interconnect_wrap_4x2_tb.vcd", 954: 

*Error* Syntax error at $upscope
"axi_interconnect_wrap_4x2_tb.vcd", 956: 

*Error* Syntax error at $upscope
"axi_interconnect_wrap_4x2_tb.vcd", 958: 

*Error* Syntax error at $upscope
"axi_interconnect_wrap_4x2_tb.vcd", 960: 

*Error* Syntax error at $enddefinitions
"axi_interconnect_wrap_4x2_tb.vcd", 962: 

*Error* usage of using constructs outside of modules or primitives is supported only if the option '-sv' is specified
"axi_interconnect_wrap_4x2_tb.vcd", 964: 

*Error* Syntax error at #
"axi_interconnect_wrap_4x2_tb.vcd", 964: 

*Error* Syntax error at $dumpvars
"axi_interconnect_wrap_4x2_tb.vcd", 965: 

*Error* Syntax error at 0
"axi_interconnect_wrap_4x2_tb.vcd", 966: 

*Error* Syntax error at 0
"axi_interconnect_wrap_4x2_tb.vcd", 967: 

*Error* Syntax error at 0
"axi_interconnect_wrap_4x2_tb.vcd", 968: 

*Error* Syntax error at 0
"axi_interconnect_wrap_4x2_tb.vcd", 969: 

*Error* Syntax error at 0
"axi_interconnect_wrap_4x2_tb.vcd", 970: 

*Error* Syntax error at 0
"axi_interconnect_wrap_4x2_tb.vcd", 971: 

*Error* Syntax error at 0
"axi_interconnect_wrap_4x2_tb.vcd", 972: 

*Error* Syntax error at 0
"axi_interconnect_wrap_4x2_tb.vcd", 973: 

*Error* Syntax error at 0
"axi_interconnect_wrap_4x2_tb.vcd", 974: 

*Error* Syntax error at 0
"axi_interconnect_wrap_4x2_tb.vcd", 975: 

*Error* Syntax error at 0
"axi_interconnect_wrap_4x2_tb.vcd", 976: 

*Error* Syntax error at 0
"axi_interconnect_wrap_4x2_tb.vcd", 977: 

*Error* Syntax error at 0
"axi_interconnect_wrap_4x2_tb.vcd", 978: 

*Error* Syntax error at 0
"axi_interconnect_wrap_4x2_tb.vcd", 979: 

*Error* Syntax error at 0
"axi_interconnect_wrap_4x2_tb.vcd", 980: 

*Error* Syntax error at 0
"axi_interconnect_wrap_4x2_tb.vcd", 981: 

*Error* Syntax error at 0
"axi_interconnect_wrap_4x2_tb.vcd", 982: 

*Error* Syntax error at 0
"axi_interconnect_wrap_4x2_tb.vcd", 983: 

*Error* Syntax error at 0
"axi_interconnect_wrap_4x2_tb.vcd", 984: 

*Error* Syntax error at 0
"axi_interconnect_wrap_4x2_tb.vcd", 985: 

*Error* Syntax error at 0
"axi_interconnect_wrap_4x2_tb.vcd", 986: 

*Error* Syntax error at 1
"axi_interconnect_wrap_4x2_tb.vcd", 987: 

*Error* Syntax error at 0
"axi_interconnect_wrap_4x2_tb.vcd", 988: 

*Error* Syntax error at 0
"axi_interconnect_wrap_4x2_tb.vcd", 989: 

*Error* Syntax error at 0
"axi_interconnect_wrap_4x2_tb.vcd", 990: 

*Error* Syntax error at 0
"axi_interconnect_wrap_4x2_tb.vcd", 991: 

*Error* Syntax error at 0
"axi_interconnect_wrap_4x2_tb.vcd", 992: 

*Error* Syntax error at 0
"axi_interconnect_wrap_4x2_tb.vcd", 993: 

*Error* Syntax error at 0
"axi_interconnect_wrap_4x2_tb.vcd", 994: 

*Error* Syntax error at 0
"axi_interconnect_wrap_4x2_tb.vcd", 995: 

*Error* Syntax error at 0
"axi_interconnect_wrap_4x2_tb.vcd", 996: 

*Error* Syntax error at 0
"axi_interconnect_wrap_4x2_tb.vcd", 997: 

*Error* Syntax error at 07
"axi_interconnect_wrap_4x2_tb.vcd", 998: 

*Error* Syntax error at 0
"axi_interconnect_wrap_4x2_tb.vcd", 999: 

*Error* Syntax error at 0
"axi_interconnect_wrap_4x2_tb.vcd", 1000: 

*Error* Syntax error at 0
"axi_interconnect_wrap_4x2_tb.vcd", 1001: 

*Error* Syntax error at 0
"axi_interconnect_wrap_4x2_tb.vcd", 1002: 

*Error* Syntax error at 0
"axi_interconnect_wrap_4x2_tb.vcd", 1003: 

*Error* Syntax error at 0
"axi_interconnect_wrap_4x2_tb.vcd", 1004: 

*Error* Syntax error at 0
"axi_interconnect_wrap_4x2_tb.vcd", 1005: 

*Error* Syntax error at 0
"axi_interconnect_wrap_4x2_tb.vcd", 1006: 

*Error* Syntax error at 0
"axi_interconnect_wrap_4x2_tb.vcd", 1007: 

*Error* Syntax error at 0
"axi_interconnect_wrap_4x2_tb.vcd", 1008: 

*Error* Syntax error at 0
"axi_interconnect_wrap_4x2_tb.vcd", 1009: 

*Error* Syntax error at 0
"axi_interconnect_wrap_4x2_tb.vcd", 1010: 

*Error* Syntax error at 0
"axi_interconnect_wrap_4x2_tb.vcd", 1011: 

*Error* Syntax error at 0
"axi_interconnect_wrap_4x2_tb.vcd", 1012: 

*Error* Syntax error at 0
"axi_interconnect_wrap_4x2_tb.vcd", 1013: 

*Error* Syntax error at 0
"axi_interconnect_wrap_4x2_tb.vcd", 1014: 

*Error* Syntax error at 0
"axi_interconnect_wrap_4x2_tb.vcd", 1015: 

*Error* Syntax error at 0
"axi_interconnect_wrap_4x2_tb.vcd", 1016: 

*Error* Syntax error at 0
"axi_interconnect_wrap_4x2_tb.vcd", 1017: 

*Error* Syntax error at 0
"axi_interconnect_wrap_4x2_tb.vcd", 1018: 

*Error* Syntax error at 0
"axi_interconnect_wrap_4x2_tb.vcd", 1019: 

*Error* Syntax error at 0
"axi_interconnect_wrap_4x2_tb.vcd", 1020: 

*Error* Syntax error at 0
"axi_interconnect_wrap_4x2_tb.vcd", 1021: 

*Error* Syntax error at 0
"axi_interconnect_wrap_4x2_tb.vcd", 1022: 

*Error* Syntax error at 0
"axi_interconnect_wrap_4x2_tb.vcd", 1023: 

*Error* Syntax error at 0
"axi_interconnect_wrap_4x2_tb.vcd", 1024: 

*Error* Syntax error at 0
"axi_interconnect_wrap_4x2_tb.vcd", 1025: 

*Error* Syntax error at 1
"axi_interconnect_wrap_4x2_tb.vcd", 1026: 

*Error* Syntax error at 0
"axi_interconnect_wrap_4x2_tb.vcd", 1027: 

*Error* Syntax error at 0
"axi_interconnect_wrap_4x2_tb.vcd", 1028: 

*Error* Syntax error at 0
"axi_interconnect_wrap_4x2_tb.vcd", 1029: 

*Error* Syntax error at 0
"axi_interconnect_wrap_4x2_tb.vcd", 1030: 

*Error* Syntax error at 0
"axi_interconnect_wrap_4x2_tb.vcd", 1031: 

*Error* Syntax error at 0
"axi_interconnect_wrap_4x2_tb.vcd", 1032: 

*Error* Syntax error at 0
"axi_interconnect_wrap_4x2_tb.vcd", 1033: 

*Error* Syntax error at 0
"axi_interconnect_wrap_4x2_tb.vcd", 1034: 

*Error* Syntax error at 1
"axi_interconnect_wrap_4x2_tb.vcd", 1035: 

*Error* Syntax error at 0
"axi_interconnect_wrap_4x2_tb.vcd", 1036: 

*Error* Syntax error at 0E
"axi_interconnect_wrap_4x2_tb.vcd", 1037: 

*Error* Syntax error at 0
"axi_interconnect_wrap_4x2_tb.vcd", 1038: 

*Error* Syntax error at 0
"axi_interconnect_wrap_4x2_tb.vcd", 1039: 

*Error* Syntax error at 0.
"axi_interconnect_wrap_4x2_tb.vcd", 1040: 

*Error* Syntax error at 0
"axi_interconnect_wrap_4x2_tb.vcd", 1041: 

*Error* Syntax error at 19
"axi_interconnect_wrap_4x2_tb.vcd", 1042: 

*Error* Syntax error at 08
"axi_interconnect_wrap_4x2_tb.vcd", 1043: 

*Error* Syntax error at 1
"axi_interconnect_wrap_4x2_tb.vcd", 1044: 

*Error* Syntax error at 0
"axi_interconnect_wrap_4x2_tb.vcd", 1045: 

*Error* Syntax error at 01
"axi_interconnect_wrap_4x2_tb.vcd", 1046: 

*Error* Syntax error at 04
"axi_interconnect_wrap_4x2_tb.vcd", 1047: 

*Error* Syntax error at 02
"axi_interconnect_wrap_4x2_tb.vcd", 1048: 

*Error* Syntax error at 03
"axi_interconnect_wrap_4x2_tb.vcd", 1049: 

*Error* Syntax error at 0e
"axi_interconnect_wrap_4x2_tb.vcd", 1050: 

*Error* Syntax error at 0
"axi_interconnect_wrap_4x2_tb.vcd", 1051: 

*Error* Syntax error at 0
"axi_interconnect_wrap_4x2_tb.vcd", 1052: 

*Error* Syntax error at 0
"axi_interconnect_wrap_4x2_tb.vcd", 1053: 

*Error* Syntax error at 0
"axi_interconnect_wrap_4x2_tb.vcd", 1054: 

*Error* Syntax error at 0
"axi_interconnect_wrap_4x2_tb.vcd", 1055: 

*Error* Syntax error at 1_
"axi_interconnect_wrap_4x2_tb.vcd", 1056: 

*Error* Syntax error at 0
"axi_interconnect_wrap_4x2_tb.vcd", 1057: 

*Error* Syntax error at 1
"axi_interconnect_wrap_4x2_tb.vcd", 1058: 

*Error* Syntax error at 0
"axi_interconnect_wrap_4x2_tb.vcd", 1059: 

*Error* Syntax error at 0
"axi_interconnect_wrap_4x2_tb.vcd", 1060: 

*Error* Syntax error at 0
"axi_interconnect_wrap_4x2_tb.vcd", 1061: 

*Error* Syntax error at 0
"axi_interconnect_wrap_4x2_tb.vcd", 1062: 

*Error* Syntax error at 0
"axi_interconnect_wrap_4x2_tb.vcd", 1063: 

*Error* Syntax error at 0
"axi_interconnect_wrap_4x2_tb.vcd", 1064: 

*Error* Syntax error at 0
"axi_interconnect_wrap_4x2_tb.vcd", 1065: 

*Error* Syntax error at 0
"axi_interconnect_wrap_4x2_tb.vcd", 1066: 

*Error* Syntax error at 0s
"axi_interconnect_wrap_4x2_tb.vcd", 1067: 

*Error* Syntax error at 0
"axi_interconnect_wrap_4x2_tb.vcd", 1068: 

*Error* Syntax error at 0
"axi_interconnect_wrap_4x2_tb.vcd", 1069: 

*Error* Syntax error at 1
"axi_interconnect_wrap_4x2_tb.vcd", 1070: 

*Error* Syntax error at 0
"axi_interconnect_wrap_4x2_tb.vcd", 1071: 

*Error* Syntax error at 1
"axi_interconnect_wrap_4x2_tb.vcd", 1072: 

*Error* Syntax error at 0
"axi_interconnect_wrap_4x2_tb.vcd", 1073: 

*Error* Syntax error at 0
"axi_interconnect_wrap_4x2_tb.vcd", 1074: 

*Error* Syntax error at 0
"axi_interconnect_wrap_4x2_tb.vcd", 1075: 

*Error* Syntax error at 0
"axi_interconnect_wrap_4x2_tb.vcd", 1076: 

*Error* Syntax error at 0
"axi_interconnect_wrap_4x2_tb.vcd", 1077: 

*Error* Syntax error at 0
"axi_interconnect_wrap_4x2_tb.vcd", 1078: 

*Error* Syntax error at 0
"axi_interconnect_wrap_4x2_tb.vcd", 1079: 

*Error* Syntax error at 0
"axi_interconnect_wrap_4x2_tb.vcd", 1080: 

*Error* Syntax error at 0
"axi_interconnect_wrap_4x2_tb.vcd", 1081: 

*Error* Syntax error at 0
"axi_interconnect_wrap_4x2_tb.vcd", 1082: 

*Error* Syntax error at 0
"axi_interconnect_wrap_4x2_tb.vcd", 1083: 

*Error* Syntax error at 1
"axi_interconnect_wrap_4x2_tb.vcd", 1084: 

*Error* Syntax error at 0
"axi_interconnect_wrap_4x2_tb.vcd", 1085: 

*Error* Syntax error at 0
"axi_interconnect_wrap_4x2_tb.vcd", 1086: 

*Error* Syntax error at 1
"axi_interconnect_wrap_4x2_tb.vcd", 1087: 

*Error* Syntax error at 0
"axi_interconnect_wrap_4x2_tb.vcd", 1088: 

*Error* Syntax error at 0
"axi_interconnect_wrap_4x2_tb.vcd", 1089: 

*Error* Syntax error at 0
"axi_interconnect_wrap_4x2_tb.vcd", 1090: 

*Error* Syntax error at 0
"axi_interconnect_wrap_4x2_tb.vcd", 1091: 

*Error* Syntax error at 0
"axi_interconnect_wrap_4x2_tb.vcd", 1092: 

*Error* Syntax error at 0
"axi_interconnect_wrap_4x2_tb.vcd", 1093: 

*Error* Syntax error at 0
"axi_interconnect_wrap_4x2_tb.vcd", 1094: 

*Error* Syntax error at 1
"axi_interconnect_wrap_4x2_tb.vcd", 1095: 

*Error* Syntax error at 0
"axi_interconnect_wrap_4x2_tb.vcd", 1096: 

*Error* Syntax error at 0
"axi_interconnect_wrap_4x2_tb.vcd", 1097: 

*Error* Syntax error at 0
"axi_interconnect_wrap_4x2_tb.vcd", 1098: 

*Error* Syntax error at 0
"axi_interconnect_wrap_4x2_tb.vcd", 1099: 

*Error* Syntax error at 0
"axi_interconnect_wrap_4x2_tb.vcd", 1100: 

*Error* Syntax error at 0
"axi_interconnect_wrap_4x2_tb.vcd", 1101: 

*Error* Syntax error at 1
"axi_interconnect_wrap_4x2_tb.vcd", 1102: 

*Error* Syntax error at 0
"axi_interconnect_wrap_4x2_tb.vcd", 1103: 

*Error* Syntax error at 0
"axi_interconnect_wrap_4x2_tb.vcd", 1104: 

*Error* Syntax error at 0
"axi_interconnect_wrap_4x2_tb.vcd", 1105: 

*Error* Syntax error at x
"axi_interconnect_wrap_4x2_tb.vcd", 1106: 

*Error* Syntax error at xx
"axi_interconnect_wrap_4x2_tb.vcd", 1107: 

*Error* Syntax error at xV
"axi_interconnect_wrap_4x2_tb.vcd", 1108: 

*Error* Syntax error at x
"axi_interconnect_wrap_4x2_tb.vcd", 1109: 

*Error* Syntax error at x
"axi_interconnect_wrap_4x2_tb.vcd", 1110: 

*Error* Syntax error at x
"axi_interconnect_wrap_4x2_tb.vcd", 1111: 

*Error* Syntax error at x
"axi_interconnect_wrap_4x2_tb.vcd", 1112: 

*Error* Syntax error at x
"axi_interconnect_wrap_4x2_tb.vcd", 1113: 

*Error* Syntax error at x$x
"axi_interconnect_wrap_4x2_tb.vcd", 1114: 

*Error* Syntax error at x
"axi_interconnect_wrap_4x2_tb.vcd", 1115: 

*Error* Syntax error at x
"axi_interconnect_wrap_4x2_tb.vcd", 1116: 

*Error* Syntax error at x
"axi_interconnect_wrap_4x2_tb.vcd", 1117: 

*Error* Syntax error at x
"axi_interconnect_wrap_4x2_tb.vcd", 1118: 

*Error* Syntax error at x
"axi_interconnect_wrap_4x2_tb.vcd", 1119: 

*Error* Syntax error at x
"axi_interconnect_wrap_4x2_tb.vcd", 1120: 

*Error* Syntax error at x
"axi_interconnect_wrap_4x2_tb.vcd", 1121: 

*Error* Syntax error at xj
"axi_interconnect_wrap_4x2_tb.vcd", 1122: 

*Error* Syntax error at x
"axi_interconnect_wrap_4x2_tb.vcd", 1123: 

*Error* Syntax error at x
"axi_interconnect_wrap_4x2_tb.vcd", 1124: 

*Error* Syntax error at xD
"axi_interconnect_wrap_4x2_tb.vcd", 1125: 

*Error* Syntax error at x
"axi_interconnect_wrap_4x2_tb.vcd", 1126: 

*Error* Syntax error at x
"axi_interconnect_wrap_4x2_tb.vcd", 1127: 

*Error* Syntax error at x
"axi_interconnect_wrap_4x2_tb.vcd", 1128: 

*Error* Syntax error at x$y
"axi_interconnect_wrap_4x2_tb.vcd", 1129: 

*Error* Syntax error at x
"axi_interconnect_wrap_4x2_tb.vcd", 1130: 

*Error* Syntax error at x
"axi_interconnect_wrap_4x2_tb.vcd", 1131: 

*Error* Syntax error at x
"axi_interconnect_wrap_4x2_tb.vcd", 1132: 

*Error* Syntax error at 0
"axi_interconnect_wrap_4x2_tb.vcd", 1133: 

*Error* Syntax error at 0
"axi_interconnect_wrap_4x2_tb.vcd", 1134: 

*Error* Syntax error at 0
"axi_interconnect_wrap_4x2_tb.vcd", 1135: 

*Error* Syntax error at 0
"axi_interconnect_wrap_4x2_tb.vcd", 1136: 

*Error* Syntax error at 0
"axi_interconnect_wrap_4x2_tb.vcd", 1137: 

*Error* Syntax error at 0
"axi_interconnect_wrap_4x2_tb.vcd", 1138: 

*Error* Syntax error at 0
"axi_interconnect_wrap_4x2_tb.vcd", 1139: 

*Error* Syntax error at 0
"axi_interconnect_wrap_4x2_tb.vcd", 1140: 

*Error* Syntax error at x
"axi_interconnect_wrap_4x2_tb.vcd", 1141: 

*Error* Syntax error at x
"axi_interconnect_wrap_4x2_tb.vcd", 1142: 

*Error* Syntax error at x
"axi_interconnect_wrap_4x2_tb.vcd", 1143: 

*Error* Syntax error at b00000000
"axi_interconnect_wrap_4x2_tb.vcd", 1144: 

*Error* Syntax error at b00000000000000000000000000000000
"axi_interconnect_wrap_4x2_tb.vcd", 1145: 

*Error* Syntax error at b00000000000000000000000000000000
"axi_interconnect_wrap_4x2_tb.vcd", 1146: 

*Error* Syntax error at b00
"axi_interconnect_wrap_4x2_tb.vcd", 1147: 

*Error* Syntax error at b00
"axi_interconnect_wrap_4x2_tb.vcd", 1148: 

*Error* Syntax error at b00
"axi_interconnect_wrap_4x2_tb.vcd", 1149: 

*Error* Syntax error at b00
"axi_interconnect_wrap_4x2_tb.vcd", 1150: 

*Error* Syntax error at b0000
"axi_interconnect_wrap_4x2_tb.vcd", 1151: 

*Error* Syntax error at b0000
"axi_interconnect_wrap_4x2_tb.vcd", 1152: 

*Error* Syntax error at b00000000
"axi_interconnect_wrap_4x2_tb.vcd", 1153: 

*Error* Syntax error at b00000000
"axi_interconnect_wrap_4x2_tb.vcd", 1154: 

*Error* Syntax error at b00000000
"axi_interconnect_wrap_4x2_tb.vcd", 1155: 

*Error* Syntax error at b00000000
"axi_interconnect_wrap_4x2_tb.vcd", 1156: 

*Error* Syntax error at b000
"axi_interconnect_wrap_4x2_tb.vcd", 1157: 

*Error* Syntax error at b000
"axi_interconnect_wrap_4x2_tb.vcd", 1158: 

*Error* Syntax error at b0000
"axi_interconnect_wrap_4x2_tb.vcd", 1159: 

*Error* Syntax error at b0000
"axi_interconnect_wrap_4x2_tb.vcd", 1160: 

*Error* Syntax error at b0000
"axi_interconnect_wrap_4x2_tb.vcd", 1161: 

*Error* Syntax error at b0000
"axi_interconnect_wrap_4x2_tb.vcd", 1162: 

*Error* Syntax error at b000
"axi_interconnect_wrap_4x2_tb.vcd", 1163: 

*Error* Syntax error at b000
"axi_interconnect_wrap_4x2_tb.vcd", 1164: 

*Error* Syntax error at b00
"axi_interconnect_wrap_4x2_tb.vcd", 1165: 

*Error* Syntax error at b0000000000000000000000000000000000000000000000000000000000000000
"axi_interconnect_wrap_4x2_tb.vcd", 1166: 

*Error* Syntax error at b00
"axi_interconnect_wrap_4x2_tb.vcd", 1167: 

*Error* Syntax error at b00000000000000000000000000000000
"axi_interconnect_wrap_4x2_tb.vcd", 1168: 

*Error* Syntax error at b01
"axi_interconnect_wrap_4x2_tb.vcd", 1169: 

*Error* Syntax error at b0000
"axi_interconnect_wrap_4x2_tb.vcd", 1170: 

*Error* Syntax error at b00000000
"axi_interconnect_wrap_4x2_tb.vcd", 1171: 

*Error* Syntax error at b00000000
"axi_interconnect_wrap_4x2_tb.vcd", 1172: 

*Error* Syntax error at b000
"axi_interconnect_wrap_4x2_tb.vcd", 1173: 

*Error* Syntax error at b0000
"axi_interconnect_wrap_4x2_tb.vcd", 1174: 

*Error* Syntax error at b011
"axi_interconnect_wrap_4x2_tb.vcd", 1175: 

*Error* Syntax error at b00000000000000000000000000000000
"axi_interconnect_wrap_4x2_tb.vcd", 1176: 

*Error* Syntax error at b01
"axi_interconnect_wrap_4x2_tb.vcd", 1177: 

*Error* Syntax error at b0000
"axi_interconnect_wrap_4x2_tb.vcd", 1178: 

*Error* Syntax error at b00000000
"axi_interconnect_wrap_4x2_tb.vcd", 1179: 

*Error* Syntax error at b00000000
"axi_interconnect_wrap_4x2_tb.vcd", 1180: 

*Error* Syntax error at b000
"axi_interconnect_wrap_4x2_tb.vcd", 1181: 

*Error* Syntax error at b0000
"axi_interconnect_wrap_4x2_tb.vcd", 1182: 

*Error* Syntax error at b011
"axi_interconnect_wrap_4x2_tb.vcd", 1183: 

*Error* Syntax error at b0000000000000000000000000000000000000000000000000000000000000000
"axi_interconnect_wrap_4x2_tb.vcd", 1184: 

*Error* Syntax error at b11111111
"axi_interconnect_wrap_4x2_tb.vcd", 1185: 

*Error* Syntax error at b000
"axi_interconnect_wrap_4x2_tb.vcd", 1186: 

*Error* Syntax error at b000
"axi_interconnect_wrap_4x2_tb.vcd", 1187: 

*Error* Syntax error at b00000000
"axi_interconnect_wrap_4x2_tb.vcd", 1188: 

*Error* Syntax error at b00000000
"axi_interconnect_wrap_4x2_tb.vcd", 1189: 

*Error* Syntax error at b00000000000000000000000000000010
"axi_interconnect_wrap_4x2_tb.vcd", 1190: 

*Error* Syntax error at b00000000000000000000000000000010
"axi_interconnect_wrap_4x2_tb.vcd", 1191: 

*Error* Syntax error at b00000000
"axi_interconnect_wrap_4x2_tb.vcd", 1192: 

*Error* Syntax error at bxxxxxxxx
"axi_interconnect_wrap_4x2_tb.vcd", 1193: 

*Error* Syntax error at b00000000
"axi_interconnect_wrap_4x2_tb.vcd", 1194: 

*Error* Syntax error at b00
"axi_interconnect_wrap_4x2_tb.vcd", 1195: 

*Error* Syntax error at bxxxxxxxxxxxxxxxxxxxxxxxxxxxxxxxx
"axi_interconnect_wrap_4x2_tb.vcd", 1196: 

*Error* Syntax error at bxxxxxxxx
"axi_interconnect_wrap_4x2_tb.vcd", 1197: 

*Error* Syntax error at b00
"axi_interconnect_wrap_4x2_tb.vcd", 1198: 

*Error* Syntax error at b0000000000000000000000000000000000000000000000000000000000000000
"axi_interconnect_wrap_4x2_tb.vcd", 1199: 

*Error* Syntax error at b00000000
"axi_interconnect_wrap_4x2_tb.vcd", 1200: 

*Error* Syntax error at b00
"axi_interconnect_wrap_4x2_tb.vcd", 1201: 

*Error* Syntax error at bxxxxxxxx
"axi_interconnect_wrap_4x2_tb.vcd", 1202: 

*Error* Syntax error at bxxxxxxxx
"axi_interconnect_wrap_4x2_tb.vcd", 1203: 

*Error* Syntax error at b00
"axi_interconnect_wrap_4x2_tb.vcd", 1204: 

*Error* Syntax error at b00000000000000000000000000000000
"axi_interconnect_wrap_4x2_tb.vcd", 1205: 

*Error* Syntax error at b00
"axi_interconnect_wrap_4x2_tb.vcd", 1206: 

*Error* Syntax error at b0000
"axi_interconnect_wrap_4x2_tb.vcd", 1207: 

*Error* Syntax error at b00000000
"axi_interconnect_wrap_4x2_tb.vcd", 1208: 

*Error* Syntax error at b00000000
"axi_interconnect_wrap_4x2_tb.vcd", 1209: 

*Error* Syntax error at b000
"axi_interconnect_wrap_4x2_tb.vcd", 1210: 

*Error* Syntax error at b0000
"axi_interconnect_wrap_4x2_tb.vcd", 1211: 

*Error* Syntax error at "\
b0000 "
"axi_interconnect_wrap_4x2_tb.vcd", 1212: 

*Error* Syntax error at b000
"axi_interconnect_wrap_4x2_tb.vcd", 1213: 

*Error* Syntax error at bxxxxxxxx
"axi_interconnect_wrap_4x2_tb.vcd", 1214: 

*Error* Syntax error at b00000000
"axi_interconnect_wrap_4x2_tb.vcd", 1215: 

*Error* Syntax error at b00
"axi_interconnect_wrap_4x2_tb.vcd", 1216: 

*Error* Syntax error at bxxxxxxxxxxxxxxxxxxxxxxxxxxxxxxxx
"axi_interconnect_wrap_4x2_tb.vcd", 1217: 

*Error* Syntax error at bxxxxxxxx
"axi_interconnect_wrap_4x2_tb.vcd", 1218: 

*Error* Syntax error at b00
"axi_interconnect_wrap_4x2_tb.vcd", 1219: 

*Error* Syntax error at b0000000000000000000000000000000000000000000000000000000000000000
"axi_interconnect_wrap_4x2_tb.vcd", 1220: 

*Error* Syntax error at b00000000
"axi_interconnect_wrap_4x2_tb.vcd", 1221: 

*Error* Syntax error at b00
"axi_interconnect_wrap_4x2_tb.vcd", 1222: 

*Error* Syntax error at bxxxxxxxx
"axi_interconnect_wrap_4x2_tb.vcd", 1223: 

*Error* Syntax error at bxxxxxxxx
"axi_interconnect_wrap_4x2_tb.vcd", 1224: 

*Error* Syntax error at b0000000000000000000000000000000000000000000000000000000000000000
"axi_interconnect_wrap_4x2_tb.vcd", 1225: 

*Error* Syntax error at b00
"axi_interconnect_wrap_4x2_tb.vcd", 1226: 

*Error* Syntax error at b00000000
"axi_interconnect_wrap_4x2_tb.vcd", 1227: 

*Error* Syntax error at b00
"axi_interconnect_wrap_4x2_tb.vcd", 1228: 

*Error* Syntax error at b00
"axi_interconnect_wrap_4x2_tb.vcd", 1229: 

*Error* Syntax error at b00
"axi_interconnect_wrap_4x2_tb.vcd", 1230: 

*Error* Syntax error at b00
"axi_interconnect_wrap_4x2_tb.vcd", 1231: 

*Error* Syntax error at b00
"axi_interconnect_wrap_4x2_tb.vcd", 1232: 

*Error* Syntax error at b00
"axi_interconnect_wrap_4x2_tb.vcd", 1233: 

*Error* Syntax error at b00
"axi_interconnect_wrap_4x2_tb.vcd", 1234: 

*Error* Syntax error at b00
"axi_interconnect_wrap_4x2_tb.vcd", 1235: 

*Error* Syntax error at b0000
"axi_interconnect_wrap_4x2_tb.vcd", 1236: 

*Error* Syntax error at b00
"axi_interconnect_wrap_4x2_tb.vcd", 1237: 

*Error* Syntax error at b00000000000000000000000000000000000000000000000000000000000000000000000000000000000000000000000000000000000000000000000000000000
"axi_interconnect_wrap_4x2_tb.vcd", 1238: 

*Error* Syntax error at b00
"axi_interconnect_wrap_4x2_tb.vcd", 1239: 

*Error* Syntax error at b00
"axi_interconnect_wrap_4x2_tb.vcd", 1240: 

*Error* Syntax error at b00
"axi_interconnect_wrap_4x2_tb.vcd", 1241: 

*Error* Syntax error at b0000
"axi_interconnect_wrap_4x2_tb.vcd", 1242: 

*Error* Syntax error at b00
"axi_interconnect_wrap_4x2_tb.vcd", 1243: 

*Error* Syntax error at b00
"axi_interconnect_wrap_4x2_tb.vcd", 1244: 

*Error* Syntax error at b0000000000000000000000000000000000000000000000000000000000000000
"axi_interconnect_wrap_4x2_tb.vcd", 1245: 

*Error* Syntax error at b0000000000000000000000000000000000000000000000000000000000000000
"axi_interconnect_wrap_4x2_tb.vcd", 1246: 

*Error* Syntax error at b00
"axi_interconnect_wrap_4x2_tb.vcd", 1247: 

*Error* Syntax error at b11111111
"axi_interconnect_wrap_4x2_tb.vcd", 1248: 

*Error* Syntax error at b00000000
"axi_interconnect_wrap_4x2_tb.vcd", 1249: 

*Error* Syntax error at b00
"axi_interconnect_wrap_4x2_tb.vcd", 1250: 

*Error* Syntax error at b00
"axi_interconnect_wrap_4x2_tb.vcd", 1251: 

*Error* Syntax error at b00000000
"axi_interconnect_wrap_4x2_tb.vcd", 1252: 

*Error* Syntax error at b00000000
"axi_interconnect_wrap_4x2_tb.vcd", 1253: 

*Error* Syntax error at bxxxxxxxxxxxxxxxxxxxxxxxxxxxxxxxxxxxxxxxxxxxxxxxxxxxxxxxxxxxxxxxx
"axi_interconnect_wrap_4x2_tb.vcd", 1254: 

*Error* Syntax error at b00000000000000000000000000000000
"axi_interconnect_wrap_4x2_tb.vcd", 1255: 

*Error* Syntax error at b01
"axi_interconnect_wrap_4x2_tb.vcd", 1256: 

*Error* Syntax error at b0000
"axi_interconnect_wrap_4x2_tb.vcd", 1257: 

*Error* Syntax error at b00000000
"axi_interconnect_wrap_4x2_tb.vcd", 1258: 

*Error* Syntax error at b00000000
"axi_interconnect_wrap_4x2_tb.vcd", 1259: 

*Error* Syntax error at b000
"axi_interconnect_wrap_4x2_tb.vcd", 1260: 

*Error* Syntax error at b0000
"axi_interconnect_wrap_4x2_tb.vcd", 1261: 

*Error* Syntax error at b011
"axi_interconnect_wrap_4x2_tb.vcd", 1262: 

*Error* Syntax error at b00000000000000000000000000000000
"axi_interconnect_wrap_4x2_tb.vcd", 1263: 

*Error* Syntax error at b01
"axi_interconnect_wrap_4x2_tb.vcd", 1264: 

*Error* Syntax error at b0000
"axi_interconnect_wrap_4x2_tb.vcd", 1265: 

*Error* Syntax error at b00000000
"axi_interconnect_wrap_4x2_tb.vcd", 1266: 

*Error* Syntax error at b00000000
"axi_interconnect_wrap_4x2_tb.vcd", 1267: 

*Error* Syntax error at b000
"axi_interconnect_wrap_4x2_tb.vcd", 1268: 

*Error* Syntax error at b0000
"axi_interconnect_wrap_4x2_tb.vcd", 1269: 

*Error* Syntax error at b011
"axi_interconnect_wrap_4x2_tb.vcd", 1270: 

*Error* Syntax error at b0000000000000000000000000000000000000000000000000000000000000000
"axi_interconnect_wrap_4x2_tb.vcd", 1271: 

*Error* Syntax error at b11111111
"axi_interconnect_wrap_4x2_tb.vcd", 1272: 

*Error* Syntax error at b00000000000000000000000000000000
"axi_interconnect_wrap_4x2_tb.vcd", 1273: 

*Error* Syntax error at b01
"axi_interconnect_wrap_4x2_tb.vcd", 1274: 

*Error* Syntax error at b0000
"axi_interconnect_wrap_4x2_tb.vcd", 1275: 

*Error* Syntax error at b00000000
"axi_interconnect_wrap_4x2_tb.vcd", 1276: 

*Error* Syntax error at b00000000
"axi_interconnect_wrap_4x2_tb.vcd", 1277: 

*Error* Syntax error at b000
"axi_interconnect_wrap_4x2_tb.vcd", 1278: 

*Error* Syntax error at b0000
"axi_interconnect_wrap_4x2_tb.vcd", 1279: 

*Error* Syntax error at b011
"axi_interconnect_wrap_4x2_tb.vcd", 1280: 

*Error* Syntax error at b00000000000000000000000000000000
"axi_interconnect_wrap_4x2_tb.vcd", 1281: 

*Error* Syntax error at b01
"axi_interconnect_wrap_4x2_tb.vcd", 1282: 

*Error* Syntax error at b0000
"axi_interconnect_wrap_4x2_tb.vcd", 1283: 

*Error* Syntax error at b00000000
"axi_interconnect_wrap_4x2_tb.vcd", 1284: 

*Error* Syntax error at b00000000
"axi_interconnect_wrap_4x2_tb.vcd", 1285: 

*Error* Syntax error at b000
"axi_interconnect_wrap_4x2_tb.vcd", 1286: 

*Error* Syntax error at b0000
"axi_interconnect_wrap_4x2_tb.vcd", 1287: 

*Error* Syntax error at b011
"axi_interconnect_wrap_4x2_tb.vcd", 1288: 

*Error* Syntax error at b0000000000000000000000000000000000000000000000000000000000000000
"axi_interconnect_wrap_4x2_tb.vcd", 1289: 

*Error* Syntax error at b11111111
"axi_interconnect_wrap_4x2_tb.vcd", 1290: 

*Error* Syntax error at b00000000000000000000000000000000
"axi_interconnect_wrap_4x2_tb.vcd", 1291: 

*Error* Syntax error at b01
"axi_interconnect_wrap_4x2_tb.vcd", 1292: 

*Error* Syntax error at b0000
"axi_interconnect_wrap_4x2_tb.vcd", 1293: 

*Error* Syntax error at b00000000
"axi_interconnect_wrap_4x2_tb.vcd", 1294: 

*Error* Syntax error at b00000000
"axi_interconnect_wrap_4x2_tb.vcd", 1295: 

*Error* Syntax error at b000
"axi_interconnect_wrap_4x2_tb.vcd", 1296: 

*Error* Syntax error at b0000
"axi_interconnect_wrap_4x2_tb.vcd", 1297: 

*Error* Syntax error at b011
"axi_interconnect_wrap_4x2_tb.vcd", 1298: 

*Error* Syntax error at b00000000000000000000000000000000
"axi_interconnect_wrap_4x2_tb.vcd", 1299: 

*Error* Syntax error at b01
"axi_interconnect_wrap_4x2_tb.vcd", 1300: 

*Error* Syntax error at b0000
"axi_interconnect_wrap_4x2_tb.vcd", 1301: 

*Error* Syntax error at b00000000
"axi_interconnect_wrap_4x2_tb.vcd", 1302: 

*Error* Syntax error at b00000000
"axi_interconnect_wrap_4x2_tb.vcd", 1303: 

*Error* Syntax error at b000
"axi_interconnect_wrap_4x2_tb.vcd", 1304: 

*Error* Syntax error at b0000
"axi_interconnect_wrap_4x2_tb.vcd", 1305: 

*Error* Syntax error at b011
"axi_interconnect_wrap_4x2_tb.vcd", 1306: 

*Error* Syntax error at b0000000000000000000000000000000000000000000000000000000000000000
"axi_interconnect_wrap_4x2_tb.vcd", 1307: 

*Error* Syntax error at b11111111
"axi_interconnect_wrap_4x2_tb.vcd", 1308: 

*Error* Syntax error at b00000000000000000000000000000000
"axi_interconnect_wrap_4x2_tb.vcd", 1309: 

*Error* Syntax error at b01
"axi_interconnect_wrap_4x2_tb.vcd", 1310: 

*Error* Syntax error at b0000
"axi_interconnect_wrap_4x2_tb.vcd", 1311: 

*Error* Syntax error at b00000000
"axi_interconnect_wrap_4x2_tb.vcd", 1312: 

*Error* Syntax error at b00000000
"axi_interconnect_wrap_4x2_tb.vcd", 1313: 

*Error* Syntax error at b000
"axi_interconnect_wrap_4x2_tb.vcd", 1314: 

*Error* Syntax error at b0000
"axi_interconnect_wrap_4x2_tb.vcd", 1315: 

*Error* Syntax error at b011
"axi_interconnect_wrap_4x2_tb.vcd", 1316: 

*Error* Syntax error at b00000000
"axi_interconnect_wrap_4x2_tb.vcd", 1317: 

*Error* Syntax error at b00000000000000000000000000000000
"axi_interconnect_wrap_4x2_tb.vcd", 1318: 

*Error* Syntax error at b01
"axi_interconnect_wrap_4x2_tb.vcd", 1319: 

*Error* Syntax error at b0000
"axi_interconnect_wrap_4x2_tb.vcd", 1320: 

*Error* Syntax error at b00000000
"axi_interconnect_wrap_4x2_tb.vcd", 1321: 

*Error* Syntax error at b00000000
"axi_interconnect_wrap_4x2_tb.vcd", 1322: 

*Error* Syntax error at b000
"axi_interconnect_wrap_4x2_tb.vcd", 1323: 

*Error* Syntax error at b0000
"axi_interconnect_wrap_4x2_tb.vcd", 1324: 

*Error* Syntax error at b011
"axi_interconnect_wrap_4x2_tb.vcd", 1325: 

*Error* Syntax error at b00000000
"axi_interconnect_wrap_4x2_tb.vcd", 1326: 

*Error* Syntax error at b00
"axi_interconnect_wrap_4x2_tb.vcd", 1327: 

*Error* Syntax error at b0000000000000000000000000000000000000000000000000000000000000000
"axi_interconnect_wrap_4x2_tb.vcd", 1328: 

*Error* Syntax error at b00000000
"axi_interconnect_wrap_4x2_tb.vcd", 1329: 

*Error* Syntax error at b00
"axi_interconnect_wrap_4x2_tb.vcd", 1330: 

*Error* Syntax error at b0000000000000000000000000000000000000000000000000000000000000000
"axi_interconnect_wrap_4x2_tb.vcd", 1331: 

*Error* Syntax error at b11111111
"axi_interconnect_wrap_4x2_tb.vcd", 1332: 

*Error* Syntax error at b00000000000000000000000000000000000000000000000000000000000000000000000000000000000000000000000000000000000000000000000000000000
"axi_interconnect_wrap_4x2_tb.vcd", 1333: 

*Error* Syntax error at b01010101
"axi_interconnect_wrap_4x2_tb.vcd", 1334: 

*Error* Syntax error at b0000000000000000
"axi_interconnect_wrap_4x2_tb.vcd", 1335: 

*Error* Syntax error at b00000000000000000000000000000000
"axi_interconnect_wrap_4x2_tb.vcd", 1336: 

*Error* Syntax error at b00000000000000000000000000000000
"axi_interconnect_wrap_4x2_tb.vcd", 1337: 

*Error* Syntax error at b0000
"axi_interconnect_wrap_4x2_tb.vcd", 1338: 

*Error* Syntax error at b000000000000
"axi_interconnect_wrap_4x2_tb.vcd", 1339: 

*Error* Syntax error at b0000000000000000
"axi_interconnect_wrap_4x2_tb.vcd", 1340: 

*Error* Syntax error at b0000
"axi_interconnect_wrap_4x2_tb.vcd", 1341: 

*Error* Syntax error at b0000
"axi_interconnect_wrap_4x2_tb.vcd", 1342: 

*Error* Syntax error at b011011011011
"axi_interconnect_wrap_4x2_tb.vcd", 1343: 

*Error* Syntax error at b0000
"axi_interconnect_wrap_4x2_tb.vcd", 1344: 

*Error* Syntax error at b00000000000000000000000000000000000000000000000000000000000000000000000000000000000000000000000000000000000000000000000000000000
"axi_interconnect_wrap_4x2_tb.vcd", 1345: 

*Error* Syntax error at b01010101
"axi_interconnect_wrap_4x2_tb.vcd", 1346: 

*Error* Syntax error at b0000000000000000
"axi_interconnect_wrap_4x2_tb.vcd", 1347: 

*Error* Syntax error at b00000000000000000000000000000000
"axi_interconnect_wrap_4x2_tb.vcd", 1348: 

*Error* Syntax error at b00000000000000000000000000000000
"axi_interconnect_wrap_4x2_tb.vcd", 1349: 

*Error* Syntax error at b0000
"axi_interconnect_wrap_4x2_tb.vcd", 1350: 

*Error* Syntax error at b000000000000
"axi_interconnect_wrap_4x2_tb.vcd", 1351: 

*Error* Syntax error at b0000000000000000
"axi_interconnect_wrap_4x2_tb.vcd", 1352: 

*Error* Syntax error at b0000
"axi_interconnect_wrap_4x2_tb.vcd", 1353: 

*Error* Syntax error at b0000
"axi_interconnect_wrap_4x2_tb.vcd", 1354: 

*Error* Syntax error at b011011011011
"axi_interconnect_wrap_4x2_tb.vcd", 1355: 

*Error* Syntax error at b0000
"axi_interconnect_wrap_4x2_tb.vcd", 1356: 

*Error* Syntax error at b1111
"axi_interconnect_wrap_4x2_tb.vcd", 1357: 

*Error* Syntax error at b0000
"axi_interconnect_wrap_4x2_tb.vcd", 1358: 

*Error* Syntax error at b0000
"axi_interconnect_wrap_4x2_tb.vcd", 1359: 

*Error* Syntax error at b0000000000000000000000000000000000000000000000000000000000000000
"axi_interconnect_wrap_4x2_tb.vcd", 1360: 

*Error* Syntax error at b0000000000000000000000000000000000000000000000000000000000000000
"axi_interconnect_wrap_4x2_tb.vcd", 1361: 

*Error* Syntax error at b00000000
"axi_interconnect_wrap_4x2_tb.vcd", 1362: 

*Error* Syntax error at b00000000
"axi_interconnect_wrap_4x2_tb.vcd", 1363: 

*Error* Syntax error at b1111
"axi_interconnect_wrap_4x2_tb.vcd", 1364: 

*Error* Syntax error at b00
"axi_interconnect_wrap_4x2_tb.vcd", 1365: 

*Error* Syntax error at b00
"axi_interconnect_wrap_4x2_tb.vcd", 1366: 

*Error* Syntax error at b0000
"axi_interconnect_wrap_4x2_tb.vcd", 1367: 

*Error* Syntax error at b0000
"axi_interconnect_wrap_4x2_tb.vcd", 1368: 

*Error* Syntax error at b0000000000000000000000000000000000000000000000000000000000000000000000000000000000000000000000000000000000000000000000000000000000000000000000000000000000000000000000000000000000000000000000000000000000000000000000000000000000000000000000000000000000000000
"axi_interconnect_wrap_4x2_tb.vcd", 1369: 

*Error* Syntax error at b0000
"axi_interconnect_wrap_4x2_tb.vcd", 1370: 

*Error* Syntax error at b0000
"axi_interconnect_wrap_4x2_tb.vcd", 1371: 

*Error* Syntax error at b0000
"axi_interconnect_wrap_4x2_tb.vcd", 1372: 

*Error* Syntax error at b11111111111111111111111111111111
"axi_interconnect_wrap_4x2_tb.vcd", 1373: 

*Error* Syntax error at b0000
"axi_interconnect_wrap_4x2_tb.vcd", 1374: 

*Error* invalid token at axi_interconnect_wrap_4x2_tb.vcd:1457 (text was '#=xxxxxxxxxxxxxxxxxxxxxxxxxxxxxxx')


*Error* Syntax error at b0000
"axi_interconnect_wrap_4x2_tb.vcd", 1375: 

*Error* Syntax error at b00
"axi_interconnect_wrap_4x2_tb.vcd", 1376: 

*Error* Syntax error at b000
"axi_interconnect_wrap_4x2_tb.vcd", 1377: 

*Error* Syntax error at b000
"axi_interconnect_wrap_4x2_tb.vcd", 1378: 

*Error* Syntax error at bxxxxxxxxxxxxxxxx
"axi_interconnect_wrap_4x2_tb.vcd", 1379: 

*Error* Syntax error at bxxxxxxxxxxxxxxxxxxxxxxxxxxxxxxxx
"axi_interconnect_wrap_4x2_tb.vcd", 1380: 

*Error* Syntax error at bxxxxxxxx
"axi_interconnect_wrap_4x2_tb.vcd", 1381: 

*Error* Syntax error at bxxxx
"axi_interconnect_wrap_4x2_tb.vcd", 1382: 

*Error* Syntax error at bxxxx
"axi_interconnect_wrap_4x2_tb.vcd", 1383: 

*Error* Syntax error at bxxxxxxxxxxxxxxxxxxxxxxxxxxxxxxxxxxxxxxxxxxxxxxxxxxxxxxxxxxxxxxxxxxxxxxxxxxxxxxxxxxxxxxxxxxxxxxxxxxxxxxxxxxxxxxxxxxxxxxxxxxxxxxxxxxxxxxxxxxxxxxxxxxxxxxxxxxxxxxxxxxxxxxxxxxxxxxxxxxxxxxxxxxxxxxxxxxxxxxxxxxxxxxxxxxxxxxxxxxxxxxxxxxxxxxxxxxxxxxxxxxxxxxxxxxxxxxxx
"axi_interconnect_wrap_4x2_tb.vcd", 1384: 

*Error* Syntax error at bxxxxxxxxxxxxxxxx
"axi_interconnect_wrap_4x2_tb.vcd", 1385: 

*Error* Syntax error at bxxxx
"axi_interconnect_wrap_4x2_tb.vcd", 1386: 

*Error* Syntax error at bxxx
"axi_interconnect_wrap_4x2_tb.vcd", 1387: 

*Error* Syntax error at bxxxxxxxxxxxxxxxxxxxxxxxxxxxxxxxxxxxxxxxxxxxxxxxxxxxxxxxxxxxxxxxx
"axi_interconnect_wrap_4x2_tb.vcd", 1388: 

*Error* Syntax error at bxxxxxxxx
"axi_interconnect_wrap_4x2_tb.vcd", 1389: 

*Error* Syntax error at bxxxxxxxx
"axi_interconnect_wrap_4x2_tb.vcd", 1390: 

*Error* Syntax error at bxxxx
"axi_interconnect_wrap_4x2_tb.vcd", 1391: 

*Error* Syntax error at bxxxxxxxx
"axi_interconnect_wrap_4x2_tb.vcd", 1392: 

*Error* Syntax error at bxxxxxxxx
"axi_interconnect_wrap_4x2_tb.vcd", 1393: 

*Error* Syntax error at bxxxxxx
"axi_interconnect_wrap_4x2_tb.vcd", 1394: 

*Error* Syntax error at bxxxx
"axi_interconnect_wrap_4x2_tb.vcd", 1395: 

*Error* Syntax error at bxxxx
"axi_interconnect_wrap_4x2_tb.vcd", 1396: 

*Error* Syntax error at bxx
"axi_interconnect_wrap_4x2_tb.vcd", 1397: 

*Error* Syntax error at bxxx
"axi_interconnect_wrap_4x2_tb.vcd", 1398: 

*Error* Syntax error at bxxxxxxxxxxxxxxxxxxxxxxxxxxxxxxxxxxxxxxxxxxxxxxxxxxxxxxxxxxxxxxxxxxxxxxxxxxxxxxxxxxxxxxxxxxxxxxxxxxxxxxxxxxxxxxxxxxxxxxxxxxxxxxxx
"axi_interconnect_wrap_4x2_tb.vcd", 1399: 

*Error* Syntax error at bxxxxxxxxxxxxxxxxxxxxxxxxxxxxxxxx
"axi_interconnect_wrap_4x2_tb.vcd", 1400: 

*Error* Syntax error at bxxxxxxxxxxxxxxxx
"axi_interconnect_wrap_4x2_tb.vcd", 1401: 

*Error* Syntax error at bxxxx
"axi_interconnect_wrap_4x2_tb.vcd", 1402: 

*Error* Syntax error at bxxxxxxxxxxxxxxxxxxxxxxxxxxxxxxxxxxxxxxxxxxxxxxxxxxxxxxxxxxxxxxxx
"axi_interconnect_wrap_4x2_tb.vcd", 1403: 

*Error* Syntax error at bxxxx
"axi_interconnect_wrap_4x2_tb.vcd", 1404: 

*Error* Syntax error at bxxxx
"axi_interconnect_wrap_4x2_tb.vcd", 1405: 

*Error* Syntax error at bxxxxxxxx
"axi_interconnect_wrap_4x2_tb.vcd", 1406: 

*Error* Syntax error at bxxxxxxxxxxxxxxxx
"axi_interconnect_wrap_4x2_tb.vcd", 1407: 

*Error* Syntax error at bxx
"axi_interconnect_wrap_4x2_tb.vcd", 1408: 

*Error* Syntax error at bxx
"axi_interconnect_wrap_4x2_tb.vcd", 1409: 

*Error* Syntax error at bxxxxxxxx
"axi_interconnect_wrap_4x2_tb.vcd", 1410: 

*Error* Syntax error at bxxxxxxxx
"axi_interconnect_wrap_4x2_tb.vcd", 1411: 

*Error* Syntax error at bxx
"axi_interconnect_wrap_4x2_tb.vcd", 1412: 

*Error* Syntax error at bxxxxxxxx
"axi_interconnect_wrap_4x2_tb.vcd", 1413: 

*Error* Syntax error at bxxxxxxxx
"axi_interconnect_wrap_4x2_tb.vcd", 1414: 

*Error* Syntax error at bxxxxxxxx
"axi_interconnect_wrap_4x2_tb.vcd", 1415: 

*Error* Syntax error at bxxxxxxxxxxxxxxxxxxxxxxxxxxxxxxxx
"axi_interconnect_wrap_4x2_tb.vcd", 1416: 

*Error* Syntax error at bxx
"axi_interconnect_wrap_4x2_tb.vcd", 1417: 

*Error* Syntax error at bxxxxxxxx
"axi_interconnect_wrap_4x2_tb.vcd", 1418: 

*Error* Syntax error at bxxxx
"axi_interconnect_wrap_4x2_tb.vcd", 1419: 

*Error* Syntax error at bxxxxxxxx
"axi_interconnect_wrap_4x2_tb.vcd", 1420: 

*Error* Syntax error at bxxxxxxxxxxxxxxxxxxxxxxxxxxxxxxxxxxxxxxxxxxxxxxxxxxxxxxxxxxxxxxxx
"axi_interconnect_wrap_4x2_tb.vcd", 1421: 

*Error* Syntax error at bxxxxxx
"axi_interconnect_wrap_4x2_tb.vcd", 1422: 

*Error* Syntax error at bxxx
"axi_interconnect_wrap_4x2_tb.vcd", 1423: 

*Error* Syntax error at bxxxxxxxxxxxxxxxxxxxxxxxxxxxxxxxx
"axi_interconnect_wrap_4x2_tb.vcd", 1424: 

*Error* Syntax error at bxxx
"axi_interconnect_wrap_4x2_tb.vcd", 1425: 

*Error* Syntax error at bxx
"axi_interconnect_wrap_4x2_tb.vcd", 1426: 

*Error* Syntax error at bxxxxxxxx
"axi_interconnect_wrap_4x2_tb.vcd", 1427: 

*Error* Syntax error at b0000000000000000000000000000000000000000000000000000000000000000
"axi_interconnect_wrap_4x2_tb.vcd", 1428: 

*Error* Syntax error at b00000000
"axi_interconnect_wrap_4x2_tb.vcd", 1429: 

*Error* Syntax error at b0000000000000000000000000000000000000000000000000000000000000000
"axi_interconnect_wrap_4x2_tb.vcd", 1430: 

*Error* Syntax error at b00000000
"axi_interconnect_wrap_4x2_tb.vcd", 1431: 

*Error* Syntax error at b00
"axi_interconnect_wrap_4x2_tb.vcd", 1432: 

*Error* Syntax error at b00000000000000000000000000000000
"axi_interconnect_wrap_4x2_tb.vcd", 1433: 

*Error* Syntax error at b00000000000000000000000000000000
"axi_interconnect_wrap_4x2_tb.vcd", 1434: 

*Error* Syntax error at b00000000000000000000000000000000
"axi_interconnect_wrap_4x2_tb.vcd", 1435: 

*Error* Syntax error at bxxxxxxxxxxxxxxxxxxxxxxxxxxxxxxxx
"axi_interconnect_wrap_4x2_tb.vcd", 1436: 

*Error* Syntax error at bxxxxxxxxxxxxxxxxxxxxxxxxxxxxxxxx
"axi_interconnect_wrap_4x2_tb.vcd", 1437: 

*Error* Syntax error at bxxxxxxxxxxxxxxxxxxxxxxxxxxxxxxxx
"axi_interconnect_wrap_4x2_tb.vcd", 1438: 

*Error* Syntax error at bxxxxxxxxxxxxxxxxxxxxxxxxxxxxxxxx
"axi_interconnect_wrap_4x2_tb.vcd", 1439: 

*Error* Syntax error at bxxxxxxxxxxxxxxxxxxxxxxxxxxxxxxxx
"axi_interconnect_wrap_4x2_tb.vcd", 1440: 

*Error* Syntax error at bxxxxxxxxxxxxxxxxxxxxxxxxxxxxxxxx
"axi_interconnect_wrap_4x2_tb.vcd", 1441: 

*Error* Syntax error at bxxxxxxxxxxxxxxxxxxxxxxxxxxxxxxxxxxxxxxxxxxxxxxxxxxxxxxxxxxxxxxxx
"axi_interconnect_wrap_4x2_tb.vcd", 1442: 

*Error* Syntax error at b00
"axi_interconnect_wrap_4x2_tb.vcd", 1443: 

*Error* Syntax error at b0000000000000000
"axi_interconnect_wrap_4x2_tb.vcd", 1444: 

*Error* Syntax error at b00
"axi_interconnect_wrap_4x2_tb.vcd", 1445: 

*Error* Syntax error at b00
"axi_interconnect_wrap_4x2_tb.vcd", 1446: 

*Error* Syntax error at b0000000000000000
"axi_interconnect_wrap_4x2_tb.vcd", 1447: 

*Error* Syntax error at b0000
"axi_interconnect_wrap_4x2_tb.vcd", 1448: 

*Error* Syntax error at b0000
"axi_interconnect_wrap_4x2_tb.vcd", 1449: 

*Error* Syntax error at x
"axi_interconnect_wrap_4x2_tb.vcd", 1450: 

*Error* Syntax error at x
"axi_interconnect_wrap_4x2_tb.vcd", 1451: 

*Error* Syntax error at bxxxx
"axi_interconnect_wrap_4x2_tb.vcd", 1452: 

*Error* Syntax error at bxxxx
"axi_interconnect_wrap_4x2_tb.vcd", 1453: 

*Error* Syntax error at bxxxxxxxxxxxxxxxxxxxxxxxxxxxxxxxx
"axi_interconnect_wrap_4x2_tb.vcd", 1454: 

*Error* Syntax error at bxxxxxxxxxxxxxxxxxxxxxxxxxxxxxxxx
"axi_interconnect_wrap_4x2_tb.vcd", 1455: 

*Error* Syntax error at bxxxxxxxxxxxxxxxxxxxxxxxxxxxxxxxx
"axi_interconnect_wrap_4x2_tb.vcd", 1456: 

*Error* Syntax error at bxxxxxxxxxxxxxxxxxxxxxxxxxxxxxxxx
"axi_interconnect_wrap_4x2_tb.vcd", 1457: 

*Error* Syntax error at b10000000
"axi_interconnect_wrap_4x2_tb.vcd", 1458: 

*Error* Syntax error at b111
"axi_interconnect_wrap_4x2_tb.vcd", 1459: 

*Error* Syntax error at b10000000
"axi_interconnect_wrap_4x2_tb.vcd", 1460: 

*Error* Syntax error at b00000000
"axi_interconnect_wrap_4x2_tb.vcd", 1461: 

*Error* Syntax error at b00000000
"axi_interconnect_wrap_4x2_tb.vcd", 1462: 

*Error* Syntax error at 0
"axi_interconnect_wrap_4x2_tb.vcd", 1463: 

*Error* Syntax error at 0
"axi_interconnect_wrap_4x2_tb.vcd", 1464: 

*Error* Syntax error at $end
"axi_interconnect_wrap_4x2_tb.vcd", 1465: 

*Error* Syntax error at bxxxxxxxx00000000
"axi_interconnect_wrap_4x2_tb.vcd", 1466: 

*Error* Syntax error at b00000000
"axi_interconnect_wrap_4x2_tb.vcd", 1467: 

*Error* Syntax error at 0
"axi_interconnect_wrap_4x2_tb.vcd", 1468: 

*Error* Syntax error at bxxxxxxxx00000000
"axi_interconnect_wrap_4x2_tb.vcd", 1469: 

*Error* Syntax error at b00000000
"axi_interconnect_wrap_4x2_tb.vcd", 1470: 

*Error* Syntax error at b0000000000000000
"axi_interconnect_wrap_4x2_tb.vcd", 1471: 

*Error* Syntax error at b0000000000000000
"axi_interconnect_wrap_4x2_tb.vcd", 1472: 

*Error* Syntax error at 1
"axi_interconnect_wrap_4x2_tb.vcd", 1473: 

*Error* Syntax error at 0
"axi_interconnect_wrap_4x2_tb.vcd", 1474: 

*Error* Syntax error at 0
"axi_interconnect_wrap_4x2_tb.vcd", 1475: 

*Error* Syntax error at 0
"axi_interconnect_wrap_4x2_tb.vcd", 1476: 

*Error* Syntax error at 0
"axi_interconnect_wrap_4x2_tb.vcd", 1477: 

*Error* Syntax error at 0
"axi_interconnect_wrap_4x2_tb.vcd", 1478: 

*Error* Syntax error at b0000000000000000000000000000000000000000000000000000000000000000
"axi_interconnect_wrap_4x2_tb.vcd", 1479: 

*Error* Syntax error at 0
"axi_interconnect_wrap_4x2_tb.vcd", 1480: 

*Error* Syntax error at b00000000
"axi_interconnect_wrap_4x2_tb.vcd", 1481: 

*Error* Syntax error at b0000000000000000000000000000000000000000000000000000000000000000
"axi_interconnect_wrap_4x2_tb.vcd", 1482: 

*Error* Syntax error at b00000000000000000000000000000000
"axi_interconnect_wrap_4x2_tb.vcd", 1483: 

*Error* Syntax error at b0000000000000000
"axi_interconnect_wrap_4x2_tb.vcd", 1484: 

*Error* Syntax error at b00000000
"axi_interconnect_wrap_4x2_tb.vcd", 1485: 

*Error* Syntax error at b000000
"axi_interconnect_wrap_4x2_tb.vcd", 1486: 

*Error* Syntax error at b000
"axi_interconnect_wrap_4x2_tb.vcd", 1487: 

*Error* Syntax error at b0000
"axi_interconnect_wrap_4x2_tb.vcd", 1488: 

*Error* Syntax error at b00
"axi_interconnect_wrap_4x2_tb.vcd", 1489: 

*Error* Syntax error at b00000000
"axi_interconnect_wrap_4x2_tb.vcd", 1490: 

*Error* Syntax error at b0000
"axi_interconnect_wrap_4x2_tb.vcd", 1491: 

*Error* Syntax error at b000000
"axi_interconnect_wrap_4x2_tb.vcd", 1492: 

*Error* Syntax error at b000
"axi_interconnect_wrap_4x2_tb.vcd", 1493: 

*Error* Syntax error at b00000000
"axi_interconnect_wrap_4x2_tb.vcd", 1494: 

*Error* Syntax error at b0000
"axi_interconnect_wrap_4x2_tb.vcd", 1495: 

*Error* Syntax error at b00000000
"axi_interconnect_wrap_4x2_tb.vcd", 1496: 

*Error* Syntax error at b0000
"axi_interconnect_wrap_4x2_tb.vcd", 1497: 

*Error* Syntax error at 0
"axi_interconnect_wrap_4x2_tb.vcd", 1498: 

*Error* Syntax error at b00000000000000000000000000000000000000000000000000000000000000000000000000000000000000000000000000000000000000000000000000000000
"axi_interconnect_wrap_4x2_tb.vcd", 1499: 

*Error* Syntax error at b0000000000000000
"axi_interconnect_wrap_4x2_tb.vcd", 1500: 

*Error* Syntax error at b00000000
"axi_interconnect_wrap_4x2_tb.vcd", 1501: 

*Error* Syntax error at 0
"axi_interconnect_wrap_4x2_tb.vcd", 1502: 

*Error* Syntax error at b00000000
"axi_interconnect_wrap_4x2_tb.vcd", 1503: 

*Error* Syntax error at b00000000000000000000000000000000
"axi_interconnect_wrap_4x2_tb.vcd", 1504: 

*Error* Syntax error at b00000000
"axi_interconnect_wrap_4x2_tb.vcd", 1505: 

*Error* Syntax error at b000
"axi_interconnect_wrap_4x2_tb.vcd", 1506: 

*Error* Syntax error at b00
"axi_interconnect_wrap_4x2_tb.vcd", 1507: 

*Error* Syntax error at b0000
"axi_interconnect_wrap_4x2_tb.vcd", 1508: 

*Error* Syntax error at b000
"axi_interconnect_wrap_4x2_tb.vcd", 1509: 

*Error* Syntax error at b0000
"axi_interconnect_wrap_4x2_tb.vcd", 1510: 

*Error* Syntax error at b0000
"axi_interconnect_wrap_4x2_tb.vcd", 1511: 

*Error* Syntax error at 0
"axi_interconnect_wrap_4x2_tb.vcd", 1512: 

*Error* Syntax error at b00000000000000000000000000000000
"axi_interconnect_wrap_4x2_tb.vcd", 1513: 

*Error* Syntax error at b00000000
"axi_interconnect_wrap_4x2_tb.vcd", 1514: 

*Error* Syntax error at b00
"axi_interconnect_wrap_4x2_tb.vcd", 1515: 

*Error* Syntax error at b00000000
"axi_interconnect_wrap_4x2_tb.vcd", 1516: 

*Error* Syntax error at b00
"axi_interconnect_wrap_4x2_tb.vcd", 1517: 

*Error* Syntax error at 0
"axi_interconnect_wrap_4x2_tb.vcd", 1518: 

*Error* Syntax error at 0
"axi_interconnect_wrap_4x2_tb.vcd", 1519: 

*Error* Syntax error at 0
"axi_interconnect_wrap_4x2_tb.vcd", 1520: 

*Error* Syntax error at 0
"axi_interconnect_wrap_4x2_tb.vcd", 1521: 

*Error* Syntax error at 0
"axi_interconnect_wrap_4x2_tb.vcd", 1522: 

*Error* Syntax error at b0000000000000000000000000000000000000000000000000000000000000000
"axi_interconnect_wrap_4x2_tb.vcd", 1523: 

*Error* Syntax error at 0
"axi_interconnect_wrap_4x2_tb.vcd", 1524: 

*Error* Syntax error at 0
"axi_interconnect_wrap_4x2_tb.vcd", 1525: 

*Error* Syntax error at 0
"axi_interconnect_wrap_4x2_tb.vcd", 1526: 

*Error* Syntax error at 0
"axi_interconnect_wrap_4x2_tb.vcd", 1527: 

*Error* Syntax error at 0
"axi_interconnect_wrap_4x2_tb.vcd", 1528: 

*Error* Syntax error at b0000
"axi_interconnect_wrap_4x2_tb.vcd", 1529: 

*Error* Syntax error at 0
"axi_interconnect_wrap_4x2_tb.vcd", 1530: 

*Error* Syntax error at 0
"axi_interconnect_wrap_4x2_tb.vcd", 1531: 

*Error* Syntax error at 0
"axi_interconnect_wrap_4x2_tb.vcd", 1532: 

*Error* Syntax error at 0
"axi_interconnect_wrap_4x2_tb.vcd", 1533: 

*Error* Syntax error at b0000
"axi_interconnect_wrap_4x2_tb.vcd", 1534: 

*Error* Syntax error at 0
"axi_interconnect_wrap_4x2_tb.vcd", 1535: 

*Error* Syntax error at b00000000000000000000000000000000
"axi_interconnect_wrap_4x2_tb.vcd", 1536: 

*Error* Syntax error at b00000000
"axi_interconnect_wrap_4x2_tb.vcd", 1537: 

*Error* Syntax error at b0000000000000000000000000000000000000000000000000000000000000000000000000000000000000000000000000000000000000000000000000000000000000000000000000000000000000000000000000000000000000000000000000000000000000000000000000000000000000000000000000000000000000000
"axi_interconnect_wrap_4x2_tb.vcd", 1538: 

*Error* Syntax error at b00000000
"axi_interconnect_wrap_4x2_tb.vcd", 1539: 

*Error* Syntax error at b00
"axi_interconnect_wrap_4x2_tb.vcd", 1540: 

*Error* Syntax error at 0
"axi_interconnect_wrap_4x2_tb.vcd", 1541: 

*Error* Syntax error at b0000
"axi_interconnect_wrap_4x2_tb.vcd", 1542: 

*Error* Syntax error at b00
"axi_interconnect_wrap_4x2_tb.vcd", 1543: 

*Error* usage of using constructs outside of modules or primitives is supported only if the option '-sv' is specified
"axi_interconnect_wrap_4x2_tb.vcd", 1544: 

*Error* Syntax error at #
"axi_interconnect_wrap_4x2_tb.vcd", 1544: 

*Error* Syntax error at 1
"axi_interconnect_wrap_4x2_tb.vcd", 1545: 

*Error* Syntax error at b00000000000000000000000000000001
"axi_interconnect_wrap_4x2_tb.vcd", 1546: 

*Error* usage of using constructs outside of modules or primitives is supported only if the option '-sv' is specified
"axi_interconnect_wrap_4x2_tb.vcd", 1547: 

*Error* Syntax error at #
"axi_interconnect_wrap_4x2_tb.vcd", 1547: 

*Error* Syntax error at 0
"axi_interconnect_wrap_4x2_tb.vcd", 1548: 

*Error* usage of using constructs outside of modules or primitives is supported only if the option '-sv' is specified
"axi_interconnect_wrap_4x2_tb.vcd", 1549: 

*Error* Syntax error at #
"axi_interconnect_wrap_4x2_tb.vcd", 1549: 

*Error* Syntax error at 1
"axi_interconnect_wrap_4x2_tb.vcd", 1550: 

*Error* Syntax error at b00000000000000000000000000000010
"axi_interconnect_wrap_4x2_tb.vcd", 1551: 

*Error* usage of using constructs outside of modules or primitives is supported only if the option '-sv' is specified
"axi_interconnect_wrap_4x2_tb.vcd", 1552: 

*Error* Syntax error at #
"axi_interconnect_wrap_4x2_tb.vcd", 1552: 

*Error* Syntax error at 0
"axi_interconnect_wrap_4x2_tb.vcd", 1553: 

*Error* usage of using constructs outside of modules or primitives is supported only if the option '-sv' is specified
"axi_interconnect_wrap_4x2_tb.vcd", 1554: 

*Error* Syntax error at #
"axi_interconnect_wrap_4x2_tb.vcd", 1554: 

*Error* Syntax error at 1
"axi_interconnect_wrap_4x2_tb.vcd", 1555: 

*Error* Syntax error at b00000000000000000000000000000011
"axi_interconnect_wrap_4x2_tb.vcd", 1556: 

*Error* usage of using constructs outside of modules or primitives is supported only if the option '-sv' is specified
"axi_interconnect_wrap_4x2_tb.vcd", 1557: 

*Error* Syntax error at #
"axi_interconnect_wrap_4x2_tb.vcd", 1557: 

*Error* Syntax error at 0
"axi_interconnect_wrap_4x2_tb.vcd", 1558: 

*Error* usage of using constructs outside of modules or primitives is supported only if the option '-sv' is specified
"axi_interconnect_wrap_4x2_tb.vcd", 1559: 

*Error* Syntax error at #
"axi_interconnect_wrap_4x2_tb.vcd", 1559: 

*Error* Syntax error at 1
"axi_interconnect_wrap_4x2_tb.vcd", 1560: 

*Error* Syntax error at b00000000000000000000000000000100
"axi_interconnect_wrap_4x2_tb.vcd", 1561: 

*Error* usage of using constructs outside of modules or primitives is supported only if the option '-sv' is specified
"axi_interconnect_wrap_4x2_tb.vcd", 1562: 

*Error* Syntax error at #
"axi_interconnect_wrap_4x2_tb.vcd", 1562: 

*Error* Syntax error at 0
"axi_interconnect_wrap_4x2_tb.vcd", 1563: 

*Error* usage of using constructs outside of modules or primitives is supported only if the option '-sv' is specified
"axi_interconnect_wrap_4x2_tb.vcd", 1564: 

*Error* Syntax error at #
"axi_interconnect_wrap_4x2_tb.vcd", 1564: 

*Error* Syntax error at 1
"axi_interconnect_wrap_4x2_tb.vcd", 1565: 

*Error* Syntax error at b00000000000000000000000000000101
"axi_interconnect_wrap_4x2_tb.vcd", 1566: 

*Error* usage of using constructs outside of modules or primitives is supported only if the option '-sv' is specified
"axi_interconnect_wrap_4x2_tb.vcd", 1567: 

*Error* Syntax error at #
"axi_interconnect_wrap_4x2_tb.vcd", 1567: 

*Error* Syntax error at 0
"axi_interconnect_wrap_4x2_tb.vcd", 1568: 

*Error* usage of using constructs outside of modules or primitives is supported only if the option '-sv' is specified
"axi_interconnect_wrap_4x2_tb.vcd", 1569: 

*Error* Syntax error at #
"axi_interconnect_wrap_4x2_tb.vcd", 1569: 

*Error* Syntax error at 1
"axi_interconnect_wrap_4x2_tb.vcd", 1570: 

*Error* Syntax error at b00000000000000000000000000000110
"axi_interconnect_wrap_4x2_tb.vcd", 1571: 

*Error* usage of using constructs outside of modules or primitives is supported only if the option '-sv' is specified
"axi_interconnect_wrap_4x2_tb.vcd", 1572: 

*Error* Syntax error at #
"axi_interconnect_wrap_4x2_tb.vcd", 1572: 

*Error* Syntax error at 0
"axi_interconnect_wrap_4x2_tb.vcd", 1573: 

*Error* usage of using constructs outside of modules or primitives is supported only if the option '-sv' is specified
"axi_interconnect_wrap_4x2_tb.vcd", 1574: 

*Error* Syntax error at #
"axi_interconnect_wrap_4x2_tb.vcd", 1574: 

*Error* Syntax error at 1
"axi_interconnect_wrap_4x2_tb.vcd", 1575: 

*Error* Syntax error at b00000000000000000000000000000111
"axi_interconnect_wrap_4x2_tb.vcd", 1576: 

*Error* usage of using constructs outside of modules or primitives is supported only if the option '-sv' is specified
"axi_interconnect_wrap_4x2_tb.vcd", 1577: 

*Error* Syntax error at #
"axi_interconnect_wrap_4x2_tb.vcd", 1577: 

*Error* Syntax error at 0
"axi_interconnect_wrap_4x2_tb.vcd", 1578: 

*Error* usage of using constructs outside of modules or primitives is supported only if the option '-sv' is specified
"axi_interconnect_wrap_4x2_tb.vcd", 1579: 

*Error* Syntax error at #
"axi_interconnect_wrap_4x2_tb.vcd", 1579: 

*Error* Syntax error at 1
"axi_interconnect_wrap_4x2_tb.vcd", 1580: 

*Error* Syntax error at b00000000000000000000000000001000
"axi_interconnect_wrap_4x2_tb.vcd", 1581: 

*Error* usage of using constructs outside of modules or primitives is supported only if the option '-sv' is specified
"axi_interconnect_wrap_4x2_tb.vcd", 1582: 

*Error* Syntax error at #
"axi_interconnect_wrap_4x2_tb.vcd", 1582: 

*Error* Syntax error at 0
"axi_interconnect_wrap_4x2_tb.vcd", 1583: 

*Error* usage of using constructs outside of modules or primitives is supported only if the option '-sv' is specified
"axi_interconnect_wrap_4x2_tb.vcd", 1584: 

*Error* Syntax error at #
"axi_interconnect_wrap_4x2_tb.vcd", 1584: 

*Error* Syntax error at 1
"axi_interconnect_wrap_4x2_tb.vcd", 1585: 

*Error* Syntax error at b00000000000000000000000000001001
"axi_interconnect_wrap_4x2_tb.vcd", 1586: 

*Error* usage of using constructs outside of modules or primitives is supported only if the option '-sv' is specified
"axi_interconnect_wrap_4x2_tb.vcd", 1587: 

*Error* Syntax error at #
"axi_interconnect_wrap_4x2_tb.vcd", 1587: 

*Error* Syntax error at 0
"axi_interconnect_wrap_4x2_tb.vcd", 1588: 

*Error* usage of using constructs outside of modules or primitives is supported only if the option '-sv' is specified
"axi_interconnect_wrap_4x2_tb.vcd", 1589: 

*Error* Syntax error at #
"axi_interconnect_wrap_4x2_tb.vcd", 1589: 

*Error* Syntax error at 1
"axi_interconnect_wrap_4x2_tb.vcd", 1590: 

*Error* Syntax error at 0
"axi_interconnect_wrap_4x2_tb.vcd", 1591: 

*Error* Syntax error at b00000000000000000000000000001010
"axi_interconnect_wrap_4x2_tb.vcd", 1592: 

*Error* Syntax error at 1
"axi_interconnect_wrap_4x2_tb.vcd", 1593: 

*Error* Syntax error at 1
"axi_interconnect_wrap_4x2_tb.vcd", 1594: 

*Error* Syntax error at 1
"axi_interconnect_wrap_4x2_tb.vcd", 1595: 

*Error* Syntax error at 0
"axi_interconnect_wrap_4x2_tb.vcd", 1596: 

*Error* Syntax error at 1
"axi_interconnect_wrap_4x2_tb.vcd", 1597: 

*Error* usage of using constructs outside of modules or primitives is supported only if the option '-sv' is specified
"axi_interconnect_wrap_4x2_tb.vcd", 1598: 

*Error* Syntax error at #
"axi_interconnect_wrap_4x2_tb.vcd", 1598: 

*Error* Syntax error at 0
"axi_interconnect_wrap_4x2_tb.vcd", 1599: 

*Error* usage of using constructs outside of modules or primitives is supported only if the option '-sv' is specified
"axi_interconnect_wrap_4x2_tb.vcd", 1600: 

*Error* Syntax error at #
"axi_interconnect_wrap_4x2_tb.vcd", 1600: 

*Error* Syntax error at 1
"axi_interconnect_wrap_4x2_tb.vcd", 1601: 

*Error* Syntax error at b00000000000000000000000000001011
"axi_interconnect_wrap_4x2_tb.vcd", 1602: 

*Error* Syntax error at 1
"axi_interconnect_wrap_4x2_tb.vcd", 1603: 

*Error* Syntax error at b01
"axi_interconnect_wrap_4x2_tb.vcd", 1604: 

*Error* Syntax error at 1
"axi_interconnect_wrap_4x2_tb.vcd", 1605: 

*Error* Syntax error at b01
"axi_interconnect_wrap_4x2_tb.vcd", 1606: 

*Error* Syntax error at 1
"axi_interconnect_wrap_4x2_tb.vcd", 1607: 

*Error* Syntax error at b01
"axi_interconnect_wrap_4x2_tb.vcd", 1608: 

*Error* Syntax error at 1
"axi_interconnect_wrap_4x2_tb.vcd", 1609: 

*Error* Syntax error at b01
"axi_interconnect_wrap_4x2_tb.vcd", 1610: 

*Error* Syntax error at 1
"axi_interconnect_wrap_4x2_tb.vcd", 1611: 

*Error* Syntax error at b11
"axi_interconnect_wrap_4x2_tb.vcd", 1612: 

*Error* Syntax error at b01
"axi_interconnect_wrap_4x2_tb.vcd", 1613: 

*Error* Syntax error at 1
"axi_interconnect_wrap_4x2_tb.vcd", 1614: 

*Error* Syntax error at b11
"axi_interconnect_wrap_4x2_tb.vcd", 1615: 

*Error* Syntax error at b01
"axi_interconnect_wrap_4x2_tb.vcd", 1616: 

*Error* Syntax error at b11111111
"axi_interconnect_wrap_4x2_tb.vcd", 1617: 

*Error* Syntax error at b11111111
"axi_interconnect_wrap_4x2_tb.vcd", 1618: 

*Error* Syntax error at b1111111111111111
"axi_interconnect_wrap_4x2_tb.vcd", 1619: 

*Error* Syntax error at b11111111
"axi_interconnect_wrap_4x2_tb.vcd", 1620: 

*Error* usage of using constructs outside of modules or primitives is supported only if the option '-sv' is specified
"axi_interconnect_wrap_4x2_tb.vcd", 1621: 

*Error* Syntax error at #
"axi_interconnect_wrap_4x2_tb.vcd", 1621: 

*Error* Syntax error at 0
"axi_interconnect_wrap_4x2_tb.vcd", 1622: 

*Error* usage of using constructs outside of modules or primitives is supported only if the option '-sv' is specified
"axi_interconnect_wrap_4x2_tb.vcd", 1623: 

*Error* Syntax error at #
"axi_interconnect_wrap_4x2_tb.vcd", 1623: 

*Error* Syntax error at 1
"axi_interconnect_wrap_4x2_tb.vcd", 1624: 

*Error* Syntax error at b00000000000000000000000000001100
"axi_interconnect_wrap_4x2_tb.vcd", 1625: 

*Error* usage of using constructs outside of modules or primitives is supported only if the option '-sv' is specified
"axi_interconnect_wrap_4x2_tb.vcd", 1626: 

*Error* Syntax error at #
"axi_interconnect_wrap_4x2_tb.vcd", 1626: 

*Error* Syntax error at 0
"axi_interconnect_wrap_4x2_tb.vcd", 1627: 

*Error* usage of using constructs outside of modules or primitives is supported only if the option '-sv' is specified
"axi_interconnect_wrap_4x2_tb.vcd", 1628: 

*Error* Syntax error at #
"axi_interconnect_wrap_4x2_tb.vcd", 1628: 

*Error* Syntax error at 1
"axi_interconnect_wrap_4x2_tb.vcd", 1629: 

*Error* Syntax error at b00000000000000000000000000001101
"axi_interconnect_wrap_4x2_tb.vcd", 1630: 

*Error* usage of using constructs outside of modules or primitives is supported only if the option '-sv' is specified
"axi_interconnect_wrap_4x2_tb.vcd", 1631: 

*Error* Syntax error at #
"axi_interconnect_wrap_4x2_tb.vcd", 1631: 

*Error* Syntax error at 0
"axi_interconnect_wrap_4x2_tb.vcd", 1632: 

*Error* usage of using constructs outside of modules or primitives is supported only if the option '-sv' is specified
"axi_interconnect_wrap_4x2_tb.vcd", 1633: 

*Error* Syntax error at #
"axi_interconnect_wrap_4x2_tb.vcd", 1633: 

*Error* Syntax error at 1
"axi_interconnect_wrap_4x2_tb.vcd", 1634: 

*Error* Syntax error at b00000000000000000000000000001110
"axi_interconnect_wrap_4x2_tb.vcd", 1635: 

*Error* usage of using constructs outside of modules or primitives is supported only if the option '-sv' is specified
"axi_interconnect_wrap_4x2_tb.vcd", 1636: 

*Error* Syntax error at #
"axi_interconnect_wrap_4x2_tb.vcd", 1636: 

*Error* Syntax error at 0
"axi_interconnect_wrap_4x2_tb.vcd", 1637: 

*Error* usage of using constructs outside of modules or primitives is supported only if the option '-sv' is specified
"axi_interconnect_wrap_4x2_tb.vcd", 1638: 

*Error* Syntax error at #
"axi_interconnect_wrap_4x2_tb.vcd", 1638: 

*Error* Syntax error at 1
"axi_interconnect_wrap_4x2_tb.vcd", 1639: 

*Error* Syntax error at b00000000000000000000000000001111
"axi_interconnect_wrap_4x2_tb.vcd", 1640: 

*Error* usage of using constructs outside of modules or primitives is supported only if the option '-sv' is specified
"axi_interconnect_wrap_4x2_tb.vcd", 1641: 

*Error* Syntax error at #
"axi_interconnect_wrap_4x2_tb.vcd", 1641: 

*Error* Syntax error at 0
"axi_interconnect_wrap_4x2_tb.vcd", 1642: 

*Error* usage of using constructs outside of modules or primitives is supported only if the option '-sv' is specified
"axi_interconnect_wrap_4x2_tb.vcd", 1643: 

*Error* Syntax error at #
"axi_interconnect_wrap_4x2_tb.vcd", 1643: 

*Error* Syntax error at 1
"axi_interconnect_wrap_4x2_tb.vcd", 1644: 

*Error* Syntax error at b00000000000000000000000000010000
"axi_interconnect_wrap_4x2_tb.vcd", 1645: 

*Error* usage of using constructs outside of modules or primitives is supported only if the option '-sv' is specified
"axi_interconnect_wrap_4x2_tb.vcd", 1646: 

*Error* Syntax error at #
"axi_interconnect_wrap_4x2_tb.vcd", 1646: 

*Error* Syntax error at 0
"axi_interconnect_wrap_4x2_tb.vcd", 1647: 

*Error* usage of using constructs outside of modules or primitives is supported only if the option '-sv' is specified
"axi_interconnect_wrap_4x2_tb.vcd", 1648: 

*Error* Syntax error at #
"axi_interconnect_wrap_4x2_tb.vcd", 1648: 

*Error* Syntax error at 1
"axi_interconnect_wrap_4x2_tb.vcd", 1649: 

*Error* Syntax error at b00000000000000000000000000010001
"axi_interconnect_wrap_4x2_tb.vcd", 1650: 

*Error* usage of using constructs outside of modules or primitives is supported only if the option '-sv' is specified
"axi_interconnect_wrap_4x2_tb.vcd", 1651: 

*Error* Syntax error at #
"axi_interconnect_wrap_4x2_tb.vcd", 1651: 

*Error* Syntax error at 0
"axi_interconnect_wrap_4x2_tb.vcd", 1652: 

*Error* usage of using constructs outside of modules or primitives is supported only if the option '-sv' is specified
"axi_interconnect_wrap_4x2_tb.vcd", 1653: 

*Error* Syntax error at #
"axi_interconnect_wrap_4x2_tb.vcd", 1653: 

*Error* Syntax error at 1
"axi_interconnect_wrap_4x2_tb.vcd", 1654: 

*Error* Syntax error at b00000000000000000000000000010010
"axi_interconnect_wrap_4x2_tb.vcd", 1655: 

*Error* usage of using constructs outside of modules or primitives is supported only if the option '-sv' is specified
"axi_interconnect_wrap_4x2_tb.vcd", 1656: 

*Error* Syntax error at #
"axi_interconnect_wrap_4x2_tb.vcd", 1656: 

*Error* Syntax error at 0
"axi_interconnect_wrap_4x2_tb.vcd", 1657: 

*Error* usage of using constructs outside of modules or primitives is supported only if the option '-sv' is specified
"axi_interconnect_wrap_4x2_tb.vcd", 1658: 

*Error* Syntax error at #
"axi_interconnect_wrap_4x2_tb.vcd", 1658: 

*Error* Syntax error at 1
"axi_interconnect_wrap_4x2_tb.vcd", 1659: 

*Error* Syntax error at b00000000000000000000000000010011
"axi_interconnect_wrap_4x2_tb.vcd", 1660: 

*Error* usage of using constructs outside of modules or primitives is supported only if the option '-sv' is specified
"axi_interconnect_wrap_4x2_tb.vcd", 1661: 

*Error* Syntax error at #
"axi_interconnect_wrap_4x2_tb.vcd", 1661: 

*Error* Syntax error at 0
"axi_interconnect_wrap_4x2_tb.vcd", 1662: 

*Error* usage of using constructs outside of modules or primitives is supported only if the option '-sv' is specified
"axi_interconnect_wrap_4x2_tb.vcd", 1663: 

*Error* Syntax error at #
"axi_interconnect_wrap_4x2_tb.vcd", 1663: 

*Error* Syntax error at 1
"axi_interconnect_wrap_4x2_tb.vcd", 1664: 

*Error* Syntax error at b00000000000000000000000000000001
"axi_interconnect_wrap_4x2_tb.vcd", 1665: 

*Error* Syntax error at b00000000000000000000000000010100
"axi_interconnect_wrap_4x2_tb.vcd", 1666: 

*Error* usage of using constructs outside of modules or primitives is supported only if the option '-sv' is specified
"axi_interconnect_wrap_4x2_tb.vcd", 1667: 

*Error* Syntax error at #
"axi_interconnect_wrap_4x2_tb.vcd", 1667: 

*Error* Syntax error at 0
"axi_interconnect_wrap_4x2_tb.vcd", 1668: 

*Error* usage of using constructs outside of modules or primitives is supported only if the option '-sv' is specified
"axi_interconnect_wrap_4x2_tb.vcd", 1669: 

*Error* Syntax error at #
"axi_interconnect_wrap_4x2_tb.vcd", 1669: 

*Error* Syntax error at 1
"axi_interconnect_wrap_4x2_tb.vcd", 1670: 

*Error* Syntax error at b00000001
"axi_interconnect_wrap_4x2_tb.vcd", 1671: 

*Error* Syntax error at b00000000000000000000000100000000
"axi_interconnect_wrap_4x2_tb.vcd", 1672: 

*Error* Syntax error at b00000001
"axi_interconnect_wrap_4x2_tb.vcd", 1673: 

*Error* Syntax error at b00000001
"axi_interconnect_wrap_4x2_tb.vcd", 1674: 

*Error* Syntax error at 1
"axi_interconnect_wrap_4x2_tb.vcd", 1675: 

*Error* Syntax error at 1
"axi_interconnect_wrap_4x2_tb.vcd", 1676: 

*Error* Syntax error at 1
"axi_interconnect_wrap_4x2_tb.vcd", 1677: 

*Error* Syntax error at b0001
"axi_interconnect_wrap_4x2_tb.vcd", 1678: 

*Error* Syntax error at b00000000000000000000000000010101
"axi_interconnect_wrap_4x2_tb.vcd", 1679: 

*Error* Syntax error at b00000000000000000000000000000001
"axi_interconnect_wrap_4x2_tb.vcd", 1680: 

*Error* Syntax error at b00000001
"axi_interconnect_wrap_4x2_tb.vcd", 1681: 

*Error* Syntax error at b00000000000000000000000000000000000000000000000000000000000000000000000000000000000000000000000000000000000000000000000100000000
"axi_interconnect_wrap_4x2_tb.vcd", 1682: 

*Error* Syntax error at b00000000000000000000000100000000
"axi_interconnect_wrap_4x2_tb.vcd", 1683: 

*Error* Syntax error at b000
"axi_interconnect_wrap_4x2_tb.vcd", 1684: 

*Error* Syntax error at b00000001
"axi_interconnect_wrap_4x2_tb.vcd", 1685: 

*Error* Syntax error at b00000001
"axi_interconnect_wrap_4x2_tb.vcd", 1686: 

*Error* Syntax error at 1
"axi_interconnect_wrap_4x2_tb.vcd", 1687: 

*Error* Syntax error at b11111110
"axi_interconnect_wrap_4x2_tb.vcd", 1688: 

*Error* usage of using constructs outside of modules or primitives is supported only if the option '-sv' is specified
"axi_interconnect_wrap_4x2_tb.vcd", 1689: 

*Error* Syntax error at #
"axi_interconnect_wrap_4x2_tb.vcd", 1689: 

*Error* Syntax error at 0
"axi_interconnect_wrap_4x2_tb.vcd", 1690: 

*Error* usage of using constructs outside of modules or primitives is supported only if the option '-sv' is specified
"axi_interconnect_wrap_4x2_tb.vcd", 1691: 

*Error* Syntax error at #
"axi_interconnect_wrap_4x2_tb.vcd", 1691: 

*Error* Syntax error at 1
"axi_interconnect_wrap_4x2_tb.vcd", 1692: 

*Error* Syntax error at b00000000000000000000000000010110
"axi_interconnect_wrap_4x2_tb.vcd", 1693: 

*Error* Syntax error at b00000001
"axi_interconnect_wrap_4x2_tb.vcd", 1694: 

*Error* Syntax error at 1
"axi_interconnect_wrap_4x2_tb.vcd", 1695: 

*Error* Syntax error at b11111110
"axi_interconnect_wrap_4x2_tb.vcd", 1696: 

*Error* Syntax error at b001
"axi_interconnect_wrap_4x2_tb.vcd", 1697: 

*Error* Syntax error at b00000001
"axi_interconnect_wrap_4x2_tb.vcd", 1698: 

*Error* Syntax error at b00000000000000000000000100000000
"axi_interconnect_wrap_4x2_tb.vcd", 1699: 

*Error* Syntax error at 1
"axi_interconnect_wrap_4x2_tb.vcd", 1700: 

*Error* Syntax error at b011
"axi_interconnect_wrap_4x2_tb.vcd", 1701: 

*Error* Syntax error at b01
"axi_interconnect_wrap_4x2_tb.vcd", 1702: 

*Error* Syntax error at b0001
"axi_interconnect_wrap_4x2_tb.vcd", 1703: 

*Error* usage of using constructs outside of modules or primitives is supported only if the option '-sv' is specified
"axi_interconnect_wrap_4x2_tb.vcd", 1704: 

*Error* Syntax error at #
"axi_interconnect_wrap_4x2_tb.vcd", 1704: 

*Error* Syntax error at 0
"axi_interconnect_wrap_4x2_tb.vcd", 1705: 

*Error* usage of using constructs outside of modules or primitives is supported only if the option '-sv' is specified
"axi_interconnect_wrap_4x2_tb.vcd", 1706: 

*Error* Syntax error at #
"axi_interconnect_wrap_4x2_tb.vcd", 1706: 

*Error* Syntax error at 1
"axi_interconnect_wrap_4x2_tb.vcd", 1707: 

*Error* Syntax error at b00000000000000000000000000010111
"axi_interconnect_wrap_4x2_tb.vcd", 1708: 

*Error* Syntax error at b001
"axi_interconnect_wrap_4x2_tb.vcd", 1709: 

*Error* Syntax error at b0001
"axi_interconnect_wrap_4x2_tb.vcd", 1710: 

*Error* Syntax error at 1
"axi_interconnect_wrap_4x2_tb.vcd", 1711: 

*Error* Syntax error at 1.
"axi_interconnect_wrap_4x2_tb.vcd", 1712: 

*Error* Syntax error at b00000001
"axi_interconnect_wrap_4x2_tb.vcd", 1713: 

*Error* Syntax error at b00000001
"axi_interconnect_wrap_4x2_tb.vcd", 1714: 

*Error* Syntax error at b00000001000000010000000100000001
"axi_interconnect_wrap_4x2_tb.vcd", 1715: 

*Error* Syntax error at b00000001
"axi_interconnect_wrap_4x2_tb.vcd", 1716: 

*Error* Syntax error at b00000000000000000000000100000000
"axi_interconnect_wrap_4x2_tb.vcd", 1717: 

*Error* Syntax error at b00000000000000000000000100000000
"axi_interconnect_wrap_4x2_tb.vcd", 1718: 

*Error* Syntax error at b0000000000000000000000010000000000000000000000000000000100000000
"axi_interconnect_wrap_4x2_tb.vcd", 1719: 

*Error* Syntax error at b00000000000000000000000100000000
"axi_interconnect_wrap_4x2_tb.vcd", 1720: 

*Error* Syntax error at b00000000000000000000000100000000
"axi_interconnect_wrap_4x2_tb.vcd", 1721: 

*Error* Syntax error at 1
"axi_interconnect_wrap_4x2_tb.vcd", 1722: 

*Error* Syntax error at b011
"axi_interconnect_wrap_4x2_tb.vcd", 1723: 

*Error* Syntax error at b011
"axi_interconnect_wrap_4x2_tb.vcd", 1724: 

*Error* Syntax error at b011011
"axi_interconnect_wrap_4x2_tb.vcd", 1725: 

*Error* Syntax error at b011
"axi_interconnect_wrap_4x2_tb.vcd", 1726: 

*Error* Syntax error at b011
"axi_interconnect_wrap_4x2_tb.vcd", 1727: 

*Error* Syntax error at b01
"axi_interconnect_wrap_4x2_tb.vcd", 1728: 

*Error* Syntax error at b01
"axi_interconnect_wrap_4x2_tb.vcd", 1729: 

*Error* Syntax error at b0101
"axi_interconnect_wrap_4x2_tb.vcd", 1730: 

*Error* Syntax error at b01
"axi_interconnect_wrap_4x2_tb.vcd", 1731: 

*Error* Syntax error at b01
"axi_interconnect_wrap_4x2_tb.vcd", 1732: 

*Error* Syntax error at b010
"axi_interconnect_wrap_4x2_tb.vcd", 1733: 

*Error* Syntax error at 1
"axi_interconnect_wrap_4x2_tb.vcd", 1734: 

*Error* Syntax error at b0000
"axi_interconnect_wrap_4x2_tb.vcd", 1735: 

*Error* Syntax error at b0001
"axi_interconnect_wrap_4x2_tb.vcd", 1736: 

*Error* Syntax error at b00000001
"axi_interconnect_wrap_4x2_tb.vcd", 1737: 

*Error* Syntax error at b00000000000000000000000000000001
"axi_interconnect_wrap_4x2_tb.vcd", 1738: 

*Error* usage of using constructs outside of modules or primitives is supported only if the option '-sv' is specified
"axi_interconnect_wrap_4x2_tb.vcd", 1739: 

*Error* Syntax error at #
"axi_interconnect_wrap_4x2_tb.vcd", 1739: 

*Error* Syntax error at 0
"axi_interconnect_wrap_4x2_tb.vcd", 1740: 

*Error* usage of using constructs outside of modules or primitives is supported only if the option '-sv' is specified
"axi_interconnect_wrap_4x2_tb.vcd", 1741: 

*Error* Syntax error at #
"axi_interconnect_wrap_4x2_tb.vcd", 1741: 

*Error* Syntax error at 1
"axi_interconnect_wrap_4x2_tb.vcd", 1742: 

*Error* Syntax error at b00000000000000000000000000011000
"axi_interconnect_wrap_4x2_tb.vcd", 1743: 

*Error* Syntax error at b010
"axi_interconnect_wrap_4x2_tb.vcd", 1744: 

*Error* Syntax error at b0000
"axi_interconnect_wrap_4x2_tb.vcd", 1745: 

*Error* Syntax error at 0
"axi_interconnect_wrap_4x2_tb.vcd", 1746: 

*Error* Syntax error at 0.
"axi_interconnect_wrap_4x2_tb.vcd", 1747: 

*Error* Syntax error at b0001
"axi_interconnect_wrap_4x2_tb.vcd", 1748: 

*Error* Syntax error at 14
"axi_interconnect_wrap_4x2_tb.vcd", 1749: 

*Error* Syntax error at 1
"axi_interconnect_wrap_4x2_tb.vcd", 1750: 

*Error* Syntax error at b00000001
"axi_interconnect_wrap_4x2_tb.vcd", 1751: 

*Error* Syntax error at b00000001
"axi_interconnect_wrap_4x2_tb.vcd", 1752: 

*Error* Syntax error at b00000001000000010000000100000001
"axi_interconnect_wrap_4x2_tb.vcd", 1753: 

*Error* Syntax error at b00000001
"axi_interconnect_wrap_4x2_tb.vcd", 1754: 

*Error* Syntax error at 0
"axi_interconnect_wrap_4x2_tb.vcd", 1755: 

*Error* Syntax error at 0
"axi_interconnect_wrap_4x2_tb.vcd", 1756: 

*Error* Syntax error at b01
"axi_interconnect_wrap_4x2_tb.vcd", 1757: 

*Error* usage of using constructs outside of modules or primitives is supported only if the option '-sv' is specified
"axi_interconnect_wrap_4x2_tb.vcd", 1758: 

*Error* Syntax error at #
"axi_interconnect_wrap_4x2_tb.vcd", 1758: 

*Error* Syntax error at 0
"axi_interconnect_wrap_4x2_tb.vcd", 1759: 

*Error* usage of using constructs outside of modules or primitives is supported only if the option '-sv' is specified
"axi_interconnect_wrap_4x2_tb.vcd", 1760: 

*Error* Syntax error at #
"axi_interconnect_wrap_4x2_tb.vcd", 1760: 

*Error* Syntax error at 1
"axi_interconnect_wrap_4x2_tb.vcd", 1761: 

*Error* Syntax error at b00000000
"axi_interconnect_wrap_4x2_tb.vcd", 1762: 

*Error* Syntax error at b00000000
"axi_interconnect_wrap_4x2_tb.vcd", 1763: 

*Error* Syntax error at 0
"axi_interconnect_wrap_4x2_tb.vcd", 1764: 

*Error* Syntax error at 0
"axi_interconnect_wrap_4x2_tb.vcd", 1765: 

*Error* Syntax error at 0
"axi_interconnect_wrap_4x2_tb.vcd", 1766: 

*Error* Syntax error at b0000
"axi_interconnect_wrap_4x2_tb.vcd", 1767: 

*Error* Syntax error at b1101111010101101101111101110111100010010001101000101011001111000
"axi_interconnect_wrap_4x2_tb.vcd", 1768: 

*Error* Syntax error at 11
"axi_interconnect_wrap_4x2_tb.vcd", 1769: 

*Error* Syntax error at 13
"axi_interconnect_wrap_4x2_tb.vcd", 1770: 

*Error* Syntax error at b00000000000000000000000000011001
"axi_interconnect_wrap_4x2_tb.vcd", 1771: 

*Error* Syntax error at b111
"axi_interconnect_wrap_4x2_tb.vcd", 1772: 

*Error* Syntax error at b10000000
"axi_interconnect_wrap_4x2_tb.vcd", 1773: 

*Error* Syntax error at b0000000000000000000000000000000000000000000000000000000000000000000000000000000000000000000000000000000000000000000000000000000000000000000000000000000000000000000000000000000000000000000000001101111010101101101111101110111100010010001101000101011001111000
"axi_interconnect_wrap_4x2_tb.vcd", 1774: 

*Error* Syntax error at b1101111010101101101111101110111100010010001101000101011001111000
"axi_interconnect_wrap_4x2_tb.vcd", 1775: 

*Error* Syntax error at b0001
"axi_interconnect_wrap_4x2_tb.vcd", 1776: 

*Error* Syntax error at 1
"axi_interconnect_wrap_4x2_tb.vcd", 1777: 

*Error* Syntax error at b011
"axi_interconnect_wrap_4x2_tb.vcd", 1778: 

*Error* Syntax error at b0000
"axi_interconnect_wrap_4x2_tb.vcd", 1779: 

*Error* Syntax error at b01
"axi_interconnect_wrap_4x2_tb.vcd", 1780: 

*Error* Syntax error at b1101111010101101101111101110111100010010001101000101011001111000
"axi_interconnect_wrap_4x2_tb.vcd", 1781: 

*Error* Syntax error at 1
"axi_interconnect_wrap_4x2_tb.vcd", 1782: 

*Error* Syntax error at 1
"axi_interconnect_wrap_4x2_tb.vcd", 1783: 

*Error* Syntax error at b0001
"axi_interconnect_wrap_4x2_tb.vcd", 1784: 

*Error* Syntax error at 1
"axi_interconnect_wrap_4x2_tb.vcd", 1785: 

*Error* Syntax error at b01
"axi_interconnect_wrap_4x2_tb.vcd", 1786: 

*Error* Syntax error at b01
"axi_interconnect_wrap_4x2_tb.vcd", 1787: 

*Error* Syntax error at 1
"axi_interconnect_wrap_4x2_tb.vcd", 1788: 

*Error* Syntax error at 1
"axi_interconnect_wrap_4x2_tb.vcd", 1789: 

*Error* Syntax error at 0
"axi_interconnect_wrap_4x2_tb.vcd", 1790: 

*Error* Syntax error at b00
"axi_interconnect_wrap_4x2_tb.vcd", 1791: 

*Error* usage of using constructs outside of modules or primitives is supported only if the option '-sv' is specified
"axi_interconnect_wrap_4x2_tb.vcd", 1792: 

*Error* Syntax error at #
"axi_interconnect_wrap_4x2_tb.vcd", 1792: 

*Error* Syntax error at 0
"axi_interconnect_wrap_4x2_tb.vcd", 1793: 

*Error* usage of using constructs outside of modules or primitives is supported only if the option '-sv' is specified
"axi_interconnect_wrap_4x2_tb.vcd", 1794: 

*Error* Syntax error at #
"axi_interconnect_wrap_4x2_tb.vcd", 1794: 

*Error* Syntax error at 1
"axi_interconnect_wrap_4x2_tb.vcd", 1795: 

*Error* Syntax error at 03
"axi_interconnect_wrap_4x2_tb.vcd", 1796: 

*Error* Syntax error at 01
"axi_interconnect_wrap_4x2_tb.vcd", 1797: 

*Error* Syntax error at b00000000000000000000000000011010
"axi_interconnect_wrap_4x2_tb.vcd", 1798: 

*Error* Syntax error at b0000
"axi_interconnect_wrap_4x2_tb.vcd", 1799: 

*Error* Syntax error at 0
"axi_interconnect_wrap_4x2_tb.vcd", 1800: 

*Error* Syntax error at b010
"axi_interconnect_wrap_4x2_tb.vcd", 1801: 

*Error* Syntax error at b0001
"axi_interconnect_wrap_4x2_tb.vcd", 1802: 

*Error* Syntax error at b00
"axi_interconnect_wrap_4x2_tb.vcd", 1803: 

*Error* Syntax error at 0
"axi_interconnect_wrap_4x2_tb.vcd", 1804: 

*Error* Syntax error at 0
"axi_interconnect_wrap_4x2_tb.vcd", 1805: 

*Error* Syntax error at b0000
"axi_interconnect_wrap_4x2_tb.vcd", 1806: 

*Error* Syntax error at 0
"axi_interconnect_wrap_4x2_tb.vcd", 1807: 

*Error* Syntax error at b00
"axi_interconnect_wrap_4x2_tb.vcd", 1808: 

*Error* Syntax error at b00000000
"axi_interconnect_wrap_4x2_tb.vcd", 1809: 

*Error* Syntax error at b00000000
"axi_interconnect_wrap_4x2_tb.vcd", 1810: 

*Error* Syntax error at 0
"axi_interconnect_wrap_4x2_tb.vcd", 1811: 

*Error* Syntax error at b10
"axi_interconnect_wrap_4x2_tb.vcd", 1812: 

*Error* Syntax error at 0
"axi_interconnect_wrap_4x2_tb.vcd", 1813: 

*Error* Syntax error at 1
"axi_interconnect_wrap_4x2_tb.vcd", 1814: 

*Error* Syntax error at b01
"axi_interconnect_wrap_4x2_tb.vcd", 1815: 

*Error* Syntax error at b10
"axi_interconnect_wrap_4x2_tb.vcd", 1816: 

*Error* Syntax error at b011
"axi_interconnect_wrap_4x2_tb.vcd", 1817: 

*Error* Syntax error at b0000
"axi_interconnect_wrap_4x2_tb.vcd", 1818: 

*Error* Syntax error at 04
"axi_interconnect_wrap_4x2_tb.vcd", 1819: 

*Error* Syntax error at 0
"axi_interconnect_wrap_4x2_tb.vcd", 1820: 

*Error* Syntax error at b00
"axi_interconnect_wrap_4x2_tb.vcd", 1821: 

*Error* Syntax error at 0
"axi_interconnect_wrap_4x2_tb.vcd", 1822: 

*Error* Syntax error at 0
"axi_interconnect_wrap_4x2_tb.vcd", 1823: 

*Error* Syntax error at b01
"axi_interconnect_wrap_4x2_tb.vcd", 1824: 

*Error* Syntax error at 1
"axi_interconnect_wrap_4x2_tb.vcd", 1825: 

*Error* Syntax error at 1
"axi_interconnect_wrap_4x2_tb.vcd", 1826: 

*Error* Syntax error at b01
"axi_interconnect_wrap_4x2_tb.vcd", 1827: 

*Error* Syntax error at 1
"axi_interconnect_wrap_4x2_tb.vcd", 1828: 

*Error* Syntax error at 1
"axi_interconnect_wrap_4x2_tb.vcd", 1829: 

*Error* Syntax error at b1101111010101101101111101110111100010010001101000101011001111000
"axi_interconnect_wrap_4x2_tb.vcd", 1830: 

*Error* Syntax error at b1101111010101101101111101110111100010010001101000101011001111000
"axi_interconnect_wrap_4x2_tb.vcd", 1831: 

*Error* Syntax error at b1101111010101101101111101110111100010010001101000101011001111000
"axi_interconnect_wrap_4x2_tb.vcd", 1832: 

*Error* Syntax error at b11011110101011011011111011101111000100100011010001010110011110001101111010101101101111101110111100010010001101000101011001111000
"axi_interconnect_wrap_4x2_tb.vcd", 1833: 

*Error* Syntax error at 1
"axi_interconnect_wrap_4x2_tb.vcd", 1834: 

*Error* Syntax error at 1
"axi_interconnect_wrap_4x2_tb.vcd", 1835: 

*Error* Syntax error at 1
"axi_interconnect_wrap_4x2_tb.vcd", 1836: 

*Error* Syntax error at b11
"axi_interconnect_wrap_4x2_tb.vcd", 1837: 

*Error* Syntax error at b011
"axi_interconnect_wrap_4x2_tb.vcd", 1838: 

*Error* Syntax error at b0000
"axi_interconnect_wrap_4x2_tb.vcd", 1839: 

*Error* Syntax error at b01
"axi_interconnect_wrap_4x2_tb.vcd", 1840: 

*Error* Syntax error at 1
"axi_interconnect_wrap_4x2_tb.vcd", 1841: 

*Error* usage of using constructs outside of modules or primitives is supported only if the option '-sv' is specified
"axi_interconnect_wrap_4x2_tb.vcd", 1842: 

*Error* Syntax error at #
"axi_interconnect_wrap_4x2_tb.vcd", 1842: 

*Error* Syntax error at 0
"axi_interconnect_wrap_4x2_tb.vcd", 1843: 

*Error* usage of using constructs outside of modules or primitives is supported only if the option '-sv' is specified
"axi_interconnect_wrap_4x2_tb.vcd", 1844: 

*Error* Syntax error at #
"axi_interconnect_wrap_4x2_tb.vcd", 1844: 

*Error* Syntax error at 1
"axi_interconnect_wrap_4x2_tb.vcd", 1845: 

*Error* Syntax error at b00000000000000000000000000011011
"axi_interconnect_wrap_4x2_tb.vcd", 1846: 

*Error* Syntax error at 0
"axi_interconnect_wrap_4x2_tb.vcd", 1847: 

*Error* Syntax error at b00
"axi_interconnect_wrap_4x2_tb.vcd", 1848: 

*Error* Syntax error at 1
"axi_interconnect_wrap_4x2_tb.vcd", 1849: 

*Error* Syntax error at b01
"axi_interconnect_wrap_4x2_tb.vcd", 1850: 

*Error* Syntax error at b11
"axi_interconnect_wrap_4x2_tb.vcd", 1851: 

*Error* Syntax error at b00
"axi_interconnect_wrap_4x2_tb.vcd", 1852: 

*Error* Syntax error at 0
"axi_interconnect_wrap_4x2_tb.vcd", 1853: 

*Error* Syntax error at 0
"axi_interconnect_wrap_4x2_tb.vcd", 1854: 

*Error* Syntax error at 0
"axi_interconnect_wrap_4x2_tb.vcd", 1855: 

*Error* Syntax error at 0
"axi_interconnect_wrap_4x2_tb.vcd", 1856: 

*Error* Syntax error at 0
"axi_interconnect_wrap_4x2_tb.vcd", 1857: 

*Error* Syntax error at b00
"axi_interconnect_wrap_4x2_tb.vcd", 1858: 

*Error* Syntax error at 0
"axi_interconnect_wrap_4x2_tb.vcd", 1859: 

*Error* Syntax error at 1
"axi_interconnect_wrap_4x2_tb.vcd", 1860: 

*Error* Syntax error at b111
"axi_interconnect_wrap_4x2_tb.vcd", 1861: 

*Error* Syntax error at b0001
"axi_interconnect_wrap_4x2_tb.vcd", 1862: 

*Error* Syntax error at b00
"axi_interconnect_wrap_4x2_tb.vcd", 1863: 

*Error* usage of using constructs outside of modules or primitives is supported only if the option '-sv' is specified
"axi_interconnect_wrap_4x2_tb.vcd", 1864: 

*Error* Syntax error at #
"axi_interconnect_wrap_4x2_tb.vcd", 1864: 

*Error* Syntax error at 0
"axi_interconnect_wrap_4x2_tb.vcd", 1865: 

*Error* usage of using constructs outside of modules or primitives is supported only if the option '-sv' is specified
"axi_interconnect_wrap_4x2_tb.vcd", 1866: 

*Error* Syntax error at #
"axi_interconnect_wrap_4x2_tb.vcd", 1866: 

*Error* Syntax error at 1
"axi_interconnect_wrap_4x2_tb.vcd", 1867: 

*Error* Syntax error at b00000000000000000000000000011100
"axi_interconnect_wrap_4x2_tb.vcd", 1868: 

*Error* Syntax error at 0
"axi_interconnect_wrap_4x2_tb.vcd", 1869: 

*Error* Syntax error at b00
"axi_interconnect_wrap_4x2_tb.vcd", 1870: 

*Error* Syntax error at 1
"axi_interconnect_wrap_4x2_tb.vcd", 1871: 

*Error* Syntax error at b11
"axi_interconnect_wrap_4x2_tb.vcd", 1872: 

*Error* Syntax error at 1
"axi_interconnect_wrap_4x2_tb.vcd", 1873: 

*Error* Syntax error at b01
"axi_interconnect_wrap_4x2_tb.vcd", 1874: 

*Error* Syntax error at b111
"axi_interconnect_wrap_4x2_tb.vcd", 1875: 

*Error* Syntax error at b0001
"axi_interconnect_wrap_4x2_tb.vcd", 1876: 

*Error* Syntax error at 1
"axi_interconnect_wrap_4x2_tb.vcd", 1877: 

*Error* Syntax error at 18
"axi_interconnect_wrap_4x2_tb.vcd", 1878: 

*Error* Syntax error at b00
"axi_interconnect_wrap_4x2_tb.vcd", 1879: 

*Error* Syntax error at 0
"axi_interconnect_wrap_4x2_tb.vcd", 1880: 

*Error* Syntax error at 0
"axi_interconnect_wrap_4x2_tb.vcd", 1881: 

*Error* Syntax error at 0
"axi_interconnect_wrap_4x2_tb.vcd", 1882: 

*Error* Syntax error at b0000
"axi_interconnect_wrap_4x2_tb.vcd", 1883: 

*Error* Syntax error at b00000001
"axi_interconnect_wrap_4x2_tb.vcd", 1884: 

*Error* Syntax error at b000
"axi_interconnect_wrap_4x2_tb.vcd", 1885: 

*Error* Syntax error at b00000000
"axi_interconnect_wrap_4x2_tb.vcd", 1886: 

*Error* Syntax error at 0
"axi_interconnect_wrap_4x2_tb.vcd", 1887: 

*Error* usage of using constructs outside of modules or primitives is supported only if the option '-sv' is specified
"axi_interconnect_wrap_4x2_tb.vcd", 1888: 

*Error* Syntax error at #
"axi_interconnect_wrap_4x2_tb.vcd", 1888: 

*Error* Syntax error at 0
"axi_interconnect_wrap_4x2_tb.vcd", 1889: 

*Error* usage of using constructs outside of modules or primitives is supported only if the option '-sv' is specified
"axi_interconnect_wrap_4x2_tb.vcd", 1890: 

*Error* Syntax error at #
"axi_interconnect_wrap_4x2_tb.vcd", 1890: 

*Error* Syntax error at 1
"axi_interconnect_wrap_4x2_tb.vcd", 1891: 

*Error* Syntax error at b00000000000000000000000000011101
"axi_interconnect_wrap_4x2_tb.vcd", 1892: 

*Error* Syntax error at b000
"axi_interconnect_wrap_4x2_tb.vcd", 1893: 

*Error* Syntax error at b0000
"axi_interconnect_wrap_4x2_tb.vcd", 1894: 

*Error* Syntax error at 0
"axi_interconnect_wrap_4x2_tb.vcd", 1895: 

*Error* Syntax error at 08
"axi_interconnect_wrap_4x2_tb.vcd", 1896: 

*Error* Syntax error at b00000000
"axi_interconnect_wrap_4x2_tb.vcd", 1897: 

*Error* Syntax error at 0
"axi_interconnect_wrap_4x2_tb.vcd", 1898: 

*Error* Syntax error at b00000000
"axi_interconnect_wrap_4x2_tb.vcd", 1899: 

*Error* usage of using constructs outside of modules or primitives is supported only if the option '-sv' is specified
"axi_interconnect_wrap_4x2_tb.vcd", 1900: 

*Error* Syntax error at #
"axi_interconnect_wrap_4x2_tb.vcd", 1900: 

*Error* Syntax error at 0
"axi_interconnect_wrap_4x2_tb.vcd", 1901: 

*Error* usage of using constructs outside of modules or primitives is supported only if the option '-sv' is specified
"axi_interconnect_wrap_4x2_tb.vcd", 1902: 

*Error* Syntax error at #
"axi_interconnect_wrap_4x2_tb.vcd", 1902: 

*Error* Syntax error at 1
"axi_interconnect_wrap_4x2_tb.vcd", 1903: 

*Error* Syntax error at 1
"axi_interconnect_wrap_4x2_tb.vcd", 1904: 

*Error* Syntax error at b00000000000000000000000000000010
"axi_interconnect_wrap_4x2_tb.vcd", 1905: 

*Error* Syntax error at b00000000000000000000000000011110
"axi_interconnect_wrap_4x2_tb.vcd", 1906: 

*Error* usage of using constructs outside of modules or primitives is supported only if the option '-sv' is specified
"axi_interconnect_wrap_4x2_tb.vcd", 1907: 

*Error* Syntax error at #
"axi_interconnect_wrap_4x2_tb.vcd", 1907: 

*Error* Syntax error at 0
"axi_interconnect_wrap_4x2_tb.vcd", 1908: 

*Error* usage of using constructs outside of modules or primitives is supported only if the option '-sv' is specified
"axi_interconnect_wrap_4x2_tb.vcd", 1909: 

*Error* Syntax error at #
"axi_interconnect_wrap_4x2_tb.vcd", 1909: 

*Error* Syntax error at 1
"axi_interconnect_wrap_4x2_tb.vcd", 1910: 

*Error* Syntax error at b00000010
"axi_interconnect_wrap_4x2_tb.vcd", 1911: 

*Error* Syntax error at b01000000000000000000001000000000
"axi_interconnect_wrap_4x2_tb.vcd", 1912: 

*Error* Syntax error at b00000001
"axi_interconnect_wrap_4x2_tb.vcd", 1913: 

*Error* Syntax error at b00000001
"axi_interconnect_wrap_4x2_tb.vcd", 1914: 

*Error* Syntax error at 1
"axi_interconnect_wrap_4x2_tb.vcd", 1915: 

*Error* Syntax error at 1
"axi_interconnect_wrap_4x2_tb.vcd", 1916: 

*Error* Syntax error at 1
"axi_interconnect_wrap_4x2_tb.vcd", 1917: 

*Error* Syntax error at b0001
"axi_interconnect_wrap_4x2_tb.vcd", 1918: 

*Error* Syntax error at b00000000000000000000000000011111
"axi_interconnect_wrap_4x2_tb.vcd", 1919: 

*Error* Syntax error at b00000000000000000000000000000010
"axi_interconnect_wrap_4x2_tb.vcd", 1920: 

*Error* Syntax error at b00000010
"axi_interconnect_wrap_4x2_tb.vcd", 1921: 

*Error* Syntax error at b00000000000000000000000000000000000000000000000000000000000000000000000000000000000000000000000001000000000000000000001000000000
"axi_interconnect_wrap_4x2_tb.vcd", 1922: 

*Error* Syntax error at b01000000000000000000001000000000
"axi_interconnect_wrap_4x2_tb.vcd", 1923: 

*Error* Syntax error at b000
"axi_interconnect_wrap_4x2_tb.vcd", 1924: 

*Error* Syntax error at b00000001
"axi_interconnect_wrap_4x2_tb.vcd", 1925: 

*Error* Syntax error at b00000001
"axi_interconnect_wrap_4x2_tb.vcd", 1926: 

*Error* Syntax error at 1
"axi_interconnect_wrap_4x2_tb.vcd", 1927: 

*Error* usage of using constructs outside of modules or primitives is supported only if the option '-sv' is specified
"axi_interconnect_wrap_4x2_tb.vcd", 1928: 

*Error* Syntax error at #
"axi_interconnect_wrap_4x2_tb.vcd", 1928: 

*Error* Syntax error at 0
"axi_interconnect_wrap_4x2_tb.vcd", 1929: 

*Error* usage of using constructs outside of modules or primitives is supported only if the option '-sv' is specified
"axi_interconnect_wrap_4x2_tb.vcd", 1930: 

*Error* Syntax error at #
"axi_interconnect_wrap_4x2_tb.vcd", 1930: 

*Error* Syntax error at 1
"axi_interconnect_wrap_4x2_tb.vcd", 1931: 

*Error* Syntax error at b00000000000000000000000000100000
"axi_interconnect_wrap_4x2_tb.vcd", 1932: 

*Error* Syntax error at b00000001
"axi_interconnect_wrap_4x2_tb.vcd", 1933: 

*Error* Syntax error at 1
"axi_interconnect_wrap_4x2_tb.vcd", 1934: 

*Error* Syntax error at b001
"axi_interconnect_wrap_4x2_tb.vcd", 1935: 

*Error* Syntax error at b00000010
"axi_interconnect_wrap_4x2_tb.vcd", 1936: 

*Error* Syntax error at b01000000000000000000001000000000
"axi_interconnect_wrap_4x2_tb.vcd", 1937: 

*Error* Syntax error at 1
"axi_interconnect_wrap_4x2_tb.vcd", 1938: 

*Error* Syntax error at b0001
"axi_interconnect_wrap_4x2_tb.vcd", 1939: 

*Error* usage of using constructs outside of modules or primitives is supported only if the option '-sv' is specified
"axi_interconnect_wrap_4x2_tb.vcd", 1940: 

*Error* Syntax error at #
"axi_interconnect_wrap_4x2_tb.vcd", 1940: 

*Error* Syntax error at 0
"axi_interconnect_wrap_4x2_tb.vcd", 1941: 

*Error* usage of using constructs outside of modules or primitives is supported only if the option '-sv' is specified
"axi_interconnect_wrap_4x2_tb.vcd", 1942: 

*Error* Syntax error at #
"axi_interconnect_wrap_4x2_tb.vcd", 1942: 

*Error* Syntax error at 1
"axi_interconnect_wrap_4x2_tb.vcd", 1943: 

*Error* Syntax error at b00000000000000000000000000100001
"axi_interconnect_wrap_4x2_tb.vcd", 1944: 

*Error* Syntax error at b001
"axi_interconnect_wrap_4x2_tb.vcd", 1945: 

*Error* Syntax error at b0001
"axi_interconnect_wrap_4x2_tb.vcd", 1946: 

*Error* Syntax error at 1
"axi_interconnect_wrap_4x2_tb.vcd", 1947: 

*Error* Syntax error at 1.
"axi_interconnect_wrap_4x2_tb.vcd", 1948: 

*Error* Syntax error at b00000010
"axi_interconnect_wrap_4x2_tb.vcd", 1949: 

*Error* Syntax error at b00000010
"axi_interconnect_wrap_4x2_tb.vcd", 1950: 

*Error* Syntax error at b00000010000000100000001000000010
"axi_interconnect_wrap_4x2_tb.vcd", 1951: 

*Error* Syntax error at b00000010
"axi_interconnect_wrap_4x2_tb.vcd", 1952: 

*Error* Syntax error at b01000000000000000000001000000000
"axi_interconnect_wrap_4x2_tb.vcd", 1953: 

*Error* Syntax error at b01000000000000000000001000000000
"axi_interconnect_wrap_4x2_tb.vcd", 1954: 

*Error* Syntax error at b0100000000000000000000100000000001000000000000000000001000000000
"axi_interconnect_wrap_4x2_tb.vcd", 1955: 

*Error* Syntax error at b01000000000000000000001000000000
"axi_interconnect_wrap_4x2_tb.vcd", 1956: 

*Error* Syntax error at b01000000000000000000001000000000
"axi_interconnect_wrap_4x2_tb.vcd", 1957: 

*Error* Syntax error at 1
"axi_interconnect_wrap_4x2_tb.vcd", 1958: 

*Error* Syntax error at b010
"axi_interconnect_wrap_4x2_tb.vcd", 1959: 

*Error* Syntax error at 1
"axi_interconnect_wrap_4x2_tb.vcd", 1960: 

*Error* Syntax error at 1
"axi_interconnect_wrap_4x2_tb.vcd", 1961: 

*Error* Syntax error at b0000
"axi_interconnect_wrap_4x2_tb.vcd", 1962: 

*Error* Syntax error at b0001
"axi_interconnect_wrap_4x2_tb.vcd", 1963: 

*Error* Syntax error at b00000010
"axi_interconnect_wrap_4x2_tb.vcd", 1964: 

*Error* usage of using constructs outside of modules or primitives is supported only if the option '-sv' is specified
"axi_interconnect_wrap_4x2_tb.vcd", 1965: 

*Error* Syntax error at #
"axi_interconnect_wrap_4x2_tb.vcd", 1965: 

*Error* Syntax error at 0
"axi_interconnect_wrap_4x2_tb.vcd", 1966: 

*Error* usage of using constructs outside of modules or primitives is supported only if the option '-sv' is specified
"axi_interconnect_wrap_4x2_tb.vcd", 1967: 

*Error* Syntax error at #
"axi_interconnect_wrap_4x2_tb.vcd", 1967: 

*Error* Syntax error at 1
"axi_interconnect_wrap_4x2_tb.vcd", 1968: 

*Error* Syntax error at b00000000000000000000000000100010
"axi_interconnect_wrap_4x2_tb.vcd", 1969: 

*Error* Syntax error at b010
"axi_interconnect_wrap_4x2_tb.vcd", 1970: 

*Error* Syntax error at b0000
"axi_interconnect_wrap_4x2_tb.vcd", 1971: 

*Error* Syntax error at 0
"axi_interconnect_wrap_4x2_tb.vcd", 1972: 

*Error* Syntax error at 0.
"axi_interconnect_wrap_4x2_tb.vcd", 1973: 

*Error* Syntax error at b0001
"axi_interconnect_wrap_4x2_tb.vcd", 1974: 

*Error* Syntax error at 14
"axi_interconnect_wrap_4x2_tb.vcd", 1975: 

*Error* Syntax error at 1
"axi_interconnect_wrap_4x2_tb.vcd", 1976: 

*Error* Syntax error at 1
"axi_interconnect_wrap_4x2_tb.vcd", 1977: 

*Error* Syntax error at b00000010
"axi_interconnect_wrap_4x2_tb.vcd", 1978: 

*Error* Syntax error at b00000010
"axi_interconnect_wrap_4x2_tb.vcd", 1979: 

*Error* Syntax error at b00000010000000100000001000000010
"axi_interconnect_wrap_4x2_tb.vcd", 1980: 

*Error* Syntax error at b00000010
"axi_interconnect_wrap_4x2_tb.vcd", 1981: 

*Error* Syntax error at 0
"axi_interconnect_wrap_4x2_tb.vcd", 1982: 

*Error* Syntax error at 0
"axi_interconnect_wrap_4x2_tb.vcd", 1983: 

*Error* Syntax error at b10
"axi_interconnect_wrap_4x2_tb.vcd", 1984: 

*Error* usage of using constructs outside of modules or primitives is supported only if the option '-sv' is specified
"axi_interconnect_wrap_4x2_tb.vcd", 1985: 

*Error* Syntax error at #
"axi_interconnect_wrap_4x2_tb.vcd", 1985: 

*Error* Syntax error at 0
"axi_interconnect_wrap_4x2_tb.vcd", 1986: 

*Error* usage of using constructs outside of modules or primitives is supported only if the option '-sv' is specified
"axi_interconnect_wrap_4x2_tb.vcd", 1987: 

*Error* Syntax error at #
"axi_interconnect_wrap_4x2_tb.vcd", 1987: 

*Error* Syntax error at 1
"axi_interconnect_wrap_4x2_tb.vcd", 1988: 

*Error* Syntax error at b00000000
"axi_interconnect_wrap_4x2_tb.vcd", 1989: 

*Error* Syntax error at b00000000
"axi_interconnect_wrap_4x2_tb.vcd", 1990: 

*Error* Syntax error at 0
"axi_interconnect_wrap_4x2_tb.vcd", 1991: 

*Error* Syntax error at 0
"axi_interconnect_wrap_4x2_tb.vcd", 1992: 

*Error* Syntax error at 0
"axi_interconnect_wrap_4x2_tb.vcd", 1993: 

*Error* Syntax error at b0000
"axi_interconnect_wrap_4x2_tb.vcd", 1994: 

*Error* Syntax error at b1100101011111110101110101011111010101011110011011110111100000001
"axi_interconnect_wrap_4x2_tb.vcd", 1995: 

*Error* Syntax error at 11
"axi_interconnect_wrap_4x2_tb.vcd", 1996: 

*Error* Syntax error at 13
"axi_interconnect_wrap_4x2_tb.vcd", 1997: 

*Error* Syntax error at b00000000000000000000000000100011
"axi_interconnect_wrap_4x2_tb.vcd", 1998: 

*Error* Syntax error at b111
"axi_interconnect_wrap_4x2_tb.vcd", 1999: 

*Error* Syntax error at b10000000
"axi_interconnect_wrap_4x2_tb.vcd", 2000: 

*Error* Syntax error at b0000000000000000000000000000000000000000000000000000000000000000000000000000000000000000000000000000000000000000000000000000000000000000000000000000000000000000000000000000000000000000000000001100101011111110101110101011111010101011110011011110111100000001
"axi_interconnect_wrap_4x2_tb.vcd", 2001: 

*Error* Syntax error at b1100101011111110101110101011111010101011110011011110111100000001
"axi_interconnect_wrap_4x2_tb.vcd", 2002: 

*Error* Syntax error at b0001
"axi_interconnect_wrap_4x2_tb.vcd", 2003: 

*Error* Syntax error at 1
"axi_interconnect_wrap_4x2_tb.vcd", 2004: 

*Error* Syntax error at b011
"axi_interconnect_wrap_4x2_tb.vcd", 2005: 

*Error* Syntax error at b0000
"axi_interconnect_wrap_4x2_tb.vcd", 2006: 

*Error* Syntax error at b10
"axi_interconnect_wrap_4x2_tb.vcd", 2007: 

*Error* Syntax error at b1100101011111110101110101011111010101011110011011110111100000001
"axi_interconnect_wrap_4x2_tb.vcd", 2008: 

*Error* Syntax error at 1
"axi_interconnect_wrap_4x2_tb.vcd", 2009: 

*Error* Syntax error at 1
"axi_interconnect_wrap_4x2_tb.vcd", 2010: 

*Error* Syntax error at b0001
"axi_interconnect_wrap_4x2_tb.vcd", 2011: 

*Error* Syntax error at 1
"axi_interconnect_wrap_4x2_tb.vcd", 2012: 

*Error* Syntax error at b10
"axi_interconnect_wrap_4x2_tb.vcd", 2013: 

*Error* Syntax error at b10
"axi_interconnect_wrap_4x2_tb.vcd", 2014: 

*Error* Syntax error at 1
"axi_interconnect_wrap_4x2_tb.vcd", 2015: 

*Error* Syntax error at 1
"axi_interconnect_wrap_4x2_tb.vcd", 2016: 

*Error* Syntax error at 0
"axi_interconnect_wrap_4x2_tb.vcd", 2017: 

*Error* Syntax error at b00
"axi_interconnect_wrap_4x2_tb.vcd", 2018: 

*Error* usage of using constructs outside of modules or primitives is supported only if the option '-sv' is specified
"axi_interconnect_wrap_4x2_tb.vcd", 2019: 

*Error* Syntax error at #
"axi_interconnect_wrap_4x2_tb.vcd", 2019: 

*Error* Syntax error at 0
"axi_interconnect_wrap_4x2_tb.vcd", 2020: 

*Error* usage of using constructs outside of modules or primitives is supported only if the option '-sv' is specified
"axi_interconnect_wrap_4x2_tb.vcd", 2021: 

*Error* Syntax error at #
"axi_interconnect_wrap_4x2_tb.vcd", 2021: 

*Error* Syntax error at 1
"axi_interconnect_wrap_4x2_tb.vcd", 2022: 

*Error* Syntax error at 03
"axi_interconnect_wrap_4x2_tb.vcd", 2023: 

*Error* Syntax error at 01
"axi_interconnect_wrap_4x2_tb.vcd", 2024: 

*Error* Syntax error at b00000000000000000000000000100100
"axi_interconnect_wrap_4x2_tb.vcd", 2025: 

*Error* Syntax error at b0000
"axi_interconnect_wrap_4x2_tb.vcd", 2026: 

*Error* Syntax error at 0
"axi_interconnect_wrap_4x2_tb.vcd", 2027: 

*Error* Syntax error at b010
"axi_interconnect_wrap_4x2_tb.vcd", 2028: 

*Error* Syntax error at b0001
"axi_interconnect_wrap_4x2_tb.vcd", 2029: 

*Error* Syntax error at b00
"axi_interconnect_wrap_4x2_tb.vcd", 2030: 

*Error* Syntax error at 0
"axi_interconnect_wrap_4x2_tb.vcd", 2031: 

*Error* Syntax error at 0
"axi_interconnect_wrap_4x2_tb.vcd", 2032: 

*Error* Syntax error at b0000
"axi_interconnect_wrap_4x2_tb.vcd", 2033: 

*Error* Syntax error at 0
"axi_interconnect_wrap_4x2_tb.vcd", 2034: 

*Error* Syntax error at b00
"axi_interconnect_wrap_4x2_tb.vcd", 2035: 

*Error* Syntax error at b00000000
"axi_interconnect_wrap_4x2_tb.vcd", 2036: 

*Error* Syntax error at b00000000
"axi_interconnect_wrap_4x2_tb.vcd", 2037: 

*Error* Syntax error at 0
"axi_interconnect_wrap_4x2_tb.vcd", 2038: 

*Error* Syntax error at b01
"axi_interconnect_wrap_4x2_tb.vcd", 2039: 

*Error* Syntax error at 0
"axi_interconnect_wrap_4x2_tb.vcd", 2040: 

*Error* Syntax error at 1
"axi_interconnect_wrap_4x2_tb.vcd", 2041: 

*Error* Syntax error at b10
"axi_interconnect_wrap_4x2_tb.vcd", 2042: 

*Error* Syntax error at b10
"axi_interconnect_wrap_4x2_tb.vcd", 2043: 

*Error* Syntax error at b011
"axi_interconnect_wrap_4x2_tb.vcd", 2044: 

*Error* Syntax error at b0000
"axi_interconnect_wrap_4x2_tb.vcd", 2045: 

*Error* Syntax error at 04
"axi_interconnect_wrap_4x2_tb.vcd", 2046: 

*Error* Syntax error at 0
"axi_interconnect_wrap_4x2_tb.vcd", 2047: 

*Error* Syntax error at b00
"axi_interconnect_wrap_4x2_tb.vcd", 2048: 

*Error* Syntax error at 0
"axi_interconnect_wrap_4x2_tb.vcd", 2049: 

*Error* Syntax error at 0
"axi_interconnect_wrap_4x2_tb.vcd", 2050: 

*Error* Syntax error at b10
"axi_interconnect_wrap_4x2_tb.vcd", 2051: 

*Error* Syntax error at 1
"axi_interconnect_wrap_4x2_tb.vcd", 2052: 

*Error* Syntax error at 1
"axi_interconnect_wrap_4x2_tb.vcd", 2053: 

*Error* Syntax error at b10
"axi_interconnect_wrap_4x2_tb.vcd", 2054: 

*Error* Syntax error at 1
"axi_interconnect_wrap_4x2_tb.vcd", 2055: 

*Error* Syntax error at 1
"axi_interconnect_wrap_4x2_tb.vcd", 2056: 

*Error* Syntax error at b1100101011111110101110101011111010101011110011011110111100000001
"axi_interconnect_wrap_4x2_tb.vcd", 2057: 

*Error* Syntax error at b1100101011111110101110101011111010101011110011011110111100000001
"axi_interconnect_wrap_4x2_tb.vcd", 2058: 

*Error* Syntax error at b1100101011111110101110101011111010101011110011011110111100000001
"axi_interconnect_wrap_4x2_tb.vcd", 2059: 

*Error* Syntax error at b11001010111111101011101010111110101010111100110111101111000000011100101011111110101110101011111010101011110011011110111100000001
"axi_interconnect_wrap_4x2_tb.vcd", 2060: 

*Error* Syntax error at 1
"axi_interconnect_wrap_4x2_tb.vcd", 2061: 

*Error* Syntax error at 1
"axi_interconnect_wrap_4x2_tb.vcd", 2062: 

*Error* Syntax error at 1
"axi_interconnect_wrap_4x2_tb.vcd", 2063: 

*Error* Syntax error at b11
"axi_interconnect_wrap_4x2_tb.vcd", 2064: 

*Error* Syntax error at b011
"axi_interconnect_wrap_4x2_tb.vcd", 2065: 

*Error* Syntax error at b0000
"axi_interconnect_wrap_4x2_tb.vcd", 2066: 

*Error* Syntax error at b10
"axi_interconnect_wrap_4x2_tb.vcd", 2067: 

*Error* Syntax error at 1
"axi_interconnect_wrap_4x2_tb.vcd", 2068: 

*Error* usage of using constructs outside of modules or primitives is supported only if the option '-sv' is specified
"axi_interconnect_wrap_4x2_tb.vcd", 2069: 

*Error* Syntax error at #
"axi_interconnect_wrap_4x2_tb.vcd", 2069: 

*Error* Syntax error at 0
"axi_interconnect_wrap_4x2_tb.vcd", 2070: 

*Error* usage of using constructs outside of modules or primitives is supported only if the option '-sv' is specified
"axi_interconnect_wrap_4x2_tb.vcd", 2071: 

*Error* Syntax error at #
"axi_interconnect_wrap_4x2_tb.vcd", 2071: 

*Error* Syntax error at 1
"axi_interconnect_wrap_4x2_tb.vcd", 2072: 

*Error* Syntax error at b00000000000000000000000000100101
"axi_interconnect_wrap_4x2_tb.vcd", 2073: 

*Error* Syntax error at 0
"axi_interconnect_wrap_4x2_tb.vcd", 2074: 

*Error* Syntax error at b00
"axi_interconnect_wrap_4x2_tb.vcd", 2075: 

*Error* Syntax error at 1
"axi_interconnect_wrap_4x2_tb.vcd", 2076: 

*Error* Syntax error at b10
"axi_interconnect_wrap_4x2_tb.vcd", 2077: 

*Error* Syntax error at b11
"axi_interconnect_wrap_4x2_tb.vcd", 2078: 

*Error* Syntax error at b00
"axi_interconnect_wrap_4x2_tb.vcd", 2079: 

*Error* Syntax error at 0
"axi_interconnect_wrap_4x2_tb.vcd", 2080: 

*Error* Syntax error at 0
"axi_interconnect_wrap_4x2_tb.vcd", 2081: 

*Error* Syntax error at 0
"axi_interconnect_wrap_4x2_tb.vcd", 2082: 

*Error* Syntax error at 0
"axi_interconnect_wrap_4x2_tb.vcd", 2083: 

*Error* Syntax error at 0
"axi_interconnect_wrap_4x2_tb.vcd", 2084: 

*Error* Syntax error at b00
"axi_interconnect_wrap_4x2_tb.vcd", 2085: 

*Error* Syntax error at 0
"axi_interconnect_wrap_4x2_tb.vcd", 2086: 

*Error* Syntax error at 1
"axi_interconnect_wrap_4x2_tb.vcd", 2087: 

*Error* Syntax error at b111
"axi_interconnect_wrap_4x2_tb.vcd", 2088: 

*Error* Syntax error at b0001
"axi_interconnect_wrap_4x2_tb.vcd", 2089: 

*Error* Syntax error at b00
"axi_interconnect_wrap_4x2_tb.vcd", 2090: 

*Error* usage of using constructs outside of modules or primitives is supported only if the option '-sv' is specified
"axi_interconnect_wrap_4x2_tb.vcd", 2091: 

*Error* Syntax error at #
"axi_interconnect_wrap_4x2_tb.vcd", 2091: 

*Error* Syntax error at 0
"axi_interconnect_wrap_4x2_tb.vcd", 2092: 

*Error* usage of using constructs outside of modules or primitives is supported only if the option '-sv' is specified
"axi_interconnect_wrap_4x2_tb.vcd", 2093: 

*Error* Syntax error at #
"axi_interconnect_wrap_4x2_tb.vcd", 2093: 

*Error* Syntax error at 1
"axi_interconnect_wrap_4x2_tb.vcd", 2094: 

*Error* Syntax error at b00000000000000000000000000100110
"axi_interconnect_wrap_4x2_tb.vcd", 2095: 

*Error* Syntax error at 0
"axi_interconnect_wrap_4x2_tb.vcd", 2096: 

*Error* Syntax error at b00
"axi_interconnect_wrap_4x2_tb.vcd", 2097: 

*Error* Syntax error at 1
"axi_interconnect_wrap_4x2_tb.vcd", 2098: 

*Error* Syntax error at b11
"axi_interconnect_wrap_4x2_tb.vcd", 2099: 

*Error* Syntax error at 1
"axi_interconnect_wrap_4x2_tb.vcd", 2100: 

*Error* Syntax error at b01
"axi_interconnect_wrap_4x2_tb.vcd", 2101: 

*Error* Syntax error at b111
"axi_interconnect_wrap_4x2_tb.vcd", 2102: 

*Error* Syntax error at b0001
"axi_interconnect_wrap_4x2_tb.vcd", 2103: 

*Error* Syntax error at 1
"axi_interconnect_wrap_4x2_tb.vcd", 2104: 

*Error* Syntax error at 18
"axi_interconnect_wrap_4x2_tb.vcd", 2105: 

*Error* Syntax error at b00
"axi_interconnect_wrap_4x2_tb.vcd", 2106: 

*Error* Syntax error at 0
"axi_interconnect_wrap_4x2_tb.vcd", 2107: 

*Error* Syntax error at 0
"axi_interconnect_wrap_4x2_tb.vcd", 2108: 

*Error* Syntax error at 0
"axi_interconnect_wrap_4x2_tb.vcd", 2109: 

*Error* Syntax error at b0000
"axi_interconnect_wrap_4x2_tb.vcd", 2110: 

*Error* Syntax error at b00000001
"axi_interconnect_wrap_4x2_tb.vcd", 2111: 

*Error* Syntax error at b000
"axi_interconnect_wrap_4x2_tb.vcd", 2112: 

*Error* Syntax error at b00000000
"axi_interconnect_wrap_4x2_tb.vcd", 2113: 

*Error* Syntax error at 0
"axi_interconnect_wrap_4x2_tb.vcd", 2114: 

*Error* usage of using constructs outside of modules or primitives is supported only if the option '-sv' is specified
"axi_interconnect_wrap_4x2_tb.vcd", 2115: 

*Error* Syntax error at #
"axi_interconnect_wrap_4x2_tb.vcd", 2115: 

*Error* Syntax error at 0
"axi_interconnect_wrap_4x2_tb.vcd", 2116: 

*Error* usage of using constructs outside of modules or primitives is supported only if the option '-sv' is specified
"axi_interconnect_wrap_4x2_tb.vcd", 2117: 

*Error* Syntax error at #
"axi_interconnect_wrap_4x2_tb.vcd", 2117: 

*Error* Syntax error at 1
"axi_interconnect_wrap_4x2_tb.vcd", 2118: 

*Error* Syntax error at b00000000000000000000000000100111
"axi_interconnect_wrap_4x2_tb.vcd", 2119: 

*Error* Syntax error at b000
"axi_interconnect_wrap_4x2_tb.vcd", 2120: 

*Error* Syntax error at b0000
"axi_interconnect_wrap_4x2_tb.vcd", 2121: 

*Error* Syntax error at 0
"axi_interconnect_wrap_4x2_tb.vcd", 2122: 

*Error* Syntax error at 08
"axi_interconnect_wrap_4x2_tb.vcd", 2123: 

*Error* Syntax error at b00000000
"axi_interconnect_wrap_4x2_tb.vcd", 2124: 

*Error* Syntax error at 0
"axi_interconnect_wrap_4x2_tb.vcd", 2125: 

*Error* Syntax error at b00000000
"axi_interconnect_wrap_4x2_tb.vcd", 2126: 

*Error* usage of using constructs outside of modules or primitives is supported only if the option '-sv' is specified
"axi_interconnect_wrap_4x2_tb.vcd", 2127: 

*Error* Syntax error at #
"axi_interconnect_wrap_4x2_tb.vcd", 2127: 

*Error* Syntax error at 0
"axi_interconnect_wrap_4x2_tb.vcd", 2128: 

*Error* usage of using constructs outside of modules or primitives is supported only if the option '-sv' is specified
"axi_interconnect_wrap_4x2_tb.vcd", 2129: 

*Error* Syntax error at #
"axi_interconnect_wrap_4x2_tb.vcd", 2129: 

*Error* Syntax error at 1
"axi_interconnect_wrap_4x2_tb.vcd", 2130: 

*Error* Syntax error at b00000000000000000000000000000011
"axi_interconnect_wrap_4x2_tb.vcd", 2131: 

*Error* Syntax error at b00000000000000000000000000101000
"axi_interconnect_wrap_4x2_tb.vcd", 2132: 

*Error* usage of using constructs outside of modules or primitives is supported only if the option '-sv' is specified
"axi_interconnect_wrap_4x2_tb.vcd", 2133: 

*Error* Syntax error at #
"axi_interconnect_wrap_4x2_tb.vcd", 2133: 

*Error* Syntax error at 0
"axi_interconnect_wrap_4x2_tb.vcd", 2134: 

*Error* usage of using constructs outside of modules or primitives is supported only if the option '-sv' is specified
"axi_interconnect_wrap_4x2_tb.vcd", 2135: 

*Error* Syntax error at #
"axi_interconnect_wrap_4x2_tb.vcd", 2135: 

*Error* Syntax error at 1
"axi_interconnect_wrap_4x2_tb.vcd", 2136: 

*Error* Syntax error at b00010001
"axi_interconnect_wrap_4x2_tb.vcd", 2137: 

*Error* Syntax error at b00000000000000000000001100000000
"axi_interconnect_wrap_4x2_tb.vcd", 2138: 

*Error* Syntax error at b00000100
"axi_interconnect_wrap_4x2_tb.vcd", 2139: 

*Error* Syntax error at b00000100
"axi_interconnect_wrap_4x2_tb.vcd", 2140: 

*Error* Syntax error at 1
"axi_interconnect_wrap_4x2_tb.vcd", 2141: 

*Error* Syntax error at b00000100
"axi_interconnect_wrap_4x2_tb.vcd", 2142: 

*Error* Syntax error at 1
"axi_interconnect_wrap_4x2_tb.vcd", 2143: 

*Error* Syntax error at 1
"axi_interconnect_wrap_4x2_tb.vcd", 2144: 

*Error* Syntax error at b0010
"axi_interconnect_wrap_4x2_tb.vcd", 2145: 

*Error* Syntax error at b00000000000000000000000000101001
"axi_interconnect_wrap_4x2_tb.vcd", 2146: 

*Error* Syntax error at b00000000000000000001000100000010
"axi_interconnect_wrap_4x2_tb.vcd", 2147: 

*Error* Syntax error at b00000000000000000000000000000000000000000000000000000000000000000000000000000000000000110000000001000000000000000000001000000000
"axi_interconnect_wrap_4x2_tb.vcd", 2148: 

*Error* Syntax error at b010
"axi_interconnect_wrap_4x2_tb.vcd", 2149: 

*Error* Syntax error at b00000100
"axi_interconnect_wrap_4x2_tb.vcd", 2150: 

*Error* Syntax error at b010
"axi_interconnect_wrap_4x2_tb.vcd", 2151: 

*Error* Syntax error at b00000100
"axi_interconnect_wrap_4x2_tb.vcd", 2152: 

*Error* Syntax error at b00000100
"axi_interconnect_wrap_4x2_tb.vcd", 2153: 

*Error* Syntax error at 1
"axi_interconnect_wrap_4x2_tb.vcd", 2154: 

*Error* Syntax error at b010
"axi_interconnect_wrap_4x2_tb.vcd", 2155: 

*Error* Syntax error at b11111000
"axi_interconnect_wrap_4x2_tb.vcd", 2156: 

*Error* usage of using constructs outside of modules or primitives is supported only if the option '-sv' is specified
"axi_interconnect_wrap_4x2_tb.vcd", 2157: 

*Error* Syntax error at #
"axi_interconnect_wrap_4x2_tb.vcd", 2157: 

*Error* Syntax error at 0
"axi_interconnect_wrap_4x2_tb.vcd", 2158: 

*Error* usage of using constructs outside of modules or primitives is supported only if the option '-sv' is specified
"axi_interconnect_wrap_4x2_tb.vcd", 2159: 

*Error* Syntax error at #
"axi_interconnect_wrap_4x2_tb.vcd", 2159: 

*Error* Syntax error at 1
"axi_interconnect_wrap_4x2_tb.vcd", 2160: 

*Error* Syntax error at b00000000000000000000000000101010
"axi_interconnect_wrap_4x2_tb.vcd", 2161: 

*Error* Syntax error at b00000100
"axi_interconnect_wrap_4x2_tb.vcd", 2162: 

*Error* Syntax error at 1
"axi_interconnect_wrap_4x2_tb.vcd", 2163: 

*Error* Syntax error at b010
"axi_interconnect_wrap_4x2_tb.vcd", 2164: 

*Error* Syntax error at b00010001
"axi_interconnect_wrap_4x2_tb.vcd", 2165: 

*Error* Syntax error at b00000000000000000000001100000000
"axi_interconnect_wrap_4x2_tb.vcd", 2166: 

*Error* Syntax error at b0000000000000000000000000000000000000000000000000000000000000000
"axi_interconnect_wrap_4x2_tb.vcd", 2167: 

*Error* Syntax error at b01
"axi_interconnect_wrap_4x2_tb.vcd", 2168: 

*Error* Syntax error at 1
"axi_interconnect_wrap_4x2_tb.vcd", 2169: 

*Error* Syntax error at b11111000
"axi_interconnect_wrap_4x2_tb.vcd", 2170: 

*Error* Syntax error at b00000000
"axi_interconnect_wrap_4x2_tb.vcd", 2171: 

*Error* Syntax error at 0
"axi_interconnect_wrap_4x2_tb.vcd", 2172: 

*Error* Syntax error at b001
"axi_interconnect_wrap_4x2_tb.vcd", 2173: 

*Error* Syntax error at b00010001
"axi_interconnect_wrap_4x2_tb.vcd", 2174: 

*Error* Syntax error at b00000000000000000000001100000000
"axi_interconnect_wrap_4x2_tb.vcd", 2175: 

*Error* Syntax error at 1
"axi_interconnect_wrap_4x2_tb.vcd", 2176: 

*Error* Syntax error at b0010
"axi_interconnect_wrap_4x2_tb.vcd", 2177: 

*Error* Syntax error at b0000000000000000000000000000000000000000000000000000000000000000
"axi_interconnect_wrap_4x2_tb.vcd", 2178: 

*Error* Syntax error at b111
"axi_interconnect_wrap_4x2_tb.vcd", 2179: 

*Error* Syntax error at b10000000
"axi_interconnect_wrap_4x2_tb.vcd", 2180: 

*Error* usage of using constructs outside of modules or primitives is supported only if the option '-sv' is specified
"axi_interconnect_wrap_4x2_tb.vcd", 2181: 

*Error* Syntax error at #
"axi_interconnect_wrap_4x2_tb.vcd", 2181: 

*Error* Syntax error at 0
"axi_interconnect_wrap_4x2_tb.vcd", 2182: 

*Error* usage of using constructs outside of modules or primitives is supported only if the option '-sv' is specified
"axi_interconnect_wrap_4x2_tb.vcd", 2183: 

*Error* Syntax error at #
"axi_interconnect_wrap_4x2_tb.vcd", 2183: 

*Error* Syntax error at 1
"axi_interconnect_wrap_4x2_tb.vcd", 2184: 

*Error* Syntax error at b00000000000000000000000000101011
"axi_interconnect_wrap_4x2_tb.vcd", 2185: 

*Error* Syntax error at b001
"axi_interconnect_wrap_4x2_tb.vcd", 2186: 

*Error* Syntax error at b0010
"axi_interconnect_wrap_4x2_tb.vcd", 2187: 

*Error* Syntax error at 1
"axi_interconnect_wrap_4x2_tb.vcd", 2188: 

*Error* Syntax error at 1
"axi_interconnect_wrap_4x2_tb.vcd", 2189: 

*Error* Syntax error at b00010001
"axi_interconnect_wrap_4x2_tb.vcd", 2190: 

*Error* Syntax error at b00010001
"axi_interconnect_wrap_4x2_tb.vcd", 2191: 

*Error* Syntax error at b00010001000100010001000100010001
"axi_interconnect_wrap_4x2_tb.vcd", 2192: 

*Error* Syntax error at b00010001
"axi_interconnect_wrap_4x2_tb.vcd", 2193: 

*Error* Syntax error at b00000000000000000000001100000000
"axi_interconnect_wrap_4x2_tb.vcd", 2194: 

*Error* Syntax error at b00000000000000000000001100000000
"axi_interconnect_wrap_4x2_tb.vcd", 2195: 

*Error* Syntax error at b0000000000000000000000110000000000000000000000000000001100000000
"axi_interconnect_wrap_4x2_tb.vcd", 2196: 

*Error* Syntax error at b00000000000000000000001100000000
"axi_interconnect_wrap_4x2_tb.vcd", 2197: 

*Error* Syntax error at b00000000000000000000001100000000
"axi_interconnect_wrap_4x2_tb.vcd", 2198: 

*Error* Syntax error at 1
"axi_interconnect_wrap_4x2_tb.vcd", 2199: 

*Error* Syntax error at b0000000000000000000000000000000000000000000000000000000000000000
"axi_interconnect_wrap_4x2_tb.vcd", 2200: 

*Error* Syntax error at b0000000000000000000000000000000000000000000000000000000000000000
"axi_interconnect_wrap_4x2_tb.vcd", 2201: 

*Error* Syntax error at b0000000000000000000000000000000000000000000000000000000000000000
"axi_interconnect_wrap_4x2_tb.vcd", 2202: 

*Error* Syntax error at b00000000000000000000000000000000000000000000000000000000000000000000000000000000000000000000000000000000000000000000000000000000
"axi_interconnect_wrap_4x2_tb.vcd", 2203: 

*Error* Syntax error at b010
"axi_interconnect_wrap_4x2_tb.vcd", 2204: 

*Error* Syntax error at 1
"axi_interconnect_wrap_4x2_tb.vcd", 2205: 

*Error* Syntax error at 0
"axi_interconnect_wrap_4x2_tb.vcd", 2206: 

*Error* Syntax error at b0000
"axi_interconnect_wrap_4x2_tb.vcd", 2207: 

*Error* Syntax error at b0010
"axi_interconnect_wrap_4x2_tb.vcd", 2208: 

*Error* Syntax error at b00010001
"axi_interconnect_wrap_4x2_tb.vcd", 2209: 

*Error* usage of using constructs outside of modules or primitives is supported only if the option '-sv' is specified
"axi_interconnect_wrap_4x2_tb.vcd", 2210: 

*Error* Syntax error at #
"axi_interconnect_wrap_4x2_tb.vcd", 2210: 

*Error* Syntax error at 0
"axi_interconnect_wrap_4x2_tb.vcd", 2211: 

*Error* usage of using constructs outside of modules or primitives is supported only if the option '-sv' is specified
"axi_interconnect_wrap_4x2_tb.vcd", 2212: 

*Error* Syntax error at #
"axi_interconnect_wrap_4x2_tb.vcd", 2212: 

*Error* Syntax error at 1
"axi_interconnect_wrap_4x2_tb.vcd", 2213: 

*Error* Syntax error at b00000000000000000000000000101100
"axi_interconnect_wrap_4x2_tb.vcd", 2214: 

*Error* Syntax error at b010
"axi_interconnect_wrap_4x2_tb.vcd", 2215: 

*Error* Syntax error at b0000
"axi_interconnect_wrap_4x2_tb.vcd", 2216: 

*Error* Syntax error at 0
"axi_interconnect_wrap_4x2_tb.vcd", 2217: 

*Error* Syntax error at 0
"axi_interconnect_wrap_4x2_tb.vcd", 2218: 

*Error* Syntax error at b0010
"axi_interconnect_wrap_4x2_tb.vcd", 2219: 

*Error* Syntax error at 1
"axi_interconnect_wrap_4x2_tb.vcd", 2220: 

*Error* Syntax error at 1
"axi_interconnect_wrap_4x2_tb.vcd", 2221: 

*Error* Syntax error at 0
"axi_interconnect_wrap_4x2_tb.vcd", 2222: 

*Error* Syntax error at b00010001
"axi_interconnect_wrap_4x2_tb.vcd", 2223: 

*Error* Syntax error at b00010001
"axi_interconnect_wrap_4x2_tb.vcd", 2224: 

*Error* Syntax error at b00010001000100010001000100010001
"axi_interconnect_wrap_4x2_tb.vcd", 2225: 

*Error* Syntax error at b00010001
"axi_interconnect_wrap_4x2_tb.vcd", 2226: 

*Error* Syntax error at 0
"axi_interconnect_wrap_4x2_tb.vcd", 2227: 

*Error* Syntax error at 0
"axi_interconnect_wrap_4x2_tb.vcd", 2228: 

*Error* Syntax error at b01
"axi_interconnect_wrap_4x2_tb.vcd", 2229: 

*Error* usage of using constructs outside of modules or primitives is supported only if the option '-sv' is specified
"axi_interconnect_wrap_4x2_tb.vcd", 2230: 

*Error* Syntax error at #
"axi_interconnect_wrap_4x2_tb.vcd", 2230: 

*Error* Syntax error at 0
"axi_interconnect_wrap_4x2_tb.vcd", 2231: 

*Error* usage of using constructs outside of modules or primitives is supported only if the option '-sv' is specified
"axi_interconnect_wrap_4x2_tb.vcd", 2232: 

*Error* Syntax error at #
"axi_interconnect_wrap_4x2_tb.vcd", 2232: 

*Error* Syntax error at 1
"axi_interconnect_wrap_4x2_tb.vcd", 2233: 

*Error* Syntax error at b00000000
"axi_interconnect_wrap_4x2_tb.vcd", 2234: 

*Error* Syntax error at b00000000
"axi_interconnect_wrap_4x2_tb.vcd", 2235: 

*Error* Syntax error at 0
"axi_interconnect_wrap_4x2_tb.vcd", 2236: 

*Error* Syntax error at 0
"axi_interconnect_wrap_4x2_tb.vcd", 2237: 

*Error* Syntax error at 0
"axi_interconnect_wrap_4x2_tb.vcd", 2238: 

*Error* Syntax error at b0000
"axi_interconnect_wrap_4x2_tb.vcd", 2239: 

*Error* Syntax error at b0001000100010001001000100010001000110011001100110100010001000100
"axi_interconnect_wrap_4x2_tb.vcd", 2240: 

*Error* Syntax error at 1
"axi_interconnect_wrap_4x2_tb.vcd", 2241: 

*Error* Syntax error at 1
"axi_interconnect_wrap_4x2_tb.vcd", 2242: 

*Error* Syntax error at b00000000000000000000000000101101
"axi_interconnect_wrap_4x2_tb.vcd", 2243: 

*Error* Syntax error at b111
"axi_interconnect_wrap_4x2_tb.vcd", 2244: 

*Error* Syntax error at b10000000
"axi_interconnect_wrap_4x2_tb.vcd", 2245: 

*Error* Syntax error at b0000000000000000000000000000000000000000000000000000000000000000000000000000000000000000000000000000000000000000000000000000000000010001000100010010001000100010001100110011001101000100010001001100101011111110101110101011111010101011110011011110111100000001
"axi_interconnect_wrap_4x2_tb.vcd", 2246: 

*Error* Syntax error at b0001000100010001001000100010001000110011001100110100010001000100
"axi_interconnect_wrap_4x2_tb.vcd", 2247: 

*Error* Syntax error at b0010
"axi_interconnect_wrap_4x2_tb.vcd", 2248: 

*Error* Syntax error at 1
"axi_interconnect_wrap_4x2_tb.vcd", 2249: 

*Error* Syntax error at b011
"axi_interconnect_wrap_4x2_tb.vcd", 2250: 

*Error* Syntax error at b0000
"axi_interconnect_wrap_4x2_tb.vcd", 2251: 

*Error* Syntax error at b01
"axi_interconnect_wrap_4x2_tb.vcd", 2252: 

*Error* Syntax error at b0001000100010001001000100010001000110011001100110100010001000100
"axi_interconnect_wrap_4x2_tb.vcd", 2253: 

*Error* Syntax error at 1
"axi_interconnect_wrap_4x2_tb.vcd", 2254: 

*Error* Syntax error at 1
"axi_interconnect_wrap_4x2_tb.vcd", 2255: 

*Error* Syntax error at b0010
"axi_interconnect_wrap_4x2_tb.vcd", 2256: 

*Error* Syntax error at 1
"axi_interconnect_wrap_4x2_tb.vcd", 2257: 

*Error* Syntax error at b01
"axi_interconnect_wrap_4x2_tb.vcd", 2258: 

*Error* Syntax error at b01
"axi_interconnect_wrap_4x2_tb.vcd", 2259: 

*Error* Syntax error at 1
"axi_interconnect_wrap_4x2_tb.vcd", 2260: 

*Error* Syntax error at 1
"axi_interconnect_wrap_4x2_tb.vcd", 2261: 

*Error* Syntax error at 0
"axi_interconnect_wrap_4x2_tb.vcd", 2262: 

*Error* Syntax error at b00
"axi_interconnect_wrap_4x2_tb.vcd", 2263: 

*Error* usage of using constructs outside of modules or primitives is supported only if the option '-sv' is specified
"axi_interconnect_wrap_4x2_tb.vcd", 2264: 

*Error* Syntax error at #
"axi_interconnect_wrap_4x2_tb.vcd", 2264: 

*Error* Syntax error at 0
"axi_interconnect_wrap_4x2_tb.vcd", 2265: 

*Error* usage of using constructs outside of modules or primitives is supported only if the option '-sv' is specified
"axi_interconnect_wrap_4x2_tb.vcd", 2266: 

*Error* Syntax error at #
"axi_interconnect_wrap_4x2_tb.vcd", 2266: 

*Error* Syntax error at 1
"axi_interconnect_wrap_4x2_tb.vcd", 2267: 

*Error* Syntax error at 0
"axi_interconnect_wrap_4x2_tb.vcd", 2268: 

*Error* Syntax error at 0
"axi_interconnect_wrap_4x2_tb.vcd", 2269: 

*Error* Syntax error at b00000000000000000000000000101110
"axi_interconnect_wrap_4x2_tb.vcd", 2270: 

*Error* Syntax error at b0000
"axi_interconnect_wrap_4x2_tb.vcd", 2271: 

*Error* Syntax error at 0
"axi_interconnect_wrap_4x2_tb.vcd", 2272: 

*Error* Syntax error at b010
"axi_interconnect_wrap_4x2_tb.vcd", 2273: 

*Error* Syntax error at b0010
"axi_interconnect_wrap_4x2_tb.vcd", 2274: 

*Error* Syntax error at b00
"axi_interconnect_wrap_4x2_tb.vcd", 2275: 

*Error* Syntax error at 0
"axi_interconnect_wrap_4x2_tb.vcd", 2276: 

*Error* Syntax error at 0
"axi_interconnect_wrap_4x2_tb.vcd", 2277: 

*Error* Syntax error at b0000
"axi_interconnect_wrap_4x2_tb.vcd", 2278: 

*Error* Syntax error at 0
"axi_interconnect_wrap_4x2_tb.vcd", 2279: 

*Error* Syntax error at b00
"axi_interconnect_wrap_4x2_tb.vcd", 2280: 

*Error* Syntax error at 0
"axi_interconnect_wrap_4x2_tb.vcd", 2281: 

*Error* Syntax error at b10
"axi_interconnect_wrap_4x2_tb.vcd", 2282: 

*Error* Syntax error at 0
"axi_interconnect_wrap_4x2_tb.vcd", 2283: 

*Error* Syntax error at 1
"axi_interconnect_wrap_4x2_tb.vcd", 2284: 

*Error* Syntax error at b01
"axi_interconnect_wrap_4x2_tb.vcd", 2285: 

*Error* Syntax error at b10
"axi_interconnect_wrap_4x2_tb.vcd", 2286: 

*Error* Syntax error at b011
"axi_interconnect_wrap_4x2_tb.vcd", 2287: 

*Error* Syntax error at b0000
"axi_interconnect_wrap_4x2_tb.vcd", 2288: 

*Error* Syntax error at 0
"axi_interconnect_wrap_4x2_tb.vcd", 2289: 

*Error* Syntax error at 0
"axi_interconnect_wrap_4x2_tb.vcd", 2290: 

*Error* Syntax error at b00
"axi_interconnect_wrap_4x2_tb.vcd", 2291: 

*Error* Syntax error at 0
"axi_interconnect_wrap_4x2_tb.vcd", 2292: 

*Error* Syntax error at 0
"axi_interconnect_wrap_4x2_tb.vcd", 2293: 

*Error* Syntax error at b01
"axi_interconnect_wrap_4x2_tb.vcd", 2294: 

*Error* Syntax error at 1
"axi_interconnect_wrap_4x2_tb.vcd", 2295: 

*Error* Syntax error at 1
"axi_interconnect_wrap_4x2_tb.vcd", 2296: 

*Error* Syntax error at b01
"axi_interconnect_wrap_4x2_tb.vcd", 2297: 

*Error* Syntax error at 1
"axi_interconnect_wrap_4x2_tb.vcd", 2298: 

*Error* Syntax error at 1
"axi_interconnect_wrap_4x2_tb.vcd", 2299: 

*Error* Syntax error at b0001000100010001001000100010001000110011001100110100010001000100
"axi_interconnect_wrap_4x2_tb.vcd", 2300: 

*Error* Syntax error at b0001000100010001001000100010001000110011001100110100010001000100
"axi_interconnect_wrap_4x2_tb.vcd", 2301: 

*Error* Syntax error at b0001000100010001001000100010001000110011001100110100010001000100
"axi_interconnect_wrap_4x2_tb.vcd", 2302: 

*Error* Syntax error at b00010001000100010010001000100010001100110011001101000100010001000001000100010001001000100010001000110011001100110100010001000100
"axi_interconnect_wrap_4x2_tb.vcd", 2303: 

*Error* Syntax error at 1
"axi_interconnect_wrap_4x2_tb.vcd", 2304: 

*Error* Syntax error at 1
"axi_interconnect_wrap_4x2_tb.vcd", 2305: 

*Error* Syntax error at 1
"axi_interconnect_wrap_4x2_tb.vcd", 2306: 

*Error* Syntax error at b11
"axi_interconnect_wrap_4x2_tb.vcd", 2307: 

*Error* Syntax error at b011
"axi_interconnect_wrap_4x2_tb.vcd", 2308: 

*Error* Syntax error at b0000
"axi_interconnect_wrap_4x2_tb.vcd", 2309: 

*Error* Syntax error at b01
"axi_interconnect_wrap_4x2_tb.vcd", 2310: 

*Error* Syntax error at 1
"axi_interconnect_wrap_4x2_tb.vcd", 2311: 

*Error* usage of using constructs outside of modules or primitives is supported only if the option '-sv' is specified
"axi_interconnect_wrap_4x2_tb.vcd", 2312: 

*Error* Syntax error at #
"axi_interconnect_wrap_4x2_tb.vcd", 2312: 

*Error* Syntax error at 0
"axi_interconnect_wrap_4x2_tb.vcd", 2313: 

*Error* usage of using constructs outside of modules or primitives is supported only if the option '-sv' is specified
"axi_interconnect_wrap_4x2_tb.vcd", 2314: 

*Error* Syntax error at #
"axi_interconnect_wrap_4x2_tb.vcd", 2314: 

*Error* Syntax error at 1
"axi_interconnect_wrap_4x2_tb.vcd", 2315: 

*Error* Syntax error at b00000000000000000000000000101111
"axi_interconnect_wrap_4x2_tb.vcd", 2316: 

*Error* Syntax error at 0
"axi_interconnect_wrap_4x2_tb.vcd", 2317: 

*Error* Syntax error at b00
"axi_interconnect_wrap_4x2_tb.vcd", 2318: 

*Error* Syntax error at 1
"axi_interconnect_wrap_4x2_tb.vcd", 2319: 

*Error* Syntax error at b01
"axi_interconnect_wrap_4x2_tb.vcd", 2320: 

*Error* Syntax error at b11
"axi_interconnect_wrap_4x2_tb.vcd", 2321: 

*Error* Syntax error at b00
"axi_interconnect_wrap_4x2_tb.vcd", 2322: 

*Error* Syntax error at 0
"axi_interconnect_wrap_4x2_tb.vcd", 2323: 

*Error* Syntax error at 0
"axi_interconnect_wrap_4x2_tb.vcd", 2324: 

*Error* Syntax error at 0
"axi_interconnect_wrap_4x2_tb.vcd", 2325: 

*Error* Syntax error at 0
"axi_interconnect_wrap_4x2_tb.vcd", 2326: 

*Error* Syntax error at 0
"axi_interconnect_wrap_4x2_tb.vcd", 2327: 

*Error* Syntax error at b00
"axi_interconnect_wrap_4x2_tb.vcd", 2328: 

*Error* Syntax error at 0
"axi_interconnect_wrap_4x2_tb.vcd", 2329: 

*Error* Syntax error at 1
"axi_interconnect_wrap_4x2_tb.vcd", 2330: 

*Error* Syntax error at b111
"axi_interconnect_wrap_4x2_tb.vcd", 2331: 

*Error* Syntax error at b0010
"axi_interconnect_wrap_4x2_tb.vcd", 2332: 

*Error* Syntax error at b00
"axi_interconnect_wrap_4x2_tb.vcd", 2333: 

*Error* usage of using constructs outside of modules or primitives is supported only if the option '-sv' is specified
"axi_interconnect_wrap_4x2_tb.vcd", 2334: 

*Error* Syntax error at #
"axi_interconnect_wrap_4x2_tb.vcd", 2334: 

*Error* Syntax error at 0
"axi_interconnect_wrap_4x2_tb.vcd", 2335: 

*Error* usage of using constructs outside of modules or primitives is supported only if the option '-sv' is specified
"axi_interconnect_wrap_4x2_tb.vcd", 2336: 

*Error* Syntax error at #
"axi_interconnect_wrap_4x2_tb.vcd", 2336: 

*Error* Syntax error at 1
"axi_interconnect_wrap_4x2_tb.vcd", 2337: 

*Error* Syntax error at b00000000000000000000000000110000
"axi_interconnect_wrap_4x2_tb.vcd", 2338: 

*Error* Syntax error at 0
"axi_interconnect_wrap_4x2_tb.vcd", 2339: 

*Error* Syntax error at b00
"axi_interconnect_wrap_4x2_tb.vcd", 2340: 

*Error* Syntax error at 1
"axi_interconnect_wrap_4x2_tb.vcd", 2341: 

*Error* Syntax error at b11
"axi_interconnect_wrap_4x2_tb.vcd", 2342: 

*Error* Syntax error at 1
"axi_interconnect_wrap_4x2_tb.vcd", 2343: 

*Error* Syntax error at b01
"axi_interconnect_wrap_4x2_tb.vcd", 2344: 

*Error* Syntax error at b111
"axi_interconnect_wrap_4x2_tb.vcd", 2345: 

*Error* Syntax error at b0010
"axi_interconnect_wrap_4x2_tb.vcd", 2346: 

*Error* Syntax error at 1
"axi_interconnect_wrap_4x2_tb.vcd", 2347: 

*Error* Syntax error at 1
"axi_interconnect_wrap_4x2_tb.vcd", 2348: 

*Error* Syntax error at b00
"axi_interconnect_wrap_4x2_tb.vcd", 2349: 

*Error* Syntax error at 0
"axi_interconnect_wrap_4x2_tb.vcd", 2350: 

*Error* Syntax error at 0
"axi_interconnect_wrap_4x2_tb.vcd", 2351: 

*Error* Syntax error at 0
"axi_interconnect_wrap_4x2_tb.vcd", 2352: 

*Error* Syntax error at b0000
"axi_interconnect_wrap_4x2_tb.vcd", 2353: 

*Error* Syntax error at b00000100
"axi_interconnect_wrap_4x2_tb.vcd", 2354: 

*Error* Syntax error at b000
"axi_interconnect_wrap_4x2_tb.vcd", 2355: 

*Error* Syntax error at b00000000
"axi_interconnect_wrap_4x2_tb.vcd", 2356: 

*Error* Syntax error at 0
"axi_interconnect_wrap_4x2_tb.vcd", 2357: 

*Error* Syntax error at b000
"axi_interconnect_wrap_4x2_tb.vcd", 2358: 

*Error* usage of using constructs outside of modules or primitives is supported only if the option '-sv' is specified
"axi_interconnect_wrap_4x2_tb.vcd", 2359: 

*Error* Syntax error at #
"axi_interconnect_wrap_4x2_tb.vcd", 2359: 

*Error* Syntax error at 0
"axi_interconnect_wrap_4x2_tb.vcd", 2360: 

*Error* usage of using constructs outside of modules or primitives is supported only if the option '-sv' is specified
"axi_interconnect_wrap_4x2_tb.vcd", 2361: 

*Error* Syntax error at #
"axi_interconnect_wrap_4x2_tb.vcd", 2361: 

*Error* Syntax error at 1
"axi_interconnect_wrap_4x2_tb.vcd", 2362: 

*Error* Syntax error at b00000000000000000000000000110001
"axi_interconnect_wrap_4x2_tb.vcd", 2363: 

*Error* Syntax error at b000
"axi_interconnect_wrap_4x2_tb.vcd", 2364: 

*Error* Syntax error at b0000
"axi_interconnect_wrap_4x2_tb.vcd", 2365: 

*Error* Syntax error at 0
"axi_interconnect_wrap_4x2_tb.vcd", 2366: 

*Error* Syntax error at 0
"axi_interconnect_wrap_4x2_tb.vcd", 2367: 

*Error* Syntax error at b00000000
"axi_interconnect_wrap_4x2_tb.vcd", 2368: 

*Error* Syntax error at 0
"axi_interconnect_wrap_4x2_tb.vcd", 2369: 

*Error* Syntax error at b000
"axi_interconnect_wrap_4x2_tb.vcd", 2370: 

*Error* Syntax error at b00000010
"axi_interconnect_wrap_4x2_tb.vcd", 2371: 

*Error* Syntax error at b01000000000000000000001000000000
"axi_interconnect_wrap_4x2_tb.vcd", 2372: 

*Error* Syntax error at b1100101011111110101110101011111010101011110011011110111100000001
"axi_interconnect_wrap_4x2_tb.vcd", 2373: 

*Error* Syntax error at b00
"axi_interconnect_wrap_4x2_tb.vcd", 2374: 

*Error* Syntax error at b1100101011111110101110101011111010101011110011011110111100000001
"axi_interconnect_wrap_4x2_tb.vcd", 2375: 

*Error* Syntax error at b00000000
"axi_interconnect_wrap_4x2_tb.vcd", 2376: 

*Error* usage of using constructs outside of modules or primitives is supported only if the option '-sv' is specified
"axi_interconnect_wrap_4x2_tb.vcd", 2377: 

*Error* Syntax error at #
"axi_interconnect_wrap_4x2_tb.vcd", 2377: 

*Error* Syntax error at 0
"axi_interconnect_wrap_4x2_tb.vcd", 2378: 

*Error* usage of using constructs outside of modules or primitives is supported only if the option '-sv' is specified
"axi_interconnect_wrap_4x2_tb.vcd", 2379: 

*Error* Syntax error at #
"axi_interconnect_wrap_4x2_tb.vcd", 2379: 

*Error* Syntax error at 1
"axi_interconnect_wrap_4x2_tb.vcd", 2380: 

*Error* Syntax error at b00000000000000000000000000000100
"axi_interconnect_wrap_4x2_tb.vcd", 2381: 

*Error* Syntax error at b00000000000000000000000000110010
"axi_interconnect_wrap_4x2_tb.vcd", 2382: 

*Error* Syntax error at b1100101011111110101110101011111010101011110011011110111100000001
"axi_interconnect_wrap_4x2_tb.vcd", 2383: 

*Error* Syntax error at b1100101011111110101110101011111010101011110011011110111100000001
"axi_interconnect_wrap_4x2_tb.vcd", 2384: 

*Error* Syntax error at b1100101011111110101110101011111010101011110011011110111100000001
"axi_interconnect_wrap_4x2_tb.vcd", 2385: 

*Error* Syntax error at b11001010111111101011101010111110101010111100110111101111000000011100101011111110101110101011111010101011110011011110111100000001
"axi_interconnect_wrap_4x2_tb.vcd", 2386: 

*Error* usage of using constructs outside of modules or primitives is supported only if the option '-sv' is specified
"axi_interconnect_wrap_4x2_tb.vcd", 2387: 

*Error* Syntax error at #
"axi_interconnect_wrap_4x2_tb.vcd", 2387: 

*Error* Syntax error at 0
"axi_interconnect_wrap_4x2_tb.vcd", 2388: 

*Error* usage of using constructs outside of modules or primitives is supported only if the option '-sv' is specified
"axi_interconnect_wrap_4x2_tb.vcd", 2389: 

*Error* Syntax error at #
"axi_interconnect_wrap_4x2_tb.vcd", 2389: 

*Error* Syntax error at 1
"axi_interconnect_wrap_4x2_tb.vcd", 2390: 

*Error* Syntax error at b00010010
"axi_interconnect_wrap_4x2_tb.vcd", 2391: 

*Error* Syntax error at b01000000000000000000010000000000
"axi_interconnect_wrap_4x2_tb.vcd", 2392: 

*Error* Syntax error at b00000100
"axi_interconnect_wrap_4x2_tb.vcd", 2393: 

*Error* Syntax error at b00000100
"axi_interconnect_wrap_4x2_tb.vcd", 2394: 

*Error* Syntax error at 1
"axi_interconnect_wrap_4x2_tb.vcd", 2395: 

*Error* Syntax error at 1
"axi_interconnect_wrap_4x2_tb.vcd", 2396: 

*Error* Syntax error at b0010
"axi_interconnect_wrap_4x2_tb.vcd", 2397: 

*Error* Syntax error at b00000000000000000000000000110011
"axi_interconnect_wrap_4x2_tb.vcd", 2398: 

*Error* Syntax error at b00000000000000000001001000000010
"axi_interconnect_wrap_4x2_tb.vcd", 2399: 

*Error* Syntax error at b00000000000000000000000000000000000000000000000000000000000000000100000000000000000001000000000001000000000000000000001000000000
"axi_interconnect_wrap_4x2_tb.vcd", 2400: 

*Error* Syntax error at b010
"axi_interconnect_wrap_4x2_tb.vcd", 2401: 

*Error* Syntax error at b00000100
"axi_interconnect_wrap_4x2_tb.vcd", 2402: 

*Error* Syntax error at b00000100
"axi_interconnect_wrap_4x2_tb.vcd", 2403: 

*Error* Syntax error at 1
"axi_interconnect_wrap_4x2_tb.vcd", 2404: 

*Error* Syntax error at b010
"axi_interconnect_wrap_4x2_tb.vcd", 2405: 

*Error* usage of using constructs outside of modules or primitives is supported only if the option '-sv' is specified
"axi_interconnect_wrap_4x2_tb.vcd", 2406: 

*Error* Syntax error at #
"axi_interconnect_wrap_4x2_tb.vcd", 2406: 

*Error* Syntax error at 0
"axi_interconnect_wrap_4x2_tb.vcd", 2407: 

*Error* usage of using constructs outside of modules or primitives is supported only if the option '-sv' is specified
"axi_interconnect_wrap_4x2_tb.vcd", 2408: 

*Error* Syntax error at #
"axi_interconnect_wrap_4x2_tb.vcd", 2408: 

*Error* Syntax error at 1
"axi_interconnect_wrap_4x2_tb.vcd", 2409: 

*Error* Syntax error at b00000000000000000000000000110100
"axi_interconnect_wrap_4x2_tb.vcd", 2410: 

*Error* Syntax error at b00000100
"axi_interconnect_wrap_4x2_tb.vcd", 2411: 

*Error* Syntax error at 1
"axi_interconnect_wrap_4x2_tb.vcd", 2412: 

*Error* Syntax error at b010
"axi_interconnect_wrap_4x2_tb.vcd", 2413: 

*Error* Syntax error at b00010010
"axi_interconnect_wrap_4x2_tb.vcd", 2414: 

*Error* Syntax error at b01000000000000000000010000000000
"axi_interconnect_wrap_4x2_tb.vcd", 2415: 

*Error* Syntax error at b0001000100010001001000100010001000110011001100110100010001000100
"axi_interconnect_wrap_4x2_tb.vcd", 2416: 

*Error* Syntax error at b01
"axi_interconnect_wrap_4x2_tb.vcd", 2417: 

*Error* Syntax error at 1
"axi_interconnect_wrap_4x2_tb.vcd", 2418: 

*Error* Syntax error at b001
"axi_interconnect_wrap_4x2_tb.vcd", 2419: 

*Error* Syntax error at b00010010
"axi_interconnect_wrap_4x2_tb.vcd", 2420: 

*Error* Syntax error at b01000000000000000000010000000000
"axi_interconnect_wrap_4x2_tb.vcd", 2421: 

*Error* Syntax error at 1
"axi_interconnect_wrap_4x2_tb.vcd", 2422: 

*Error* Syntax error at b0010
"axi_interconnect_wrap_4x2_tb.vcd", 2423: 

*Error* Syntax error at b0001000100010001001000100010001000110011001100110100010001000100
"axi_interconnect_wrap_4x2_tb.vcd", 2424: 

*Error* usage of using constructs outside of modules or primitives is supported only if the option '-sv' is specified
"axi_interconnect_wrap_4x2_tb.vcd", 2425: 

*Error* Syntax error at #
"axi_interconnect_wrap_4x2_tb.vcd", 2425: 

*Error* Syntax error at 0
"axi_interconnect_wrap_4x2_tb.vcd", 2426: 

*Error* usage of using constructs outside of modules or primitives is supported only if the option '-sv' is specified
"axi_interconnect_wrap_4x2_tb.vcd", 2427: 

*Error* Syntax error at #
"axi_interconnect_wrap_4x2_tb.vcd", 2427: 

*Error* Syntax error at 1
"axi_interconnect_wrap_4x2_tb.vcd", 2428: 

*Error* Syntax error at b00000000000000000000000000110101
"axi_interconnect_wrap_4x2_tb.vcd", 2429: 

*Error* Syntax error at b001
"axi_interconnect_wrap_4x2_tb.vcd", 2430: 

*Error* Syntax error at b0010
"axi_interconnect_wrap_4x2_tb.vcd", 2431: 

*Error* Syntax error at 1
"axi_interconnect_wrap_4x2_tb.vcd", 2432: 

*Error* Syntax error at 1
"axi_interconnect_wrap_4x2_tb.vcd", 2433: 

*Error* Syntax error at b00010010
"axi_interconnect_wrap_4x2_tb.vcd", 2434: 

*Error* Syntax error at b00010010
"axi_interconnect_wrap_4x2_tb.vcd", 2435: 

*Error* Syntax error at b00010010000100100001001000010010
"axi_interconnect_wrap_4x2_tb.vcd", 2436: 

*Error* Syntax error at b00010010
"axi_interconnect_wrap_4x2_tb.vcd", 2437: 

*Error* Syntax error at b01000000000000000000010000000000
"axi_interconnect_wrap_4x2_tb.vcd", 2438: 

*Error* Syntax error at b01000000000000000000010000000000
"axi_interconnect_wrap_4x2_tb.vcd", 2439: 

*Error* Syntax error at b0100000000000000000001000000000001000000000000000000010000000000
"axi_interconnect_wrap_4x2_tb.vcd", 2440: 

*Error* Syntax error at b01000000000000000000010000000000
"axi_interconnect_wrap_4x2_tb.vcd", 2441: 

*Error* Syntax error at b01000000000000000000010000000000
"axi_interconnect_wrap_4x2_tb.vcd", 2442: 

*Error* Syntax error at 1
"axi_interconnect_wrap_4x2_tb.vcd", 2443: 

*Error* Syntax error at b0001000100010001001000100010001000110011001100110100010001000100
"axi_interconnect_wrap_4x2_tb.vcd", 2444: 

*Error* Syntax error at b0001000100010001001000100010001000110011001100110100010001000100
"axi_interconnect_wrap_4x2_tb.vcd", 2445: 

*Error* Syntax error at b0001000100010001001000100010001000110011001100110100010001000100
"axi_interconnect_wrap_4x2_tb.vcd", 2446: 

*Error* Syntax error at b00010001000100010010001000100010001100110011001101000100010001000001000100010001001000100010001000110011001100110100010001000100
"axi_interconnect_wrap_4x2_tb.vcd", 2447: 

*Error* Syntax error at b010
"axi_interconnect_wrap_4x2_tb.vcd", 2448: 

*Error* Syntax error at 1
"axi_interconnect_wrap_4x2_tb.vcd", 2449: 

*Error* Syntax error at 1
"axi_interconnect_wrap_4x2_tb.vcd", 2450: 

*Error* Syntax error at b0000
"axi_interconnect_wrap_4x2_tb.vcd", 2451: 

*Error* Syntax error at b0010
"axi_interconnect_wrap_4x2_tb.vcd", 2452: 

*Error* Syntax error at b00010010
"axi_interconnect_wrap_4x2_tb.vcd", 2453: 

*Error* usage of using constructs outside of modules or primitives is supported only if the option '-sv' is specified
"axi_interconnect_wrap_4x2_tb.vcd", 2454: 

*Error* Syntax error at #
"axi_interconnect_wrap_4x2_tb.vcd", 2454: 

*Error* Syntax error at 0
"axi_interconnect_wrap_4x2_tb.vcd", 2455: 

*Error* usage of using constructs outside of modules or primitives is supported only if the option '-sv' is specified
"axi_interconnect_wrap_4x2_tb.vcd", 2456: 

*Error* Syntax error at #
"axi_interconnect_wrap_4x2_tb.vcd", 2456: 

*Error* Syntax error at 1
"axi_interconnect_wrap_4x2_tb.vcd", 2457: 

*Error* Syntax error at b00000000000000000000000000110110
"axi_interconnect_wrap_4x2_tb.vcd", 2458: 

*Error* Syntax error at b010
"axi_interconnect_wrap_4x2_tb.vcd", 2459: 

*Error* Syntax error at b0000
"axi_interconnect_wrap_4x2_tb.vcd", 2460: 

*Error* Syntax error at 0
"axi_interconnect_wrap_4x2_tb.vcd", 2461: 

*Error* Syntax error at 0
"axi_interconnect_wrap_4x2_tb.vcd", 2462: 

*Error* Syntax error at b0010
"axi_interconnect_wrap_4x2_tb.vcd", 2463: 

*Error* Syntax error at 1
"axi_interconnect_wrap_4x2_tb.vcd", 2464: 

*Error* Syntax error at 1
"axi_interconnect_wrap_4x2_tb.vcd", 2465: 

*Error* Syntax error at 1
"axi_interconnect_wrap_4x2_tb.vcd", 2466: 

*Error* Syntax error at b00010010
"axi_interconnect_wrap_4x2_tb.vcd", 2467: 

*Error* Syntax error at b00010010
"axi_interconnect_wrap_4x2_tb.vcd", 2468: 

*Error* Syntax error at b00010010000100100001001000010010
"axi_interconnect_wrap_4x2_tb.vcd", 2469: 

*Error* Syntax error at b00010010
"axi_interconnect_wrap_4x2_tb.vcd", 2470: 

*Error* Syntax error at 0
"axi_interconnect_wrap_4x2_tb.vcd", 2471: 

*Error* Syntax error at 0
"axi_interconnect_wrap_4x2_tb.vcd", 2472: 

*Error* Syntax error at b10
"axi_interconnect_wrap_4x2_tb.vcd", 2473: 

*Error* usage of using constructs outside of modules or primitives is supported only if the option '-sv' is specified
"axi_interconnect_wrap_4x2_tb.vcd", 2474: 

*Error* Syntax error at #
"axi_interconnect_wrap_4x2_tb.vcd", 2474: 

*Error* Syntax error at 0
"axi_interconnect_wrap_4x2_tb.vcd", 2475: 

*Error* usage of using constructs outside of modules or primitives is supported only if the option '-sv' is specified
"axi_interconnect_wrap_4x2_tb.vcd", 2476: 

*Error* Syntax error at #
"axi_interconnect_wrap_4x2_tb.vcd", 2476: 

*Error* Syntax error at 1
"axi_interconnect_wrap_4x2_tb.vcd", 2477: 

*Error* Syntax error at b00000000
"axi_interconnect_wrap_4x2_tb.vcd", 2478: 

*Error* Syntax error at b00000000
"axi_interconnect_wrap_4x2_tb.vcd", 2479: 

*Error* Syntax error at 0
"axi_interconnect_wrap_4x2_tb.vcd", 2480: 

*Error* Syntax error at 0
"axi_interconnect_wrap_4x2_tb.vcd", 2481: 

*Error* Syntax error at 0
"axi_interconnect_wrap_4x2_tb.vcd", 2482: 

*Error* Syntax error at b0000
"axi_interconnect_wrap_4x2_tb.vcd", 2483: 

*Error* Syntax error at b0101010101010101011001100110011001110111011101111000100010001000
"axi_interconnect_wrap_4x2_tb.vcd", 2484: 

*Error* Syntax error at 1
"axi_interconnect_wrap_4x2_tb.vcd", 2485: 

*Error* Syntax error at 1
"axi_interconnect_wrap_4x2_tb.vcd", 2486: 

*Error* Syntax error at b00000000000000000000000000110111
"axi_interconnect_wrap_4x2_tb.vcd", 2487: 

*Error* Syntax error at b111
"axi_interconnect_wrap_4x2_tb.vcd", 2488: 

*Error* Syntax error at b10000000
"axi_interconnect_wrap_4x2_tb.vcd", 2489: 

*Error* Syntax error at b0000000000000000000000000000000000000000000000000000000000000000000000000000000000000000000000000000000000000000000000000000000001010101010101010110011001100110011101110111011110001000100010001100101011111110101110101011111010101011110011011110111100000001
"axi_interconnect_wrap_4x2_tb.vcd", 2490: 

*Error* Syntax error at b0101010101010101011001100110011001110111011101111000100010001000
"axi_interconnect_wrap_4x2_tb.vcd", 2491: 

*Error* Syntax error at b0010
"axi_interconnect_wrap_4x2_tb.vcd", 2492: 

*Error* Syntax error at 1
"axi_interconnect_wrap_4x2_tb.vcd", 2493: 

*Error* Syntax error at b011
"axi_interconnect_wrap_4x2_tb.vcd", 2494: 

*Error* Syntax error at b0000
"axi_interconnect_wrap_4x2_tb.vcd", 2495: 

*Error* Syntax error at b10
"axi_interconnect_wrap_4x2_tb.vcd", 2496: 

*Error* Syntax error at b0101010101010101011001100110011001110111011101111000100010001000
"axi_interconnect_wrap_4x2_tb.vcd", 2497: 

*Error* Syntax error at 1
"axi_interconnect_wrap_4x2_tb.vcd", 2498: 

*Error* Syntax error at 1
"axi_interconnect_wrap_4x2_tb.vcd", 2499: 

*Error* Syntax error at b0010
"axi_interconnect_wrap_4x2_tb.vcd", 2500: 

*Error* Syntax error at 1
"axi_interconnect_wrap_4x2_tb.vcd", 2501: 

*Error* Syntax error at b10
"axi_interconnect_wrap_4x2_tb.vcd", 2502: 

*Error* Syntax error at b10
"axi_interconnect_wrap_4x2_tb.vcd", 2503: 

*Error* Syntax error at 1
"axi_interconnect_wrap_4x2_tb.vcd", 2504: 

*Error* Syntax error at 1
"axi_interconnect_wrap_4x2_tb.vcd", 2505: 

*Error* Syntax error at 0
"axi_interconnect_wrap_4x2_tb.vcd", 2506: 

*Error* Syntax error at b00
"axi_interconnect_wrap_4x2_tb.vcd", 2507: 

*Error* usage of using constructs outside of modules or primitives is supported only if the option '-sv' is specified
"axi_interconnect_wrap_4x2_tb.vcd", 2508: 

*Error* Syntax error at #
"axi_interconnect_wrap_4x2_tb.vcd", 2508: 

*Error* Syntax error at 0
"axi_interconnect_wrap_4x2_tb.vcd", 2509: 

*Error* usage of using constructs outside of modules or primitives is supported only if the option '-sv' is specified
"axi_interconnect_wrap_4x2_tb.vcd", 2510: 

*Error* Syntax error at #
"axi_interconnect_wrap_4x2_tb.vcd", 2510: 

*Error* Syntax error at 1
"axi_interconnect_wrap_4x2_tb.vcd", 2511: 

*Error* Syntax error at 0
"axi_interconnect_wrap_4x2_tb.vcd", 2512: 

*Error* Syntax error at 0
"axi_interconnect_wrap_4x2_tb.vcd", 2513: 

*Error* Syntax error at b00000000000000000000000000111000
"axi_interconnect_wrap_4x2_tb.vcd", 2514: 

*Error* Syntax error at b0000
"axi_interconnect_wrap_4x2_tb.vcd", 2515: 

*Error* Syntax error at 0
"axi_interconnect_wrap_4x2_tb.vcd", 2516: 

*Error* Syntax error at b010
"axi_interconnect_wrap_4x2_tb.vcd", 2517: 

*Error* Syntax error at b0010
"axi_interconnect_wrap_4x2_tb.vcd", 2518: 

*Error* Syntax error at b00
"axi_interconnect_wrap_4x2_tb.vcd", 2519: 

*Error* Syntax error at 0
"axi_interconnect_wrap_4x2_tb.vcd", 2520: 

*Error* Syntax error at 0
"axi_interconnect_wrap_4x2_tb.vcd", 2521: 

*Error* Syntax error at b0000
"axi_interconnect_wrap_4x2_tb.vcd", 2522: 

*Error* Syntax error at 0
"axi_interconnect_wrap_4x2_tb.vcd", 2523: 

*Error* Syntax error at b00
"axi_interconnect_wrap_4x2_tb.vcd", 2524: 

*Error* Syntax error at 0
"axi_interconnect_wrap_4x2_tb.vcd", 2525: 

*Error* Syntax error at b01
"axi_interconnect_wrap_4x2_tb.vcd", 2526: 

*Error* Syntax error at 0
"axi_interconnect_wrap_4x2_tb.vcd", 2527: 

*Error* Syntax error at 1
"axi_interconnect_wrap_4x2_tb.vcd", 2528: 

*Error* Syntax error at b10
"axi_interconnect_wrap_4x2_tb.vcd", 2529: 

*Error* Syntax error at b10
"axi_interconnect_wrap_4x2_tb.vcd", 2530: 

*Error* Syntax error at b011
"axi_interconnect_wrap_4x2_tb.vcd", 2531: 

*Error* Syntax error at b0000
"axi_interconnect_wrap_4x2_tb.vcd", 2532: 

*Error* Syntax error at 0
"axi_interconnect_wrap_4x2_tb.vcd", 2533: 

*Error* Syntax error at 0
"axi_interconnect_wrap_4x2_tb.vcd", 2534: 

*Error* Syntax error at b00
"axi_interconnect_wrap_4x2_tb.vcd", 2535: 

*Error* Syntax error at 0
"axi_interconnect_wrap_4x2_tb.vcd", 2536: 

*Error* Syntax error at 0
"axi_interconnect_wrap_4x2_tb.vcd", 2537: 

*Error* Syntax error at b10
"axi_interconnect_wrap_4x2_tb.vcd", 2538: 

*Error* Syntax error at 1
"axi_interconnect_wrap_4x2_tb.vcd", 2539: 

*Error* Syntax error at 1
"axi_interconnect_wrap_4x2_tb.vcd", 2540: 

*Error* Syntax error at b10
"axi_interconnect_wrap_4x2_tb.vcd", 2541: 

*Error* Syntax error at 1
"axi_interconnect_wrap_4x2_tb.vcd", 2542: 

*Error* Syntax error at 1
"axi_interconnect_wrap_4x2_tb.vcd", 2543: 

*Error* Syntax error at b0101010101010101011001100110011001110111011101111000100010001000
"axi_interconnect_wrap_4x2_tb.vcd", 2544: 

*Error* Syntax error at b0101010101010101011001100110011001110111011101111000100010001000
"axi_interconnect_wrap_4x2_tb.vcd", 2545: 

*Error* Syntax error at b0101010101010101011001100110011001110111011101111000100010001000
"axi_interconnect_wrap_4x2_tb.vcd", 2546: 

*Error* Syntax error at b01010101010101010110011001100110011101110111011110001000100010000101010101010101011001100110011001110111011101111000100010001000
"axi_interconnect_wrap_4x2_tb.vcd", 2547: 

*Error* Syntax error at 1
"axi_interconnect_wrap_4x2_tb.vcd", 2548: 

*Error* Syntax error at 1
"axi_interconnect_wrap_4x2_tb.vcd", 2549: 

*Error* Syntax error at 1
"axi_interconnect_wrap_4x2_tb.vcd", 2550: 

*Error* Syntax error at b11
"axi_interconnect_wrap_4x2_tb.vcd", 2551: 

*Error* Syntax error at b011
"axi_interconnect_wrap_4x2_tb.vcd", 2552: 

*Error* Syntax error at b0000
"axi_interconnect_wrap_4x2_tb.vcd", 2553: 

*Error* Syntax error at b10
"axi_interconnect_wrap_4x2_tb.vcd", 2554: 

*Error* Syntax error at 1
"axi_interconnect_wrap_4x2_tb.vcd", 2555: 

*Error* usage of using constructs outside of modules or primitives is supported only if the option '-sv' is specified
"axi_interconnect_wrap_4x2_tb.vcd", 2556: 

*Error* Syntax error at #
"axi_interconnect_wrap_4x2_tb.vcd", 2556: 

*Error* Syntax error at 0
"axi_interconnect_wrap_4x2_tb.vcd", 2557: 

*Error* usage of using constructs outside of modules or primitives is supported only if the option '-sv' is specified
"axi_interconnect_wrap_4x2_tb.vcd", 2558: 

*Error* Syntax error at #
"axi_interconnect_wrap_4x2_tb.vcd", 2558: 

*Error* Syntax error at 1
"axi_interconnect_wrap_4x2_tb.vcd", 2559: 

*Error* Syntax error at b00000000000000000000000000111001
"axi_interconnect_wrap_4x2_tb.vcd", 2560: 

*Error* Syntax error at 0
"axi_interconnect_wrap_4x2_tb.vcd", 2561: 

*Error* Syntax error at b00
"axi_interconnect_wrap_4x2_tb.vcd", 2562: 

*Error* Syntax error at 1
"axi_interconnect_wrap_4x2_tb.vcd", 2563: 

*Error* Syntax error at b10
"axi_interconnect_wrap_4x2_tb.vcd", 2564: 

*Error* Syntax error at b11
"axi_interconnect_wrap_4x2_tb.vcd", 2565: 

*Error* Syntax error at b00
"axi_interconnect_wrap_4x2_tb.vcd", 2566: 

*Error* Syntax error at 0
"axi_interconnect_wrap_4x2_tb.vcd", 2567: 

*Error* Syntax error at 0
"axi_interconnect_wrap_4x2_tb.vcd", 2568: 

*Error* Syntax error at 0
"axi_interconnect_wrap_4x2_tb.vcd", 2569: 

*Error* Syntax error at 0
"axi_interconnect_wrap_4x2_tb.vcd", 2570: 

*Error* Syntax error at 0
"axi_interconnect_wrap_4x2_tb.vcd", 2571: 

*Error* Syntax error at b00
"axi_interconnect_wrap_4x2_tb.vcd", 2572: 

*Error* Syntax error at 0
"axi_interconnect_wrap_4x2_tb.vcd", 2573: 

*Error* Syntax error at 1
"axi_interconnect_wrap_4x2_tb.vcd", 2574: 

*Error* Syntax error at b111
"axi_interconnect_wrap_4x2_tb.vcd", 2575: 

*Error* Syntax error at b0010
"axi_interconnect_wrap_4x2_tb.vcd", 2576: 

*Error* Syntax error at b00
"axi_interconnect_wrap_4x2_tb.vcd", 2577: 

*Error* usage of using constructs outside of modules or primitives is supported only if the option '-sv' is specified
"axi_interconnect_wrap_4x2_tb.vcd", 2578: 

*Error* Syntax error at #
"axi_interconnect_wrap_4x2_tb.vcd", 2578: 

*Error* Syntax error at 0
"axi_interconnect_wrap_4x2_tb.vcd", 2579: 

*Error* usage of using constructs outside of modules or primitives is supported only if the option '-sv' is specified
"axi_interconnect_wrap_4x2_tb.vcd", 2580: 

*Error* Syntax error at #
"axi_interconnect_wrap_4x2_tb.vcd", 2580: 

*Error* Syntax error at 1
"axi_interconnect_wrap_4x2_tb.vcd", 2581: 

*Error* Syntax error at b00000000000000000000000000111010
"axi_interconnect_wrap_4x2_tb.vcd", 2582: 

*Error* Syntax error at 0
"axi_interconnect_wrap_4x2_tb.vcd", 2583: 

*Error* Syntax error at b00
"axi_interconnect_wrap_4x2_tb.vcd", 2584: 

*Error* Syntax error at 1
"axi_interconnect_wrap_4x2_tb.vcd", 2585: 

*Error* Syntax error at b11
"axi_interconnect_wrap_4x2_tb.vcd", 2586: 

*Error* Syntax error at 1
"axi_interconnect_wrap_4x2_tb.vcd", 2587: 

*Error* Syntax error at b01
"axi_interconnect_wrap_4x2_tb.vcd", 2588: 

*Error* Syntax error at b111
"axi_interconnect_wrap_4x2_tb.vcd", 2589: 

*Error* Syntax error at b0010
"axi_interconnect_wrap_4x2_tb.vcd", 2590: 

*Error* Syntax error at 1
"axi_interconnect_wrap_4x2_tb.vcd", 2591: 

*Error* Syntax error at 1
"axi_interconnect_wrap_4x2_tb.vcd", 2592: 

*Error* Syntax error at b00
"axi_interconnect_wrap_4x2_tb.vcd", 2593: 

*Error* Syntax error at 0
"axi_interconnect_wrap_4x2_tb.vcd", 2594: 

*Error* Syntax error at 0
"axi_interconnect_wrap_4x2_tb.vcd", 2595: 

*Error* Syntax error at 0
"axi_interconnect_wrap_4x2_tb.vcd", 2596: 

*Error* Syntax error at b0000
"axi_interconnect_wrap_4x2_tb.vcd", 2597: 

*Error* Syntax error at b00000100
"axi_interconnect_wrap_4x2_tb.vcd", 2598: 

*Error* Syntax error at b000
"axi_interconnect_wrap_4x2_tb.vcd", 2599: 

*Error* Syntax error at b00000000
"axi_interconnect_wrap_4x2_tb.vcd", 2600: 

*Error* Syntax error at 0
"axi_interconnect_wrap_4x2_tb.vcd", 2601: 

*Error* Syntax error at b000
"axi_interconnect_wrap_4x2_tb.vcd", 2602: 

*Error* usage of using constructs outside of modules or primitives is supported only if the option '-sv' is specified
"axi_interconnect_wrap_4x2_tb.vcd", 2603: 

*Error* Syntax error at #
"axi_interconnect_wrap_4x2_tb.vcd", 2603: 

*Error* Syntax error at 0
"axi_interconnect_wrap_4x2_tb.vcd", 2604: 

*Error* usage of using constructs outside of modules or primitives is supported only if the option '-sv' is specified
"axi_interconnect_wrap_4x2_tb.vcd", 2605: 

*Error* Syntax error at #
"axi_interconnect_wrap_4x2_tb.vcd", 2605: 

*Error* Syntax error at 1
"axi_interconnect_wrap_4x2_tb.vcd", 2606: 

*Error* Syntax error at b00000000000000000000000000111011
"axi_interconnect_wrap_4x2_tb.vcd", 2607: 

*Error* Syntax error at b000
"axi_interconnect_wrap_4x2_tb.vcd", 2608: 

*Error* Syntax error at b0000
"axi_interconnect_wrap_4x2_tb.vcd", 2609: 

*Error* Syntax error at 0
"axi_interconnect_wrap_4x2_tb.vcd", 2610: 

*Error* Syntax error at 0
"axi_interconnect_wrap_4x2_tb.vcd", 2611: 

*Error* Syntax error at b00000000
"axi_interconnect_wrap_4x2_tb.vcd", 2612: 

*Error* Syntax error at 0
"axi_interconnect_wrap_4x2_tb.vcd", 2613: 

*Error* Syntax error at b000
"axi_interconnect_wrap_4x2_tb.vcd", 2614: 

*Error* Syntax error at b00000010
"axi_interconnect_wrap_4x2_tb.vcd", 2615: 

*Error* Syntax error at b01000000000000000000001000000000
"axi_interconnect_wrap_4x2_tb.vcd", 2616: 

*Error* Syntax error at b1100101011111110101110101011111010101011110011011110111100000001
"axi_interconnect_wrap_4x2_tb.vcd", 2617: 

*Error* Syntax error at b00
"axi_interconnect_wrap_4x2_tb.vcd", 2618: 

*Error* Syntax error at b1100101011111110101110101011111010101011110011011110111100000001
"axi_interconnect_wrap_4x2_tb.vcd", 2619: 

*Error* Syntax error at b00000000
"axi_interconnect_wrap_4x2_tb.vcd", 2620: 

*Error* usage of using constructs outside of modules or primitives is supported only if the option '-sv' is specified
"axi_interconnect_wrap_4x2_tb.vcd", 2621: 

*Error* Syntax error at #
"axi_interconnect_wrap_4x2_tb.vcd", 2621: 

*Error* Syntax error at 0
"axi_interconnect_wrap_4x2_tb.vcd", 2622: 

*Error* usage of using constructs outside of modules or primitives is supported only if the option '-sv' is specified
"axi_interconnect_wrap_4x2_tb.vcd", 2623: 

*Error* Syntax error at #
"axi_interconnect_wrap_4x2_tb.vcd", 2623: 

*Error* Syntax error at 1
"axi_interconnect_wrap_4x2_tb.vcd", 2624: 

*Error* Syntax error at b00000000000000000000000000000101
"axi_interconnect_wrap_4x2_tb.vcd", 2625: 

*Error* Syntax error at b00000000000000000000000000111100
"axi_interconnect_wrap_4x2_tb.vcd", 2626: 

*Error* Syntax error at b1100101011111110101110101011111010101011110011011110111100000001
"axi_interconnect_wrap_4x2_tb.vcd", 2627: 

*Error* Syntax error at b1100101011111110101110101011111010101011110011011110111100000001
"axi_interconnect_wrap_4x2_tb.vcd", 2628: 

*Error* Syntax error at b1100101011111110101110101011111010101011110011011110111100000001
"axi_interconnect_wrap_4x2_tb.vcd", 2629: 

*Error* Syntax error at b11001010111111101011101010111110101010111100110111101111000000011100101011111110101110101011111010101011110011011110111100000001
"axi_interconnect_wrap_4x2_tb.vcd", 2630: 

*Error* usage of using constructs outside of modules or primitives is supported only if the option '-sv' is specified
"axi_interconnect_wrap_4x2_tb.vcd", 2631: 

*Error* Syntax error at #
"axi_interconnect_wrap_4x2_tb.vcd", 2631: 

*Error* Syntax error at 0
"axi_interconnect_wrap_4x2_tb.vcd", 2632: 

*Error* usage of using constructs outside of modules or primitives is supported only if the option '-sv' is specified
"axi_interconnect_wrap_4x2_tb.vcd", 2633: 

*Error* Syntax error at #
"axi_interconnect_wrap_4x2_tb.vcd", 2633: 

*Error* Syntax error at 1
"axi_interconnect_wrap_4x2_tb.vcd", 2634: 

*Error* Syntax error at b00100001
"axi_interconnect_wrap_4x2_tb.vcd", 2635: 

*Error* Syntax error at b00000000000000000000010100000000
"axi_interconnect_wrap_4x2_tb.vcd", 2636: 

*Error* Syntax error at b00010000
"axi_interconnect_wrap_4x2_tb.vcd", 2637: 

*Error* Syntax error at b00010000
"axi_interconnect_wrap_4x2_tb.vcd", 2638: 

*Error* Syntax error at 1
"axi_interconnect_wrap_4x2_tb.vcd", 2639: 

*Error* Syntax error at b00010000
"axi_interconnect_wrap_4x2_tb.vcd", 2640: 

*Error* Syntax error at 1
"axi_interconnect_wrap_4x2_tb.vcd", 2641: 

*Error* Syntax error at 1
"axi_interconnect_wrap_4x2_tb.vcd", 2642: 

*Error* Syntax error at b0100
"axi_interconnect_wrap_4x2_tb.vcd", 2643: 

*Error* Syntax error at b00000000000000000000000000111101
"axi_interconnect_wrap_4x2_tb.vcd", 2644: 

*Error* Syntax error at b00000000001000010001001000000010
"axi_interconnect_wrap_4x2_tb.vcd", 2645: 

*Error* Syntax error at b00000000000000000000000000000000000000000000000000000101000000000100000000000000000001000000000001000000000000000000001000000000
"axi_interconnect_wrap_4x2_tb.vcd", 2646: 

*Error* Syntax error at b100
"axi_interconnect_wrap_4x2_tb.vcd", 2647: 

*Error* Syntax error at b00010000
"axi_interconnect_wrap_4x2_tb.vcd", 2648: 

*Error* Syntax error at b100
"axi_interconnect_wrap_4x2_tb.vcd", 2649: 

*Error* Syntax error at b00010000
"axi_interconnect_wrap_4x2_tb.vcd", 2650: 

*Error* Syntax error at b00010000
"axi_interconnect_wrap_4x2_tb.vcd", 2651: 

*Error* Syntax error at 1
"axi_interconnect_wrap_4x2_tb.vcd", 2652: 

*Error* Syntax error at b100
"axi_interconnect_wrap_4x2_tb.vcd", 2653: 

*Error* Syntax error at b11100000
"axi_interconnect_wrap_4x2_tb.vcd", 2654: 

*Error* usage of using constructs outside of modules or primitives is supported only if the option '-sv' is specified
"axi_interconnect_wrap_4x2_tb.vcd", 2655: 

*Error* Syntax error at #
"axi_interconnect_wrap_4x2_tb.vcd", 2655: 

*Error* Syntax error at 0
"axi_interconnect_wrap_4x2_tb.vcd", 2656: 

*Error* usage of using constructs outside of modules or primitives is supported only if the option '-sv' is specified
"axi_interconnect_wrap_4x2_tb.vcd", 2657: 

*Error* Syntax error at #
"axi_interconnect_wrap_4x2_tb.vcd", 2657: 

*Error* Syntax error at 1
"axi_interconnect_wrap_4x2_tb.vcd", 2658: 

*Error* Syntax error at b00000000000000000000000000111110
"axi_interconnect_wrap_4x2_tb.vcd", 2659: 

*Error* Syntax error at b00010000
"axi_interconnect_wrap_4x2_tb.vcd", 2660: 

*Error* Syntax error at 1
"axi_interconnect_wrap_4x2_tb.vcd", 2661: 

*Error* Syntax error at b100
"axi_interconnect_wrap_4x2_tb.vcd", 2662: 

*Error* Syntax error at b00100001
"axi_interconnect_wrap_4x2_tb.vcd", 2663: 

*Error* Syntax error at b00000000000000000000010100000000
"axi_interconnect_wrap_4x2_tb.vcd", 2664: 

*Error* Syntax error at b0000000000000000000000000000000000000000000000000000000000000000
"axi_interconnect_wrap_4x2_tb.vcd", 2665: 

*Error* Syntax error at b10
"axi_interconnect_wrap_4x2_tb.vcd", 2666: 

*Error* Syntax error at 1
"axi_interconnect_wrap_4x2_tb.vcd", 2667: 

*Error* Syntax error at b11100000
"axi_interconnect_wrap_4x2_tb.vcd", 2668: 

*Error* Syntax error at b00000000
"axi_interconnect_wrap_4x2_tb.vcd", 2669: 

*Error* Syntax error at 0
"axi_interconnect_wrap_4x2_tb.vcd", 2670: 

*Error* Syntax error at b001
"axi_interconnect_wrap_4x2_tb.vcd", 2671: 

*Error* Syntax error at b00100001
"axi_interconnect_wrap_4x2_tb.vcd", 2672: 

*Error* Syntax error at b00000000000000000000010100000000
"axi_interconnect_wrap_4x2_tb.vcd", 2673: 

*Error* Syntax error at 1
"axi_interconnect_wrap_4x2_tb.vcd", 2674: 

*Error* Syntax error at b0100
"axi_interconnect_wrap_4x2_tb.vcd", 2675: 

*Error* Syntax error at b0000000000000000000000000000000000000000000000000000000000000000
"axi_interconnect_wrap_4x2_tb.vcd", 2676: 

*Error* Syntax error at b111
"axi_interconnect_wrap_4x2_tb.vcd", 2677: 

*Error* Syntax error at b10000000
"axi_interconnect_wrap_4x2_tb.vcd", 2678: 

*Error* usage of using constructs outside of modules or primitives is supported only if the option '-sv' is specified
"axi_interconnect_wrap_4x2_tb.vcd", 2679: 

*Error* Syntax error at #
"axi_interconnect_wrap_4x2_tb.vcd", 2679: 

*Error* Syntax error at 0
"axi_interconnect_wrap_4x2_tb.vcd", 2680: 

*Error* usage of using constructs outside of modules or primitives is supported only if the option '-sv' is specified
"axi_interconnect_wrap_4x2_tb.vcd", 2681: 

*Error* Syntax error at #
"axi_interconnect_wrap_4x2_tb.vcd", 2681: 

*Error* Syntax error at 1
"axi_interconnect_wrap_4x2_tb.vcd", 2682: 

*Error* Syntax error at b00000000000000000000000000111111
"axi_interconnect_wrap_4x2_tb.vcd", 2683: 

*Error* Syntax error at b001
"axi_interconnect_wrap_4x2_tb.vcd", 2684: 

*Error* Syntax error at b0100
"axi_interconnect_wrap_4x2_tb.vcd", 2685: 

*Error* Syntax error at 1
"axi_interconnect_wrap_4x2_tb.vcd", 2686: 

*Error* Syntax error at 1
"axi_interconnect_wrap_4x2_tb.vcd", 2687: 

*Error* Syntax error at b00100001
"axi_interconnect_wrap_4x2_tb.vcd", 2688: 

*Error* Syntax error at b00100001
"axi_interconnect_wrap_4x2_tb.vcd", 2689: 

*Error* Syntax error at b00100001001000010010000100100001
"axi_interconnect_wrap_4x2_tb.vcd", 2690: 

*Error* Syntax error at b00100001
"axi_interconnect_wrap_4x2_tb.vcd", 2691: 

*Error* Syntax error at b00000000000000000000010100000000
"axi_interconnect_wrap_4x2_tb.vcd", 2692: 

*Error* Syntax error at b00000000000000000000010100000000
"axi_interconnect_wrap_4x2_tb.vcd", 2693: 

*Error* Syntax error at b0000000000000000000001010000000000000000000000000000010100000000
"axi_interconnect_wrap_4x2_tb.vcd", 2694: 

*Error* Syntax error at b00000000000000000000010100000000
"axi_interconnect_wrap_4x2_tb.vcd", 2695: 

*Error* Syntax error at b00000000000000000000010100000000
"axi_interconnect_wrap_4x2_tb.vcd", 2696: 

*Error* Syntax error at 1
"axi_interconnect_wrap_4x2_tb.vcd", 2697: 

*Error* Syntax error at b0000000000000000000000000000000000000000000000000000000000000000
"axi_interconnect_wrap_4x2_tb.vcd", 2698: 

*Error* Syntax error at b0000000000000000000000000000000000000000000000000000000000000000
"axi_interconnect_wrap_4x2_tb.vcd", 2699: 

*Error* Syntax error at b0000000000000000000000000000000000000000000000000000000000000000
"axi_interconnect_wrap_4x2_tb.vcd", 2700: 

*Error* Syntax error at b00000000000000000000000000000000000000000000000000000000000000000000000000000000000000000000000000000000000000000000000000000000
"axi_interconnect_wrap_4x2_tb.vcd", 2701: 

*Error* Syntax error at b010
"axi_interconnect_wrap_4x2_tb.vcd", 2702: 

*Error* Syntax error at 1
"axi_interconnect_wrap_4x2_tb.vcd", 2703: 

*Error* Syntax error at 0
"axi_interconnect_wrap_4x2_tb.vcd", 2704: 

*Error* Syntax error at b0000
"axi_interconnect_wrap_4x2_tb.vcd", 2705: 

*Error* Syntax error at b0100
"axi_interconnect_wrap_4x2_tb.vcd", 2706: 

*Error* Syntax error at b00100001
"axi_interconnect_wrap_4x2_tb.vcd", 2707: 

*Error* usage of using constructs outside of modules or primitives is supported only if the option '-sv' is specified
"axi_interconnect_wrap_4x2_tb.vcd", 2708: 

*Error* Syntax error at #
"axi_interconnect_wrap_4x2_tb.vcd", 2708: 

*Error* Syntax error at 0
"axi_interconnect_wrap_4x2_tb.vcd", 2709: 

*Error* usage of using constructs outside of modules or primitives is supported only if the option '-sv' is specified
"axi_interconnect_wrap_4x2_tb.vcd", 2710: 

*Error* Syntax error at #
"axi_interconnect_wrap_4x2_tb.vcd", 2710: 

*Error* Syntax error at 1
"axi_interconnect_wrap_4x2_tb.vcd", 2711: 

*Error* Syntax error at b00000000000000000000000001000000
"axi_interconnect_wrap_4x2_tb.vcd", 2712: 

*Error* Syntax error at b010
"axi_interconnect_wrap_4x2_tb.vcd", 2713: 

*Error* Syntax error at b0000
"axi_interconnect_wrap_4x2_tb.vcd", 2714: 

*Error* Syntax error at 0
"axi_interconnect_wrap_4x2_tb.vcd", 2715: 

*Error* Syntax error at 0
"axi_interconnect_wrap_4x2_tb.vcd", 2716: 

*Error* Syntax error at b0100
"axi_interconnect_wrap_4x2_tb.vcd", 2717: 

*Error* Syntax error at 1
"axi_interconnect_wrap_4x2_tb.vcd", 2718: 

*Error* Syntax error at 1
"axi_interconnect_wrap_4x2_tb.vcd", 2719: 

*Error* Syntax error at 0
"axi_interconnect_wrap_4x2_tb.vcd", 2720: 

*Error* Syntax error at b00100001
"axi_interconnect_wrap_4x2_tb.vcd", 2721: 

*Error* Syntax error at b00100001
"axi_interconnect_wrap_4x2_tb.vcd", 2722: 

*Error* Syntax error at b00100001001000010010000100100001
"axi_interconnect_wrap_4x2_tb.vcd", 2723: 

*Error* Syntax error at b00100001
"axi_interconnect_wrap_4x2_tb.vcd", 2724: 

*Error* Syntax error at 0
"axi_interconnect_wrap_4x2_tb.vcd", 2725: 

*Error* Syntax error at 0
"axi_interconnect_wrap_4x2_tb.vcd", 2726: 

*Error* Syntax error at b01
"axi_interconnect_wrap_4x2_tb.vcd", 2727: 

*Error* usage of using constructs outside of modules or primitives is supported only if the option '-sv' is specified
"axi_interconnect_wrap_4x2_tb.vcd", 2728: 

*Error* Syntax error at #
"axi_interconnect_wrap_4x2_tb.vcd", 2728: 

*Error* Syntax error at 0
"axi_interconnect_wrap_4x2_tb.vcd", 2729: 

*Error* usage of using constructs outside of modules or primitives is supported only if the option '-sv' is specified
"axi_interconnect_wrap_4x2_tb.vcd", 2730: 

*Error* Syntax error at #
"axi_interconnect_wrap_4x2_tb.vcd", 2730: 

*Error* Syntax error at 1
"axi_interconnect_wrap_4x2_tb.vcd", 2731: 

*Error* Syntax error at b00000000
"axi_interconnect_wrap_4x2_tb.vcd", 2732: 

*Error* Syntax error at b00000000
"axi_interconnect_wrap_4x2_tb.vcd", 2733: 

*Error* Syntax error at 0
"axi_interconnect_wrap_4x2_tb.vcd", 2734: 

*Error* Syntax error at 0
"axi_interconnect_wrap_4x2_tb.vcd", 2735: 

*Error* Syntax error at 0
"axi_interconnect_wrap_4x2_tb.vcd", 2736: 

*Error* Syntax error at b0000
"axi_interconnect_wrap_4x2_tb.vcd", 2737: 

*Error* Syntax error at b1010101010101010101110111011101111001100110011001101110111011101
"axi_interconnect_wrap_4x2_tb.vcd", 2738: 

*Error* Syntax error at 1
"axi_interconnect_wrap_4x2_tb.vcd", 2739: 

*Error* Syntax error at 1
"axi_interconnect_wrap_4x2_tb.vcd", 2740: 

*Error* Syntax error at b00000000000000000000000001000001
"axi_interconnect_wrap_4x2_tb.vcd", 2741: 

*Error* Syntax error at b111
"axi_interconnect_wrap_4x2_tb.vcd", 2742: 

*Error* Syntax error at b10000000
"axi_interconnect_wrap_4x2_tb.vcd", 2743: 

*Error* Syntax error at b0000000000000000000000000000000000000000000000000000000000000000101010101010101010111011101110111100110011001100110111011101110101010101010101010110011001100110011101110111011110001000100010001100101011111110101110101011111010101011110011011110111100000001
"axi_interconnect_wrap_4x2_tb.vcd", 2744: 

*Error* Syntax error at b1010101010101010101110111011101111001100110011001101110111011101
"axi_interconnect_wrap_4x2_tb.vcd", 2745: 

*Error* Syntax error at b0100
"axi_interconnect_wrap_4x2_tb.vcd", 2746: 

*Error* Syntax error at 1
"axi_interconnect_wrap_4x2_tb.vcd", 2747: 

*Error* Syntax error at b011
"axi_interconnect_wrap_4x2_tb.vcd", 2748: 

*Error* Syntax error at b0000
"axi_interconnect_wrap_4x2_tb.vcd", 2749: 

*Error* Syntax error at b01
"axi_interconnect_wrap_4x2_tb.vcd", 2750: 

*Error* Syntax error at b1010101010101010101110111011101111001100110011001101110111011101
"axi_interconnect_wrap_4x2_tb.vcd", 2751: 

*Error* Syntax error at 1
"axi_interconnect_wrap_4x2_tb.vcd", 2752: 

*Error* Syntax error at 1
"axi_interconnect_wrap_4x2_tb.vcd", 2753: 

*Error* Syntax error at b0100
"axi_interconnect_wrap_4x2_tb.vcd", 2754: 

*Error* Syntax error at 1
"axi_interconnect_wrap_4x2_tb.vcd", 2755: 

*Error* Syntax error at b01
"axi_interconnect_wrap_4x2_tb.vcd", 2756: 

*Error* Syntax error at b01
"axi_interconnect_wrap_4x2_tb.vcd", 2757: 

*Error* Syntax error at 1
"axi_interconnect_wrap_4x2_tb.vcd", 2758: 

*Error* Syntax error at 1
"axi_interconnect_wrap_4x2_tb.vcd", 2759: 

*Error* Syntax error at 0
"axi_interconnect_wrap_4x2_tb.vcd", 2760: 

*Error* Syntax error at b00
"axi_interconnect_wrap_4x2_tb.vcd", 2761: 

*Error* usage of using constructs outside of modules or primitives is supported only if the option '-sv' is specified
"axi_interconnect_wrap_4x2_tb.vcd", 2762: 

*Error* Syntax error at #
"axi_interconnect_wrap_4x2_tb.vcd", 2762: 

*Error* Syntax error at 0
"axi_interconnect_wrap_4x2_tb.vcd", 2763: 

*Error* usage of using constructs outside of modules or primitives is supported only if the option '-sv' is specified
"axi_interconnect_wrap_4x2_tb.vcd", 2764: 

*Error* Syntax error at #
"axi_interconnect_wrap_4x2_tb.vcd", 2764: 

*Error* Syntax error at 1
"axi_interconnect_wrap_4x2_tb.vcd", 2765: 

*Error* Syntax error at 0
"axi_interconnect_wrap_4x2_tb.vcd", 2766: 

*Error* Syntax error at 0
"axi_interconnect_wrap_4x2_tb.vcd", 2767: 

*Error* Syntax error at b00000000000000000000000001000010
"axi_interconnect_wrap_4x2_tb.vcd", 2768: 

*Error* Syntax error at b0000
"axi_interconnect_wrap_4x2_tb.vcd", 2769: 

*Error* Syntax error at 0
"axi_interconnect_wrap_4x2_tb.vcd", 2770: 

*Error* Syntax error at b010
"axi_interconnect_wrap_4x2_tb.vcd", 2771: 

*Error* Syntax error at b0100
"axi_interconnect_wrap_4x2_tb.vcd", 2772: 

*Error* Syntax error at b00
"axi_interconnect_wrap_4x2_tb.vcd", 2773: 

*Error* Syntax error at 0
"axi_interconnect_wrap_4x2_tb.vcd", 2774: 

*Error* Syntax error at 0
"axi_interconnect_wrap_4x2_tb.vcd", 2775: 

*Error* Syntax error at b0000
"axi_interconnect_wrap_4x2_tb.vcd", 2776: 

*Error* Syntax error at 0
"axi_interconnect_wrap_4x2_tb.vcd", 2777: 

*Error* Syntax error at b00
"axi_interconnect_wrap_4x2_tb.vcd", 2778: 

*Error* Syntax error at 0
"axi_interconnect_wrap_4x2_tb.vcd", 2779: 

*Error* Syntax error at b10
"axi_interconnect_wrap_4x2_tb.vcd", 2780: 

*Error* Syntax error at 0
"axi_interconnect_wrap_4x2_tb.vcd", 2781: 

*Error* Syntax error at 1
"axi_interconnect_wrap_4x2_tb.vcd", 2782: 

*Error* Syntax error at b01
"axi_interconnect_wrap_4x2_tb.vcd", 2783: 

*Error* Syntax error at b10
"axi_interconnect_wrap_4x2_tb.vcd", 2784: 

*Error* Syntax error at b011
"axi_interconnect_wrap_4x2_tb.vcd", 2785: 

*Error* Syntax error at b0000
"axi_interconnect_wrap_4x2_tb.vcd", 2786: 

*Error* Syntax error at 0
"axi_interconnect_wrap_4x2_tb.vcd", 2787: 

*Error* Syntax error at 0
"axi_interconnect_wrap_4x2_tb.vcd", 2788: 

*Error* Syntax error at b00
"axi_interconnect_wrap_4x2_tb.vcd", 2789: 

*Error* Syntax error at 0
"axi_interconnect_wrap_4x2_tb.vcd", 2790: 

*Error* Syntax error at 0
"axi_interconnect_wrap_4x2_tb.vcd", 2791: 

*Error* Syntax error at b01
"axi_interconnect_wrap_4x2_tb.vcd", 2792: 

*Error* Syntax error at 1
"axi_interconnect_wrap_4x2_tb.vcd", 2793: 

*Error* Syntax error at 1
"axi_interconnect_wrap_4x2_tb.vcd", 2794: 

*Error* Syntax error at b01
"axi_interconnect_wrap_4x2_tb.vcd", 2795: 

*Error* Syntax error at 1
"axi_interconnect_wrap_4x2_tb.vcd", 2796: 

*Error* Syntax error at 1
"axi_interconnect_wrap_4x2_tb.vcd", 2797: 

*Error* Syntax error at b1010101010101010101110111011101111001100110011001101110111011101
"axi_interconnect_wrap_4x2_tb.vcd", 2798: 

*Error* Syntax error at b1010101010101010101110111011101111001100110011001101110111011101
"axi_interconnect_wrap_4x2_tb.vcd", 2799: 

*Error* Syntax error at b1010101010101010101110111011101111001100110011001101110111011101
"axi_interconnect_wrap_4x2_tb.vcd", 2800: 

*Error* Syntax error at b10101010101010101011101110111011110011001100110011011101110111011010101010101010101110111011101111001100110011001101110111011101
"axi_interconnect_wrap_4x2_tb.vcd", 2801: 

*Error* Syntax error at 1
"axi_interconnect_wrap_4x2_tb.vcd", 2802: 

*Error* Syntax error at 1
"axi_interconnect_wrap_4x2_tb.vcd", 2803: 

*Error* Syntax error at 1
"axi_interconnect_wrap_4x2_tb.vcd", 2804: 

*Error* Syntax error at b11
"axi_interconnect_wrap_4x2_tb.vcd", 2805: 

*Error* Syntax error at b011
"axi_interconnect_wrap_4x2_tb.vcd", 2806: 

*Error* Syntax error at b0000
"axi_interconnect_wrap_4x2_tb.vcd", 2807: 

*Error* Syntax error at b01
"axi_interconnect_wrap_4x2_tb.vcd", 2808: 

*Error* Syntax error at 1
"axi_interconnect_wrap_4x2_tb.vcd", 2809: 

*Error* usage of using constructs outside of modules or primitives is supported only if the option '-sv' is specified
"axi_interconnect_wrap_4x2_tb.vcd", 2810: 

*Error* Syntax error at #
"axi_interconnect_wrap_4x2_tb.vcd", 2810: 

*Error* Syntax error at 0
"axi_interconnect_wrap_4x2_tb.vcd", 2811: 

*Error* usage of using constructs outside of modules or primitives is supported only if the option '-sv' is specified
"axi_interconnect_wrap_4x2_tb.vcd", 2812: 

*Error* Syntax error at #
"axi_interconnect_wrap_4x2_tb.vcd", 2812: 

*Error* Syntax error at 1
"axi_interconnect_wrap_4x2_tb.vcd", 2813: 

*Error* Syntax error at b00000000000000000000000001000011
"axi_interconnect_wrap_4x2_tb.vcd", 2814: 

*Error* Syntax error at 0
"axi_interconnect_wrap_4x2_tb.vcd", 2815: 

*Error* Syntax error at b00
"axi_interconnect_wrap_4x2_tb.vcd", 2816: 

*Error* Syntax error at 1
"axi_interconnect_wrap_4x2_tb.vcd", 2817: 

*Error* Syntax error at b01
"axi_interconnect_wrap_4x2_tb.vcd", 2818: 

*Error* Syntax error at b11
"axi_interconnect_wrap_4x2_tb.vcd", 2819: 

*Error* Syntax error at b00
"axi_interconnect_wrap_4x2_tb.vcd", 2820: 

*Error* Syntax error at 0
"axi_interconnect_wrap_4x2_tb.vcd", 2821: 

*Error* Syntax error at 0
"axi_interconnect_wrap_4x2_tb.vcd", 2822: 

*Error* Syntax error at 0
"axi_interconnect_wrap_4x2_tb.vcd", 2823: 

*Error* Syntax error at 0
"axi_interconnect_wrap_4x2_tb.vcd", 2824: 

*Error* Syntax error at 0
"axi_interconnect_wrap_4x2_tb.vcd", 2825: 

*Error* Syntax error at b00
"axi_interconnect_wrap_4x2_tb.vcd", 2826: 

*Error* Syntax error at 0
"axi_interconnect_wrap_4x2_tb.vcd", 2827: 

*Error* Syntax error at 1
"axi_interconnect_wrap_4x2_tb.vcd", 2828: 

*Error* Syntax error at b111
"axi_interconnect_wrap_4x2_tb.vcd", 2829: 

*Error* Syntax error at b0100
"axi_interconnect_wrap_4x2_tb.vcd", 2830: 

*Error* Syntax error at b00
"axi_interconnect_wrap_4x2_tb.vcd", 2831: 

*Error* usage of using constructs outside of modules or primitives is supported only if the option '-sv' is specified
"axi_interconnect_wrap_4x2_tb.vcd", 2832: 

*Error* Syntax error at #
"axi_interconnect_wrap_4x2_tb.vcd", 2832: 

*Error* Syntax error at 0
"axi_interconnect_wrap_4x2_tb.vcd", 2833: 

*Error* usage of using constructs outside of modules or primitives is supported only if the option '-sv' is specified
"axi_interconnect_wrap_4x2_tb.vcd", 2834: 

*Error* Syntax error at #
"axi_interconnect_wrap_4x2_tb.vcd", 2834: 

*Error* Syntax error at 1
"axi_interconnect_wrap_4x2_tb.vcd", 2835: 

*Error* Syntax error at b00000000000000000000000001000100
"axi_interconnect_wrap_4x2_tb.vcd", 2836: 

*Error* Syntax error at 0
"axi_interconnect_wrap_4x2_tb.vcd", 2837: 

*Error* Syntax error at b00
"axi_interconnect_wrap_4x2_tb.vcd", 2838: 

*Error* Syntax error at 1
"axi_interconnect_wrap_4x2_tb.vcd", 2839: 

*Error* Syntax error at b11
"axi_interconnect_wrap_4x2_tb.vcd", 2840: 

*Error* Syntax error at 1
"axi_interconnect_wrap_4x2_tb.vcd", 2841: 

*Error* Syntax error at b01
"axi_interconnect_wrap_4x2_tb.vcd", 2842: 

*Error* Syntax error at b111
"axi_interconnect_wrap_4x2_tb.vcd", 2843: 

*Error* Syntax error at b0100
"axi_interconnect_wrap_4x2_tb.vcd", 2844: 

*Error* Syntax error at 1
"axi_interconnect_wrap_4x2_tb.vcd", 2845: 

*Error* Syntax error at 1
"axi_interconnect_wrap_4x2_tb.vcd", 2846: 

*Error* Syntax error at b00
"axi_interconnect_wrap_4x2_tb.vcd", 2847: 

*Error* Syntax error at 0
"axi_interconnect_wrap_4x2_tb.vcd", 2848: 

*Error* Syntax error at 0
"axi_interconnect_wrap_4x2_tb.vcd", 2849: 

*Error* Syntax error at 0
"axi_interconnect_wrap_4x2_tb.vcd", 2850: 

*Error* Syntax error at b0000
"axi_interconnect_wrap_4x2_tb.vcd", 2851: 

*Error* Syntax error at b00010000
"axi_interconnect_wrap_4x2_tb.vcd", 2852: 

*Error* Syntax error at b000
"axi_interconnect_wrap_4x2_tb.vcd", 2853: 

*Error* Syntax error at b00000000
"axi_interconnect_wrap_4x2_tb.vcd", 2854: 

*Error* Syntax error at 0
"axi_interconnect_wrap_4x2_tb.vcd", 2855: 

*Error* Syntax error at b000
"axi_interconnect_wrap_4x2_tb.vcd", 2856: 

*Error* usage of using constructs outside of modules or primitives is supported only if the option '-sv' is specified
"axi_interconnect_wrap_4x2_tb.vcd", 2857: 

*Error* Syntax error at #
"axi_interconnect_wrap_4x2_tb.vcd", 2857: 

*Error* Syntax error at 0
"axi_interconnect_wrap_4x2_tb.vcd", 2858: 

*Error* usage of using constructs outside of modules or primitives is supported only if the option '-sv' is specified
"axi_interconnect_wrap_4x2_tb.vcd", 2859: 

*Error* Syntax error at #
"axi_interconnect_wrap_4x2_tb.vcd", 2859: 

*Error* Syntax error at 1
"axi_interconnect_wrap_4x2_tb.vcd", 2860: 

*Error* Syntax error at b00000000000000000000000001000101
"axi_interconnect_wrap_4x2_tb.vcd", 2861: 

*Error* Syntax error at b000
"axi_interconnect_wrap_4x2_tb.vcd", 2862: 

*Error* Syntax error at b0000
"axi_interconnect_wrap_4x2_tb.vcd", 2863: 

*Error* Syntax error at 0
"axi_interconnect_wrap_4x2_tb.vcd", 2864: 

*Error* Syntax error at 0
"axi_interconnect_wrap_4x2_tb.vcd", 2865: 

*Error* Syntax error at b00000000
"axi_interconnect_wrap_4x2_tb.vcd", 2866: 

*Error* Syntax error at 0
"axi_interconnect_wrap_4x2_tb.vcd", 2867: 

*Error* Syntax error at b000
"axi_interconnect_wrap_4x2_tb.vcd", 2868: 

*Error* Syntax error at b00000010
"axi_interconnect_wrap_4x2_tb.vcd", 2869: 

*Error* Syntax error at b01000000000000000000001000000000
"axi_interconnect_wrap_4x2_tb.vcd", 2870: 

*Error* Syntax error at b1100101011111110101110101011111010101011110011011110111100000001
"axi_interconnect_wrap_4x2_tb.vcd", 2871: 

*Error* Syntax error at b00
"axi_interconnect_wrap_4x2_tb.vcd", 2872: 

*Error* Syntax error at b1100101011111110101110101011111010101011110011011110111100000001
"axi_interconnect_wrap_4x2_tb.vcd", 2873: 

*Error* Syntax error at b00000000
"axi_interconnect_wrap_4x2_tb.vcd", 2874: 

*Error* usage of using constructs outside of modules or primitives is supported only if the option '-sv' is specified
"axi_interconnect_wrap_4x2_tb.vcd", 2875: 

*Error* Syntax error at #
"axi_interconnect_wrap_4x2_tb.vcd", 2875: 

*Error* Syntax error at 0
"axi_interconnect_wrap_4x2_tb.vcd", 2876: 

*Error* usage of using constructs outside of modules or primitives is supported only if the option '-sv' is specified
"axi_interconnect_wrap_4x2_tb.vcd", 2877: 

*Error* Syntax error at #
"axi_interconnect_wrap_4x2_tb.vcd", 2877: 

*Error* Syntax error at 1
"axi_interconnect_wrap_4x2_tb.vcd", 2878: 

*Error* Syntax error at b00000000000000000000000000000110
"axi_interconnect_wrap_4x2_tb.vcd", 2879: 

*Error* Syntax error at b00000000000000000000000001000110
"axi_interconnect_wrap_4x2_tb.vcd", 2880: 

*Error* Syntax error at b1100101011111110101110101011111010101011110011011110111100000001
"axi_interconnect_wrap_4x2_tb.vcd", 2881: 

*Error* Syntax error at b1100101011111110101110101011111010101011110011011110111100000001
"axi_interconnect_wrap_4x2_tb.vcd", 2882: 

*Error* Syntax error at b1100101011111110101110101011111010101011110011011110111100000001
"axi_interconnect_wrap_4x2_tb.vcd", 2883: 

*Error* Syntax error at b11001010111111101011101010111110101010111100110111101111000000011100101011111110101110101011111010101011110011011110111100000001
"axi_interconnect_wrap_4x2_tb.vcd", 2884: 

*Error* usage of using constructs outside of modules or primitives is supported only if the option '-sv' is specified
"axi_interconnect_wrap_4x2_tb.vcd", 2885: 

*Error* Syntax error at #
"axi_interconnect_wrap_4x2_tb.vcd", 2885: 

*Error* Syntax error at 0
"axi_interconnect_wrap_4x2_tb.vcd", 2886: 

*Error* usage of using constructs outside of modules or primitives is supported only if the option '-sv' is specified
"axi_interconnect_wrap_4x2_tb.vcd", 2887: 

*Error* Syntax error at #
"axi_interconnect_wrap_4x2_tb.vcd", 2887: 

*Error* Syntax error at 1
"axi_interconnect_wrap_4x2_tb.vcd", 2888: 

*Error* Syntax error at b00100010
"axi_interconnect_wrap_4x2_tb.vcd", 2889: 

*Error* Syntax error at b01000000000000000000011000000000
"axi_interconnect_wrap_4x2_tb.vcd", 2890: 

*Error* Syntax error at b00010000
"axi_interconnect_wrap_4x2_tb.vcd", 2891: 

*Error* Syntax error at b00010000
"axi_interconnect_wrap_4x2_tb.vcd", 2892: 

*Error* Syntax error at 1
"axi_interconnect_wrap_4x2_tb.vcd", 2893: 

*Error* Syntax error at 1
"axi_interconnect_wrap_4x2_tb.vcd", 2894: 

*Error* Syntax error at b0100
"axi_interconnect_wrap_4x2_tb.vcd", 2895: 

*Error* Syntax error at b00000000000000000000000001000111
"axi_interconnect_wrap_4x2_tb.vcd", 2896: 

*Error* Syntax error at b00000000001000100001001000000010
"axi_interconnect_wrap_4x2_tb.vcd", 2897: 

*Error* Syntax error at b00000000000000000000000000000000010000000000000000000110000000000100000000000000000001000000000001000000000000000000001000000000
"axi_interconnect_wrap_4x2_tb.vcd", 2898: 

*Error* Syntax error at b100
"axi_interconnect_wrap_4x2_tb.vcd", 2899: 

*Error* Syntax error at b00010000
"axi_interconnect_wrap_4x2_tb.vcd", 2900: 

*Error* Syntax error at b00010000
"axi_interconnect_wrap_4x2_tb.vcd", 2901: 

*Error* Syntax error at 1
"axi_interconnect_wrap_4x2_tb.vcd", 2902: 

*Error* Syntax error at b100
"axi_interconnect_wrap_4x2_tb.vcd", 2903: 

*Error* usage of using constructs outside of modules or primitives is supported only if the option '-sv' is specified
"axi_interconnect_wrap_4x2_tb.vcd", 2904: 

*Error* Syntax error at #
"axi_interconnect_wrap_4x2_tb.vcd", 2904: 

*Error* Syntax error at 0
"axi_interconnect_wrap_4x2_tb.vcd", 2905: 

*Error* usage of using constructs outside of modules or primitives is supported only if the option '-sv' is specified
"axi_interconnect_wrap_4x2_tb.vcd", 2906: 

*Error* Syntax error at #
"axi_interconnect_wrap_4x2_tb.vcd", 2906: 

*Error* Syntax error at 1
"axi_interconnect_wrap_4x2_tb.vcd", 2907: 

*Error* Syntax error at b00000000000000000000000001001000
"axi_interconnect_wrap_4x2_tb.vcd", 2908: 

*Error* Syntax error at b00010000
"axi_interconnect_wrap_4x2_tb.vcd", 2909: 

*Error* Syntax error at 1
"axi_interconnect_wrap_4x2_tb.vcd", 2910: 

*Error* Syntax error at b100
"axi_interconnect_wrap_4x2_tb.vcd", 2911: 

*Error* Syntax error at b00100010
"axi_interconnect_wrap_4x2_tb.vcd", 2912: 

*Error* Syntax error at b01000000000000000000011000000000
"axi_interconnect_wrap_4x2_tb.vcd", 2913: 

*Error* Syntax error at b1010101010101010101110111011101111001100110011001101110111011101
"axi_interconnect_wrap_4x2_tb.vcd", 2914: 

*Error* Syntax error at b10
"axi_interconnect_wrap_4x2_tb.vcd", 2915: 

*Error* Syntax error at 1
"axi_interconnect_wrap_4x2_tb.vcd", 2916: 

*Error* Syntax error at b001
"axi_interconnect_wrap_4x2_tb.vcd", 2917: 

*Error* Syntax error at b00100010
"axi_interconnect_wrap_4x2_tb.vcd", 2918: 

*Error* Syntax error at b01000000000000000000011000000000
"axi_interconnect_wrap_4x2_tb.vcd", 2919: 

*Error* Syntax error at 1
"axi_interconnect_wrap_4x2_tb.vcd", 2920: 

*Error* Syntax error at b0100
"axi_interconnect_wrap_4x2_tb.vcd", 2921: 

*Error* Syntax error at b1010101010101010101110111011101111001100110011001101110111011101
"axi_interconnect_wrap_4x2_tb.vcd", 2922: 

*Error* usage of using constructs outside of modules or primitives is supported only if the option '-sv' is specified
"axi_interconnect_wrap_4x2_tb.vcd", 2923: 

*Error* Syntax error at #
"axi_interconnect_wrap_4x2_tb.vcd", 2923: 

*Error* Syntax error at 0
"axi_interconnect_wrap_4x2_tb.vcd", 2924: 

*Error* usage of using constructs outside of modules or primitives is supported only if the option '-sv' is specified
"axi_interconnect_wrap_4x2_tb.vcd", 2925: 

*Error* Syntax error at #
"axi_interconnect_wrap_4x2_tb.vcd", 2925: 

*Error* Syntax error at 1
"axi_interconnect_wrap_4x2_tb.vcd", 2926: 

*Error* Syntax error at b00000000000000000000000001001001
"axi_interconnect_wrap_4x2_tb.vcd", 2927: 

*Error* Syntax error at b001
"axi_interconnect_wrap_4x2_tb.vcd", 2928: 

*Error* Syntax error at b0100
"axi_interconnect_wrap_4x2_tb.vcd", 2929: 

*Error* Syntax error at 1
"axi_interconnect_wrap_4x2_tb.vcd", 2930: 

*Error* Syntax error at 1
"axi_interconnect_wrap_4x2_tb.vcd", 2931: 

*Error* Syntax error at b00100010
"axi_interconnect_wrap_4x2_tb.vcd", 2932: 

*Error* Syntax error at b00100010
"axi_interconnect_wrap_4x2_tb.vcd", 2933: 

*Error* Syntax error at b00100010001000100010001000100010
"axi_interconnect_wrap_4x2_tb.vcd", 2934: 

*Error* Syntax error at b00100010
"axi_interconnect_wrap_4x2_tb.vcd", 2935: 

*Error* Syntax error at b01000000000000000000011000000000
"axi_interconnect_wrap_4x2_tb.vcd", 2936: 

*Error* Syntax error at b01000000000000000000011000000000
"axi_interconnect_wrap_4x2_tb.vcd", 2937: 

*Error* Syntax error at b0100000000000000000001100000000001000000000000000000011000000000
"axi_interconnect_wrap_4x2_tb.vcd", 2938: 

*Error* Syntax error at b01000000000000000000011000000000
"axi_interconnect_wrap_4x2_tb.vcd", 2939: 

*Error* Syntax error at b01000000000000000000011000000000
"axi_interconnect_wrap_4x2_tb.vcd", 2940: 

*Error* Syntax error at 1
"axi_interconnect_wrap_4x2_tb.vcd", 2941: 

*Error* Syntax error at b1010101010101010101110111011101111001100110011001101110111011101
"axi_interconnect_wrap_4x2_tb.vcd", 2942: 

*Error* Syntax error at b1010101010101010101110111011101111001100110011001101110111011101
"axi_interconnect_wrap_4x2_tb.vcd", 2943: 

*Error* Syntax error at b1010101010101010101110111011101111001100110011001101110111011101
"axi_interconnect_wrap_4x2_tb.vcd", 2944: 

*Error* Syntax error at b10101010101010101011101110111011110011001100110011011101110111011010101010101010101110111011101111001100110011001101110111011101
"axi_interconnect_wrap_4x2_tb.vcd", 2945: 

*Error* Syntax error at b010
"axi_interconnect_wrap_4x2_tb.vcd", 2946: 

*Error* Syntax error at 1
"axi_interconnect_wrap_4x2_tb.vcd", 2947: 

*Error* Syntax error at 1
"axi_interconnect_wrap_4x2_tb.vcd", 2948: 

*Error* Syntax error at b0000
"axi_interconnect_wrap_4x2_tb.vcd", 2949: 

*Error* Syntax error at b0100
"axi_interconnect_wrap_4x2_tb.vcd", 2950: 

*Error* Syntax error at b00100010
"axi_interconnect_wrap_4x2_tb.vcd", 2951: 

*Error* usage of using constructs outside of modules or primitives is supported only if the option '-sv' is specified
"axi_interconnect_wrap_4x2_tb.vcd", 2952: 

*Error* Syntax error at #
"axi_interconnect_wrap_4x2_tb.vcd", 2952: 

*Error* Syntax error at 0
"axi_interconnect_wrap_4x2_tb.vcd", 2953: 

*Error* usage of using constructs outside of modules or primitives is supported only if the option '-sv' is specified
"axi_interconnect_wrap_4x2_tb.vcd", 2954: 

*Error* Syntax error at #
"axi_interconnect_wrap_4x2_tb.vcd", 2954: 

*Error* Syntax error at 1
"axi_interconnect_wrap_4x2_tb.vcd", 2955: 

*Error* Syntax error at b00000000000000000000000001001010
"axi_interconnect_wrap_4x2_tb.vcd", 2956: 

*Error* Syntax error at b010
"axi_interconnect_wrap_4x2_tb.vcd", 2957: 

*Error* Syntax error at b0000
"axi_interconnect_wrap_4x2_tb.vcd", 2958: 

*Error* Syntax error at 0
"axi_interconnect_wrap_4x2_tb.vcd", 2959: 

*Error* Syntax error at 0
"axi_interconnect_wrap_4x2_tb.vcd", 2960: 

*Error* Syntax error at b0100
"axi_interconnect_wrap_4x2_tb.vcd", 2961: 

*Error* Syntax error at 1
"axi_interconnect_wrap_4x2_tb.vcd", 2962: 

*Error* Syntax error at 1
"axi_interconnect_wrap_4x2_tb.vcd", 2963: 

*Error* Syntax error at 1
"axi_interconnect_wrap_4x2_tb.vcd", 2964: 

*Error* Syntax error at b00100010
"axi_interconnect_wrap_4x2_tb.vcd", 2965: 

*Error* Syntax error at b00100010
"axi_interconnect_wrap_4x2_tb.vcd", 2966: 

*Error* Syntax error at b00100010001000100010001000100010
"axi_interconnect_wrap_4x2_tb.vcd", 2967: 

*Error* Syntax error at b00100010
"axi_interconnect_wrap_4x2_tb.vcd", 2968: 

*Error* Syntax error at 0
"axi_interconnect_wrap_4x2_tb.vcd", 2969: 

*Error* Syntax error at 0
"axi_interconnect_wrap_4x2_tb.vcd", 2970: 

*Error* Syntax error at b10
"axi_interconnect_wrap_4x2_tb.vcd", 2971: 

*Error* usage of using constructs outside of modules or primitives is supported only if the option '-sv' is specified
"axi_interconnect_wrap_4x2_tb.vcd", 2972: 

*Error* Syntax error at #
"axi_interconnect_wrap_4x2_tb.vcd", 2972: 

*Error* Syntax error at 0
"axi_interconnect_wrap_4x2_tb.vcd", 2973: 

*Error* usage of using constructs outside of modules or primitives is supported only if the option '-sv' is specified
"axi_interconnect_wrap_4x2_tb.vcd", 2974: 

*Error* Syntax error at #
"axi_interconnect_wrap_4x2_tb.vcd", 2974: 

*Error* Syntax error at 1
"axi_interconnect_wrap_4x2_tb.vcd", 2975: 

*Error* Syntax error at b00000000
"axi_interconnect_wrap_4x2_tb.vcd", 2976: 

*Error* Syntax error at b00000000
"axi_interconnect_wrap_4x2_tb.vcd", 2977: 

*Error* Syntax error at 0
"axi_interconnect_wrap_4x2_tb.vcd", 2978: 

*Error* Syntax error at 0
"axi_interconnect_wrap_4x2_tb.vcd", 2979: 

*Error* Syntax error at 0
"axi_interconnect_wrap_4x2_tb.vcd", 2980: 

*Error* Syntax error at b0000
"axi_interconnect_wrap_4x2_tb.vcd", 2981: 

*Error* Syntax error at b1110111011101110111111111111111100000000000000000001000100010001
"axi_interconnect_wrap_4x2_tb.vcd", 2982: 

*Error* Syntax error at 1
"axi_interconnect_wrap_4x2_tb.vcd", 2983: 

*Error* Syntax error at 1
"axi_interconnect_wrap_4x2_tb.vcd", 2984: 

*Error* Syntax error at b00000000000000000000000001001011
"axi_interconnect_wrap_4x2_tb.vcd", 2985: 

*Error* Syntax error at b111
"axi_interconnect_wrap_4x2_tb.vcd", 2986: 

*Error* Syntax error at b10000000
"axi_interconnect_wrap_4x2_tb.vcd", 2987: 

*Error* Syntax error at b0000000000000000000000000000000000000000000000000000000000000000111011101110111011111111111111110000000000000000000100010001000101010101010101010110011001100110011101110111011110001000100010001100101011111110101110101011111010101011110011011110111100000001
"axi_interconnect_wrap_4x2_tb.vcd", 2988: 

*Error* Syntax error at b1110111011101110111111111111111100000000000000000001000100010001
"axi_interconnect_wrap_4x2_tb.vcd", 2989: 

*Error* Syntax error at b0100
"axi_interconnect_wrap_4x2_tb.vcd", 2990: 

*Error* Syntax error at 1
"axi_interconnect_wrap_4x2_tb.vcd", 2991: 

*Error* Syntax error at b011
"axi_interconnect_wrap_4x2_tb.vcd", 2992: 

*Error* Syntax error at b0000
"axi_interconnect_wrap_4x2_tb.vcd", 2993: 

*Error* Syntax error at b10
"axi_interconnect_wrap_4x2_tb.vcd", 2994: 

*Error* Syntax error at b1110111011101110111111111111111100000000000000000001000100010001
"axi_interconnect_wrap_4x2_tb.vcd", 2995: 

*Error* Syntax error at 1
"axi_interconnect_wrap_4x2_tb.vcd", 2996: 

*Error* Syntax error at 1
"axi_interconnect_wrap_4x2_tb.vcd", 2997: 

*Error* Syntax error at b0100
"axi_interconnect_wrap_4x2_tb.vcd", 2998: 

*Error* Syntax error at 1
"axi_interconnect_wrap_4x2_tb.vcd", 2999: 

*Error* Syntax error at b10
"axi_interconnect_wrap_4x2_tb.vcd", 3000: 

*Error* Syntax error at b10
"axi_interconnect_wrap_4x2_tb.vcd", 3001: 

*Error* Syntax error at 1
"axi_interconnect_wrap_4x2_tb.vcd", 3002: 

*Error* Syntax error at 1
"axi_interconnect_wrap_4x2_tb.vcd", 3003: 

*Error* Syntax error at 0
"axi_interconnect_wrap_4x2_tb.vcd", 3004: 

*Error* Syntax error at b00
"axi_interconnect_wrap_4x2_tb.vcd", 3005: 

*Error* usage of using constructs outside of modules or primitives is supported only if the option '-sv' is specified
"axi_interconnect_wrap_4x2_tb.vcd", 3006: 

*Error* Syntax error at #
"axi_interconnect_wrap_4x2_tb.vcd", 3006: 

*Error* Syntax error at 0
"axi_interconnect_wrap_4x2_tb.vcd", 3007: 

*Error* usage of using constructs outside of modules or primitives is supported only if the option '-sv' is specified
"axi_interconnect_wrap_4x2_tb.vcd", 3008: 

*Error* Syntax error at #
"axi_interconnect_wrap_4x2_tb.vcd", 3008: 

*Error* Syntax error at 1
"axi_interconnect_wrap_4x2_tb.vcd", 3009: 

*Error* Syntax error at 0
"axi_interconnect_wrap_4x2_tb.vcd", 3010: 

*Error* Syntax error at 0
"axi_interconnect_wrap_4x2_tb.vcd", 3011: 

*Error* Syntax error at b00000000000000000000000001001100
"axi_interconnect_wrap_4x2_tb.vcd", 3012: 

*Error* Syntax error at b0000
"axi_interconnect_wrap_4x2_tb.vcd", 3013: 

*Error* Syntax error at 0
"axi_interconnect_wrap_4x2_tb.vcd", 3014: 

*Error* Syntax error at b010
"axi_interconnect_wrap_4x2_tb.vcd", 3015: 

*Error* Syntax error at b0100
"axi_interconnect_wrap_4x2_tb.vcd", 3016: 

*Error* Syntax error at b00
"axi_interconnect_wrap_4x2_tb.vcd", 3017: 

*Error* Syntax error at 0
"axi_interconnect_wrap_4x2_tb.vcd", 3018: 

*Error* Syntax error at 0
"axi_interconnect_wrap_4x2_tb.vcd", 3019: 

*Error* Syntax error at b0000
"axi_interconnect_wrap_4x2_tb.vcd", 3020: 

*Error* Syntax error at 0
"axi_interconnect_wrap_4x2_tb.vcd", 3021: 

*Error* Syntax error at b00
"axi_interconnect_wrap_4x2_tb.vcd", 3022: 

*Error* Syntax error at 0
"axi_interconnect_wrap_4x2_tb.vcd", 3023: 

*Error* Syntax error at b01
"axi_interconnect_wrap_4x2_tb.vcd", 3024: 

*Error* Syntax error at 0
"axi_interconnect_wrap_4x2_tb.vcd", 3025: 

*Error* Syntax error at 1
"axi_interconnect_wrap_4x2_tb.vcd", 3026: 

*Error* Syntax error at b10
"axi_interconnect_wrap_4x2_tb.vcd", 3027: 

*Error* Syntax error at b10
"axi_interconnect_wrap_4x2_tb.vcd", 3028: 

*Error* Syntax error at b011
"axi_interconnect_wrap_4x2_tb.vcd", 3029: 

*Error* Syntax error at b0000
"axi_interconnect_wrap_4x2_tb.vcd", 3030: 

*Error* Syntax error at 0
"axi_interconnect_wrap_4x2_tb.vcd", 3031: 

*Error* Syntax error at 0
"axi_interconnect_wrap_4x2_tb.vcd", 3032: 

*Error* Syntax error at b00
"axi_interconnect_wrap_4x2_tb.vcd", 3033: 

*Error* Syntax error at 0
"axi_interconnect_wrap_4x2_tb.vcd", 3034: 

*Error* Syntax error at 0
"axi_interconnect_wrap_4x2_tb.vcd", 3035: 

*Error* Syntax error at b10
"axi_interconnect_wrap_4x2_tb.vcd", 3036: 

*Error* Syntax error at 1
"axi_interconnect_wrap_4x2_tb.vcd", 3037: 

*Error* Syntax error at 1
"axi_interconnect_wrap_4x2_tb.vcd", 3038: 

*Error* Syntax error at b10
"axi_interconnect_wrap_4x2_tb.vcd", 3039: 

*Error* Syntax error at 1
"axi_interconnect_wrap_4x2_tb.vcd", 3040: 

*Error* Syntax error at 1
"axi_interconnect_wrap_4x2_tb.vcd", 3041: 

*Error* Syntax error at b1110111011101110111111111111111100000000000000000001000100010001
"axi_interconnect_wrap_4x2_tb.vcd", 3042: 

*Error* Syntax error at b1110111011101110111111111111111100000000000000000001000100010001
"axi_interconnect_wrap_4x2_tb.vcd", 3043: 

*Error* Syntax error at b1110111011101110111111111111111100000000000000000001000100010001
"axi_interconnect_wrap_4x2_tb.vcd", 3044: 

*Error* Syntax error at b11101110111011101111111111111111000000000000000000010001000100011110111011101110111111111111111100000000000000000001000100010001
"axi_interconnect_wrap_4x2_tb.vcd", 3045: 

*Error* Syntax error at 1
"axi_interconnect_wrap_4x2_tb.vcd", 3046: 

*Error* Syntax error at 1
"axi_interconnect_wrap_4x2_tb.vcd", 3047: 

*Error* Syntax error at 1
"axi_interconnect_wrap_4x2_tb.vcd", 3048: 

*Error* Syntax error at b11
"axi_interconnect_wrap_4x2_tb.vcd", 3049: 

*Error* Syntax error at b011
"axi_interconnect_wrap_4x2_tb.vcd", 3050: 

*Error* Syntax error at b0000
"axi_interconnect_wrap_4x2_tb.vcd", 3051: 

*Error* Syntax error at b10
"axi_interconnect_wrap_4x2_tb.vcd", 3052: 

*Error* Syntax error at 1
"axi_interconnect_wrap_4x2_tb.vcd", 3053: 

*Error* usage of using constructs outside of modules or primitives is supported only if the option '-sv' is specified
"axi_interconnect_wrap_4x2_tb.vcd", 3054: 

*Error* Syntax error at #
"axi_interconnect_wrap_4x2_tb.vcd", 3054: 

*Error* Syntax error at 0
"axi_interconnect_wrap_4x2_tb.vcd", 3055: 

*Error* usage of using constructs outside of modules or primitives is supported only if the option '-sv' is specified
"axi_interconnect_wrap_4x2_tb.vcd", 3056: 

*Error* Syntax error at #
"axi_interconnect_wrap_4x2_tb.vcd", 3056: 

*Error* Syntax error at 1
"axi_interconnect_wrap_4x2_tb.vcd", 3057: 

*Error* Syntax error at b00000000000000000000000001001101
"axi_interconnect_wrap_4x2_tb.vcd", 3058: 

*Error* Syntax error at 0
"axi_interconnect_wrap_4x2_tb.vcd", 3059: 

*Error* Syntax error at b00
"axi_interconnect_wrap_4x2_tb.vcd", 3060: 

*Error* Syntax error at 1
"axi_interconnect_wrap_4x2_tb.vcd", 3061: 

*Error* Syntax error at b10
"axi_interconnect_wrap_4x2_tb.vcd", 3062: 

*Error* Syntax error at b11
"axi_interconnect_wrap_4x2_tb.vcd", 3063: 

*Error* Syntax error at b00
"axi_interconnect_wrap_4x2_tb.vcd", 3064: 

*Error* Syntax error at 0
"axi_interconnect_wrap_4x2_tb.vcd", 3065: 

*Error* Syntax error at 0
"axi_interconnect_wrap_4x2_tb.vcd", 3066: 

*Error* Syntax error at 0
"axi_interconnect_wrap_4x2_tb.vcd", 3067: 

*Error* Syntax error at 0
"axi_interconnect_wrap_4x2_tb.vcd", 3068: 

*Error* Syntax error at 0
"axi_interconnect_wrap_4x2_tb.vcd", 3069: 

*Error* Syntax error at b00
"axi_interconnect_wrap_4x2_tb.vcd", 3070: 

*Error* Syntax error at 0
"axi_interconnect_wrap_4x2_tb.vcd", 3071: 

*Error* Syntax error at 1
"axi_interconnect_wrap_4x2_tb.vcd", 3072: 

*Error* Syntax error at b111
"axi_interconnect_wrap_4x2_tb.vcd", 3073: 

*Error* Syntax error at b0100
"axi_interconnect_wrap_4x2_tb.vcd", 3074: 

*Error* Syntax error at b00
"axi_interconnect_wrap_4x2_tb.vcd", 3075: 

*Error* usage of using constructs outside of modules or primitives is supported only if the option '-sv' is specified
"axi_interconnect_wrap_4x2_tb.vcd", 3076: 

*Error* Syntax error at #
"axi_interconnect_wrap_4x2_tb.vcd", 3076: 

*Error* Syntax error at 0
"axi_interconnect_wrap_4x2_tb.vcd", 3077: 

*Error* usage of using constructs outside of modules or primitives is supported only if the option '-sv' is specified
"axi_interconnect_wrap_4x2_tb.vcd", 3078: 

*Error* Syntax error at #
"axi_interconnect_wrap_4x2_tb.vcd", 3078: 

*Error* Syntax error at 1
"axi_interconnect_wrap_4x2_tb.vcd", 3079: 

*Error* Syntax error at b00000000000000000000000001001110
"axi_interconnect_wrap_4x2_tb.vcd", 3080: 

*Error* Syntax error at 0
"axi_interconnect_wrap_4x2_tb.vcd", 3081: 

*Error* Syntax error at b00
"axi_interconnect_wrap_4x2_tb.vcd", 3082: 

*Error* Syntax error at 1
"axi_interconnect_wrap_4x2_tb.vcd", 3083: 

*Error* Syntax error at b11
"axi_interconnect_wrap_4x2_tb.vcd", 3084: 

*Error* Syntax error at 1
"axi_interconnect_wrap_4x2_tb.vcd", 3085: 

*Error* Syntax error at b01
"axi_interconnect_wrap_4x2_tb.vcd", 3086: 

*Error* Syntax error at b111
"axi_interconnect_wrap_4x2_tb.vcd", 3087: 

*Error* Syntax error at b0100
"axi_interconnect_wrap_4x2_tb.vcd", 3088: 

*Error* Syntax error at 1
"axi_interconnect_wrap_4x2_tb.vcd", 3089: 

*Error* Syntax error at 1
"axi_interconnect_wrap_4x2_tb.vcd", 3090: 

*Error* Syntax error at b00
"axi_interconnect_wrap_4x2_tb.vcd", 3091: 

*Error* Syntax error at 0
"axi_interconnect_wrap_4x2_tb.vcd", 3092: 

*Error* Syntax error at 0
"axi_interconnect_wrap_4x2_tb.vcd", 3093: 

*Error* Syntax error at 0
"axi_interconnect_wrap_4x2_tb.vcd", 3094: 

*Error* Syntax error at b0000
"axi_interconnect_wrap_4x2_tb.vcd", 3095: 

*Error* Syntax error at b00010000
"axi_interconnect_wrap_4x2_tb.vcd", 3096: 

*Error* Syntax error at b000
"axi_interconnect_wrap_4x2_tb.vcd", 3097: 

*Error* Syntax error at b00000000
"axi_interconnect_wrap_4x2_tb.vcd", 3098: 

*Error* Syntax error at 0
"axi_interconnect_wrap_4x2_tb.vcd", 3099: 

*Error* Syntax error at b000
"axi_interconnect_wrap_4x2_tb.vcd", 3100: 

*Error* usage of using constructs outside of modules or primitives is supported only if the option '-sv' is specified
"axi_interconnect_wrap_4x2_tb.vcd", 3101: 

*Error* Syntax error at #
"axi_interconnect_wrap_4x2_tb.vcd", 3101: 

*Error* Syntax error at 0
"axi_interconnect_wrap_4x2_tb.vcd", 3102: 

*Error* usage of using constructs outside of modules or primitives is supported only if the option '-sv' is specified
"axi_interconnect_wrap_4x2_tb.vcd", 3103: 

*Error* Syntax error at #
"axi_interconnect_wrap_4x2_tb.vcd", 3103: 

*Error* Syntax error at 1
"axi_interconnect_wrap_4x2_tb.vcd", 3104: 

*Error* Syntax error at b00000000000000000000000001001111
"axi_interconnect_wrap_4x2_tb.vcd", 3105: 

*Error* Syntax error at b000
"axi_interconnect_wrap_4x2_tb.vcd", 3106: 

*Error* Syntax error at b0000
"axi_interconnect_wrap_4x2_tb.vcd", 3107: 

*Error* Syntax error at 0
"axi_interconnect_wrap_4x2_tb.vcd", 3108: 

*Error* Syntax error at 0
"axi_interconnect_wrap_4x2_tb.vcd", 3109: 

*Error* Syntax error at b00000000
"axi_interconnect_wrap_4x2_tb.vcd", 3110: 

*Error* Syntax error at 0
"axi_interconnect_wrap_4x2_tb.vcd", 3111: 

*Error* Syntax error at b000
"axi_interconnect_wrap_4x2_tb.vcd", 3112: 

*Error* Syntax error at b00000010
"axi_interconnect_wrap_4x2_tb.vcd", 3113: 

*Error* Syntax error at b01000000000000000000001000000000
"axi_interconnect_wrap_4x2_tb.vcd", 3114: 

*Error* Syntax error at b1100101011111110101110101011111010101011110011011110111100000001
"axi_interconnect_wrap_4x2_tb.vcd", 3115: 

*Error* Syntax error at b00
"axi_interconnect_wrap_4x2_tb.vcd", 3116: 

*Error* Syntax error at b1100101011111110101110101011111010101011110011011110111100000001
"axi_interconnect_wrap_4x2_tb.vcd", 3117: 

*Error* Syntax error at b00000000
"axi_interconnect_wrap_4x2_tb.vcd", 3118: 

*Error* usage of using constructs outside of modules or primitives is supported only if the option '-sv' is specified
"axi_interconnect_wrap_4x2_tb.vcd", 3119: 

*Error* Syntax error at #
"axi_interconnect_wrap_4x2_tb.vcd", 3119: 

*Error* Syntax error at 0
"axi_interconnect_wrap_4x2_tb.vcd", 3120: 

*Error* usage of using constructs outside of modules or primitives is supported only if the option '-sv' is specified
"axi_interconnect_wrap_4x2_tb.vcd", 3121: 

*Error* Syntax error at #
"axi_interconnect_wrap_4x2_tb.vcd", 3121: 

*Error* Syntax error at 1
"axi_interconnect_wrap_4x2_tb.vcd", 3122: 

*Error* Syntax error at b00000000000000000000000000000111
"axi_interconnect_wrap_4x2_tb.vcd", 3123: 

*Error* Syntax error at b00000000000000000000000001010000
"axi_interconnect_wrap_4x2_tb.vcd", 3124: 

*Error* Syntax error at b1100101011111110101110101011111010101011110011011110111100000001
"axi_interconnect_wrap_4x2_tb.vcd", 3125: 

*Error* Syntax error at b1100101011111110101110101011111010101011110011011110111100000001
"axi_interconnect_wrap_4x2_tb.vcd", 3126: 

*Error* Syntax error at b1100101011111110101110101011111010101011110011011110111100000001
"axi_interconnect_wrap_4x2_tb.vcd", 3127: 

*Error* Syntax error at b11001010111111101011101010111110101010111100110111101111000000011100101011111110101110101011111010101011110011011110111100000001
"axi_interconnect_wrap_4x2_tb.vcd", 3128: 

*Error* usage of using constructs outside of modules or primitives is supported only if the option '-sv' is specified
"axi_interconnect_wrap_4x2_tb.vcd", 3129: 

*Error* Syntax error at #
"axi_interconnect_wrap_4x2_tb.vcd", 3129: 

*Error* Syntax error at 0
"axi_interconnect_wrap_4x2_tb.vcd", 3130: 

*Error* usage of using constructs outside of modules or primitives is supported only if the option '-sv' is specified
"axi_interconnect_wrap_4x2_tb.vcd", 3131: 

*Error* Syntax error at #
"axi_interconnect_wrap_4x2_tb.vcd", 3131: 

*Error* Syntax error at 1
"axi_interconnect_wrap_4x2_tb.vcd", 3132: 

*Error* Syntax error at b00110001
"axi_interconnect_wrap_4x2_tb.vcd", 3133: 

*Error* Syntax error at b00000000000000000000011100000000
"axi_interconnect_wrap_4x2_tb.vcd", 3134: 

*Error* Syntax error at b01000000
"axi_interconnect_wrap_4x2_tb.vcd", 3135: 

*Error* Syntax error at b01000000
"axi_interconnect_wrap_4x2_tb.vcd", 3136: 

*Error* Syntax error at 1
"axi_interconnect_wrap_4x2_tb.vcd", 3137: 

*Error* Syntax error at b01000000
"axi_interconnect_wrap_4x2_tb.vcd", 3138: 

*Error* Syntax error at 1
"axi_interconnect_wrap_4x2_tb.vcd", 3139: 

*Error* Syntax error at 1
"axi_interconnect_wrap_4x2_tb.vcd", 3140: 

*Error* Syntax error at b1000
"axi_interconnect_wrap_4x2_tb.vcd", 3141: 

*Error* Syntax error at b00000000000000000000000001010001
"axi_interconnect_wrap_4x2_tb.vcd", 3142: 

*Error* Syntax error at b00110001001000100001001000000010
"axi_interconnect_wrap_4x2_tb.vcd", 3143: 

*Error* Syntax error at b00000000000000000000011100000000010000000000000000000110000000000100000000000000000001000000000001000000000000000000001000000000
"axi_interconnect_wrap_4x2_tb.vcd", 3144: 

*Error* Syntax error at b110
"axi_interconnect_wrap_4x2_tb.vcd", 3145: 

*Error* Syntax error at b01000000
"axi_interconnect_wrap_4x2_tb.vcd", 3146: 

*Error* Syntax error at b110
"axi_interconnect_wrap_4x2_tb.vcd", 3147: 

*Error* Syntax error at b01000000
"axi_interconnect_wrap_4x2_tb.vcd", 3148: 

*Error* Syntax error at b01000000
"axi_interconnect_wrap_4x2_tb.vcd", 3149: 

*Error* Syntax error at 1
"axi_interconnect_wrap_4x2_tb.vcd", 3150: 

*Error* Syntax error at b110
"axi_interconnect_wrap_4x2_tb.vcd", 3151: 

*Error* Syntax error at b10000000
"axi_interconnect_wrap_4x2_tb.vcd", 3152: 

*Error* usage of using constructs outside of modules or primitives is supported only if the option '-sv' is specified
"axi_interconnect_wrap_4x2_tb.vcd", 3153: 

*Error* Syntax error at #
"axi_interconnect_wrap_4x2_tb.vcd", 3153: 

*Error* Syntax error at 0
"axi_interconnect_wrap_4x2_tb.vcd", 3154: 

*Error* usage of using constructs outside of modules or primitives is supported only if the option '-sv' is specified
"axi_interconnect_wrap_4x2_tb.vcd", 3155: 

*Error* Syntax error at #
"axi_interconnect_wrap_4x2_tb.vcd", 3155: 

*Error* Syntax error at 1
"axi_interconnect_wrap_4x2_tb.vcd", 3156: 

*Error* Syntax error at b00000000000000000000000001010010
"axi_interconnect_wrap_4x2_tb.vcd", 3157: 

*Error* Syntax error at b01000000
"axi_interconnect_wrap_4x2_tb.vcd", 3158: 

*Error* Syntax error at 1
"axi_interconnect_wrap_4x2_tb.vcd", 3159: 

*Error* Syntax error at b110
"axi_interconnect_wrap_4x2_tb.vcd", 3160: 

*Error* Syntax error at b00110001
"axi_interconnect_wrap_4x2_tb.vcd", 3161: 

*Error* Syntax error at b00000000000000000000011100000000
"axi_interconnect_wrap_4x2_tb.vcd", 3162: 

*Error* Syntax error at b0000000000000000000000000000000000000000000000000000000000000000
"axi_interconnect_wrap_4x2_tb.vcd", 3163: 

*Error* Syntax error at b11
"axi_interconnect_wrap_4x2_tb.vcd", 3164: 

*Error* Syntax error at 1
"axi_interconnect_wrap_4x2_tb.vcd", 3165: 

*Error* Syntax error at b10000000
"axi_interconnect_wrap_4x2_tb.vcd", 3166: 

*Error* Syntax error at b00000000
"axi_interconnect_wrap_4x2_tb.vcd", 3167: 

*Error* Syntax error at 0
"axi_interconnect_wrap_4x2_tb.vcd", 3168: 

*Error* Syntax error at b001
"axi_interconnect_wrap_4x2_tb.vcd", 3169: 

*Error* Syntax error at b00110001
"axi_interconnect_wrap_4x2_tb.vcd", 3170: 

*Error* Syntax error at b00000000000000000000011100000000
"axi_interconnect_wrap_4x2_tb.vcd", 3171: 

*Error* Syntax error at 1
"axi_interconnect_wrap_4x2_tb.vcd", 3172: 

*Error* Syntax error at b1000
"axi_interconnect_wrap_4x2_tb.vcd", 3173: 

*Error* Syntax error at b0000000000000000000000000000000000000000000000000000000000000000
"axi_interconnect_wrap_4x2_tb.vcd", 3174: 

*Error* Syntax error at b111
"axi_interconnect_wrap_4x2_tb.vcd", 3175: 

*Error* Syntax error at b10000000
"axi_interconnect_wrap_4x2_tb.vcd", 3176: 

*Error* usage of using constructs outside of modules or primitives is supported only if the option '-sv' is specified
"axi_interconnect_wrap_4x2_tb.vcd", 3177: 

*Error* Syntax error at #
"axi_interconnect_wrap_4x2_tb.vcd", 3177: 

*Error* Syntax error at 0
"axi_interconnect_wrap_4x2_tb.vcd", 3178: 

*Error* usage of using constructs outside of modules or primitives is supported only if the option '-sv' is specified
"axi_interconnect_wrap_4x2_tb.vcd", 3179: 

*Error* Syntax error at #
"axi_interconnect_wrap_4x2_tb.vcd", 3179: 

*Error* Syntax error at 1
"axi_interconnect_wrap_4x2_tb.vcd", 3180: 

*Error* Syntax error at b00000000000000000000000001010011
"axi_interconnect_wrap_4x2_tb.vcd", 3181: 

*Error* Syntax error at b001
"axi_interconnect_wrap_4x2_tb.vcd", 3182: 

*Error* Syntax error at b1000
"axi_interconnect_wrap_4x2_tb.vcd", 3183: 

*Error* Syntax error at 1
"axi_interconnect_wrap_4x2_tb.vcd", 3184: 

*Error* Syntax error at 1
"axi_interconnect_wrap_4x2_tb.vcd", 3185: 

*Error* Syntax error at b00110001
"axi_interconnect_wrap_4x2_tb.vcd", 3186: 

*Error* Syntax error at b00110001
"axi_interconnect_wrap_4x2_tb.vcd", 3187: 

*Error* Syntax error at b00110001001100010011000100110001
"axi_interconnect_wrap_4x2_tb.vcd", 3188: 

*Error* Syntax error at b00110001
"axi_interconnect_wrap_4x2_tb.vcd", 3189: 

*Error* Syntax error at b00000000000000000000011100000000
"axi_interconnect_wrap_4x2_tb.vcd", 3190: 

*Error* Syntax error at b00000000000000000000011100000000
"axi_interconnect_wrap_4x2_tb.vcd", 3191: 

*Error* Syntax error at b0000000000000000000001110000000000000000000000000000011100000000
"axi_interconnect_wrap_4x2_tb.vcd", 3192: 

*Error* Syntax error at b00000000000000000000011100000000
"axi_interconnect_wrap_4x2_tb.vcd", 3193: 

*Error* Syntax error at b00000000000000000000011100000000
"axi_interconnect_wrap_4x2_tb.vcd", 3194: 

*Error* Syntax error at 1
"axi_interconnect_wrap_4x2_tb.vcd", 3195: 

*Error* Syntax error at b0000000000000000000000000000000000000000000000000000000000000000
"axi_interconnect_wrap_4x2_tb.vcd", 3196: 

*Error* Syntax error at b0000000000000000000000000000000000000000000000000000000000000000
"axi_interconnect_wrap_4x2_tb.vcd", 3197: 

*Error* Syntax error at b0000000000000000000000000000000000000000000000000000000000000000
"axi_interconnect_wrap_4x2_tb.vcd", 3198: 

*Error* Syntax error at b00000000000000000000000000000000000000000000000000000000000000000000000000000000000000000000000000000000000000000000000000000000
"axi_interconnect_wrap_4x2_tb.vcd", 3199: 

*Error* Syntax error at b010
"axi_interconnect_wrap_4x2_tb.vcd", 3200: 

*Error* Syntax error at 1
"axi_interconnect_wrap_4x2_tb.vcd", 3201: 

*Error* Syntax error at 0
"axi_interconnect_wrap_4x2_tb.vcd", 3202: 

*Error* Syntax error at b0000
"axi_interconnect_wrap_4x2_tb.vcd", 3203: 

*Error* Syntax error at b1000
"axi_interconnect_wrap_4x2_tb.vcd", 3204: 

*Error* Syntax error at b00110001
"axi_interconnect_wrap_4x2_tb.vcd", 3205: 

*Error* usage of using constructs outside of modules or primitives is supported only if the option '-sv' is specified
"axi_interconnect_wrap_4x2_tb.vcd", 3206: 

*Error* Syntax error at #
"axi_interconnect_wrap_4x2_tb.vcd", 3206: 

*Error* Syntax error at 0
"axi_interconnect_wrap_4x2_tb.vcd", 3207: 

*Error* usage of using constructs outside of modules or primitives is supported only if the option '-sv' is specified
"axi_interconnect_wrap_4x2_tb.vcd", 3208: 

*Error* Syntax error at #
"axi_interconnect_wrap_4x2_tb.vcd", 3208: 

*Error* Syntax error at 1
"axi_interconnect_wrap_4x2_tb.vcd", 3209: 

*Error* Syntax error at b00000000000000000000000001010100
"axi_interconnect_wrap_4x2_tb.vcd", 3210: 

*Error* Syntax error at b010
"axi_interconnect_wrap_4x2_tb.vcd", 3211: 

*Error* Syntax error at b0000
"axi_interconnect_wrap_4x2_tb.vcd", 3212: 

*Error* Syntax error at 0
"axi_interconnect_wrap_4x2_tb.vcd", 3213: 

*Error* Syntax error at 0
"axi_interconnect_wrap_4x2_tb.vcd", 3214: 

*Error* Syntax error at b1000
"axi_interconnect_wrap_4x2_tb.vcd", 3215: 

*Error* Syntax error at 1
"axi_interconnect_wrap_4x2_tb.vcd", 3216: 

*Error* Syntax error at 1
"axi_interconnect_wrap_4x2_tb.vcd", 3217: 

*Error* Syntax error at 0
"axi_interconnect_wrap_4x2_tb.vcd", 3218: 

*Error* Syntax error at b00110001
"axi_interconnect_wrap_4x2_tb.vcd", 3219: 

*Error* Syntax error at b00110001
"axi_interconnect_wrap_4x2_tb.vcd", 3220: 

*Error* Syntax error at b00110001001100010011000100110001
"axi_interconnect_wrap_4x2_tb.vcd", 3221: 

*Error* Syntax error at b00110001
"axi_interconnect_wrap_4x2_tb.vcd", 3222: 

*Error* Syntax error at 0
"axi_interconnect_wrap_4x2_tb.vcd", 3223: 

*Error* Syntax error at 0
"axi_interconnect_wrap_4x2_tb.vcd", 3224: 

*Error* Syntax error at b01
"axi_interconnect_wrap_4x2_tb.vcd", 3225: 

*Error* usage of using constructs outside of modules or primitives is supported only if the option '-sv' is specified
"axi_interconnect_wrap_4x2_tb.vcd", 3226: 

*Error* Syntax error at #
"axi_interconnect_wrap_4x2_tb.vcd", 3226: 

*Error* Syntax error at 0
"axi_interconnect_wrap_4x2_tb.vcd", 3227: 

*Error* usage of using constructs outside of modules or primitives is supported only if the option '-sv' is specified
"axi_interconnect_wrap_4x2_tb.vcd", 3228: 

*Error* Syntax error at #
"axi_interconnect_wrap_4x2_tb.vcd", 3228: 

*Error* Syntax error at 1
"axi_interconnect_wrap_4x2_tb.vcd", 3229: 

*Error* Syntax error at b00000000
"axi_interconnect_wrap_4x2_tb.vcd", 3230: 

*Error* Syntax error at b00000000
"axi_interconnect_wrap_4x2_tb.vcd", 3231: 

*Error* Syntax error at 0
"axi_interconnect_wrap_4x2_tb.vcd", 3232: 

*Error* Syntax error at 0
"axi_interconnect_wrap_4x2_tb.vcd", 3233: 

*Error* Syntax error at 0
"axi_interconnect_wrap_4x2_tb.vcd", 3234: 

*Error* Syntax error at b0000
"axi_interconnect_wrap_4x2_tb.vcd", 3235: 

*Error* Syntax error at b0001001000110100010101100111100010011010101111001101111011110000
"axi_interconnect_wrap_4x2_tb.vcd", 3236: 

*Error* Syntax error at 1
"axi_interconnect_wrap_4x2_tb.vcd", 3237: 

*Error* Syntax error at 1
"axi_interconnect_wrap_4x2_tb.vcd", 3238: 

*Error* Syntax error at b00000000000000000000000001010101
"axi_interconnect_wrap_4x2_tb.vcd", 3239: 

*Error* Syntax error at b111
"axi_interconnect_wrap_4x2_tb.vcd", 3240: 

*Error* Syntax error at b10000000
"axi_interconnect_wrap_4x2_tb.vcd", 3241: 

*Error* Syntax error at b0001001000110100010101100111100010011010101111001101111011110000111011101110111011111111111111110000000000000000000100010001000101010101010101010110011001100110011101110111011110001000100010001100101011111110101110101011111010101011110011011110111100000001
"axi_interconnect_wrap_4x2_tb.vcd", 3242: 

*Error* Syntax error at b0001001000110100010101100111100010011010101111001101111011110000
"axi_interconnect_wrap_4x2_tb.vcd", 3243: 

*Error* Syntax error at b1000
"axi_interconnect_wrap_4x2_tb.vcd", 3244: 

*Error* Syntax error at 1
"axi_interconnect_wrap_4x2_tb.vcd", 3245: 

*Error* Syntax error at b011
"axi_interconnect_wrap_4x2_tb.vcd", 3246: 

*Error* Syntax error at b0000
"axi_interconnect_wrap_4x2_tb.vcd", 3247: 

*Error* Syntax error at b01
"axi_interconnect_wrap_4x2_tb.vcd", 3248: 

*Error* Syntax error at b0001001000110100010101100111100010011010101111001101111011110000
"axi_interconnect_wrap_4x2_tb.vcd", 3249: 

*Error* Syntax error at 1
"axi_interconnect_wrap_4x2_tb.vcd", 3250: 

*Error* Syntax error at 1
"axi_interconnect_wrap_4x2_tb.vcd", 3251: 

*Error* Syntax error at b1000
"axi_interconnect_wrap_4x2_tb.vcd", 3252: 

*Error* Syntax error at 1
"axi_interconnect_wrap_4x2_tb.vcd", 3253: 

*Error* Syntax error at b01
"axi_interconnect_wrap_4x2_tb.vcd", 3254: 

*Error* Syntax error at b01
"axi_interconnect_wrap_4x2_tb.vcd", 3255: 

*Error* Syntax error at 1
"axi_interconnect_wrap_4x2_tb.vcd", 3256: 

*Error* Syntax error at 1
"axi_interconnect_wrap_4x2_tb.vcd", 3257: 

*Error* Syntax error at 0
"axi_interconnect_wrap_4x2_tb.vcd", 3258: 

*Error* Syntax error at b00
"axi_interconnect_wrap_4x2_tb.vcd", 3259: 

*Error* usage of using constructs outside of modules or primitives is supported only if the option '-sv' is specified
"axi_interconnect_wrap_4x2_tb.vcd", 3260: 

*Error* Syntax error at #
"axi_interconnect_wrap_4x2_tb.vcd", 3260: 

*Error* Syntax error at 0
"axi_interconnect_wrap_4x2_tb.vcd", 3261: 

*Error* usage of using constructs outside of modules or primitives is supported only if the option '-sv' is specified
"axi_interconnect_wrap_4x2_tb.vcd", 3262: 

*Error* Syntax error at #
"axi_interconnect_wrap_4x2_tb.vcd", 3262: 

*Error* Syntax error at 1
"axi_interconnect_wrap_4x2_tb.vcd", 3263: 

*Error* Syntax error at 0
"axi_interconnect_wrap_4x2_tb.vcd", 3264: 

*Error* Syntax error at 0
"axi_interconnect_wrap_4x2_tb.vcd", 3265: 

*Error* Syntax error at b00000000000000000000000001010110
"axi_interconnect_wrap_4x2_tb.vcd", 3266: 

*Error* Syntax error at b0000
"axi_interconnect_wrap_4x2_tb.vcd", 3267: 

*Error* Syntax error at 0
"axi_interconnect_wrap_4x2_tb.vcd", 3268: 

*Error* Syntax error at b010
"axi_interconnect_wrap_4x2_tb.vcd", 3269: 

*Error* Syntax error at b1000
"axi_interconnect_wrap_4x2_tb.vcd", 3270: 

*Error* Syntax error at b00
"axi_interconnect_wrap_4x2_tb.vcd", 3271: 

*Error* Syntax error at 0
"axi_interconnect_wrap_4x2_tb.vcd", 3272: 

*Error* Syntax error at 0
"axi_interconnect_wrap_4x2_tb.vcd", 3273: 

*Error* Syntax error at b0000
"axi_interconnect_wrap_4x2_tb.vcd", 3274: 

*Error* Syntax error at 0
"axi_interconnect_wrap_4x2_tb.vcd", 3275: 

*Error* Syntax error at b00
"axi_interconnect_wrap_4x2_tb.vcd", 3276: 

*Error* Syntax error at 0
"axi_interconnect_wrap_4x2_tb.vcd", 3277: 

*Error* Syntax error at b10
"axi_interconnect_wrap_4x2_tb.vcd", 3278: 

*Error* Syntax error at 0
"axi_interconnect_wrap_4x2_tb.vcd", 3279: 

*Error* Syntax error at 1
"axi_interconnect_wrap_4x2_tb.vcd", 3280: 

*Error* Syntax error at b01
"axi_interconnect_wrap_4x2_tb.vcd", 3281: 

*Error* Syntax error at b10
"axi_interconnect_wrap_4x2_tb.vcd", 3282: 

*Error* Syntax error at b011
"axi_interconnect_wrap_4x2_tb.vcd", 3283: 

*Error* Syntax error at b0000
"axi_interconnect_wrap_4x2_tb.vcd", 3284: 

*Error* Syntax error at 0
"axi_interconnect_wrap_4x2_tb.vcd", 3285: 

*Error* Syntax error at 0
"axi_interconnect_wrap_4x2_tb.vcd", 3286: 

*Error* Syntax error at b00
"axi_interconnect_wrap_4x2_tb.vcd", 3287: 

*Error* Syntax error at 0
"axi_interconnect_wrap_4x2_tb.vcd", 3288: 

*Error* Syntax error at 0
"axi_interconnect_wrap_4x2_tb.vcd", 3289: 

*Error* Syntax error at b01
"axi_interconnect_wrap_4x2_tb.vcd", 3290: 

*Error* Syntax error at 1
"axi_interconnect_wrap_4x2_tb.vcd", 3291: 

*Error* Syntax error at 1
"axi_interconnect_wrap_4x2_tb.vcd", 3292: 

*Error* Syntax error at b01
"axi_interconnect_wrap_4x2_tb.vcd", 3293: 

*Error* Syntax error at 1
"axi_interconnect_wrap_4x2_tb.vcd", 3294: 

*Error* Syntax error at 1
"axi_interconnect_wrap_4x2_tb.vcd", 3295: 

*Error* Syntax error at b0001001000110100010101100111100010011010101111001101111011110000
"axi_interconnect_wrap_4x2_tb.vcd", 3296: 

*Error* Syntax error at b0001001000110100010101100111100010011010101111001101111011110000
"axi_interconnect_wrap_4x2_tb.vcd", 3297: 

*Error* Syntax error at b0001001000110100010101100111100010011010101111001101111011110000
"axi_interconnect_wrap_4x2_tb.vcd", 3298: 

*Error* Syntax error at b00010010001101000101011001111000100110101011110011011110111100000001001000110100010101100111100010011010101111001101111011110000
"axi_interconnect_wrap_4x2_tb.vcd", 3299: 

*Error* Syntax error at 1
"axi_interconnect_wrap_4x2_tb.vcd", 3300: 

*Error* Syntax error at 1
"axi_interconnect_wrap_4x2_tb.vcd", 3301: 

*Error* Syntax error at 1
"axi_interconnect_wrap_4x2_tb.vcd", 3302: 

*Error* Syntax error at b11
"axi_interconnect_wrap_4x2_tb.vcd", 3303: 

*Error* Syntax error at b011
"axi_interconnect_wrap_4x2_tb.vcd", 3304: 

*Error* Syntax error at b0000
"axi_interconnect_wrap_4x2_tb.vcd", 3305: 

*Error* Syntax error at b01
"axi_interconnect_wrap_4x2_tb.vcd", 3306: 

*Error* Syntax error at 1
"axi_interconnect_wrap_4x2_tb.vcd", 3307: 

*Error* usage of using constructs outside of modules or primitives is supported only if the option '-sv' is specified
"axi_interconnect_wrap_4x2_tb.vcd", 3308: 

*Error* Syntax error at #
"axi_interconnect_wrap_4x2_tb.vcd", 3308: 

*Error* Syntax error at 0
"axi_interconnect_wrap_4x2_tb.vcd", 3309: 

*Error* usage of using constructs outside of modules or primitives is supported only if the option '-sv' is specified
"axi_interconnect_wrap_4x2_tb.vcd", 3310: 

*Error* Syntax error at #
"axi_interconnect_wrap_4x2_tb.vcd", 3310: 

*Error* Syntax error at 1
"axi_interconnect_wrap_4x2_tb.vcd", 3311: 

*Error* Syntax error at b00000000000000000000000001010111
"axi_interconnect_wrap_4x2_tb.vcd", 3312: 

*Error* Syntax error at 0
"axi_interconnect_wrap_4x2_tb.vcd", 3313: 

*Error* Syntax error at b00
"axi_interconnect_wrap_4x2_tb.vcd", 3314: 

*Error* Syntax error at 1
"axi_interconnect_wrap_4x2_tb.vcd", 3315: 

*Error* Syntax error at b01
"axi_interconnect_wrap_4x2_tb.vcd", 3316: 

*Error* Syntax error at b11
"axi_interconnect_wrap_4x2_tb.vcd", 3317: 

*Error* Syntax error at b00
"axi_interconnect_wrap_4x2_tb.vcd", 3318: 

*Error* Syntax error at 0
"axi_interconnect_wrap_4x2_tb.vcd", 3319: 

*Error* Syntax error at 0
"axi_interconnect_wrap_4x2_tb.vcd", 3320: 

*Error* Syntax error at 0
"axi_interconnect_wrap_4x2_tb.vcd", 3321: 

*Error* Syntax error at 0
"axi_interconnect_wrap_4x2_tb.vcd", 3322: 

*Error* Syntax error at 0
"axi_interconnect_wrap_4x2_tb.vcd", 3323: 

*Error* Syntax error at b00
"axi_interconnect_wrap_4x2_tb.vcd", 3324: 

*Error* Syntax error at 0
"axi_interconnect_wrap_4x2_tb.vcd", 3325: 

*Error* Syntax error at 1
"axi_interconnect_wrap_4x2_tb.vcd", 3326: 

*Error* Syntax error at b111
"axi_interconnect_wrap_4x2_tb.vcd", 3327: 

*Error* Syntax error at b1000
"axi_interconnect_wrap_4x2_tb.vcd", 3328: 

*Error* Syntax error at b00
"axi_interconnect_wrap_4x2_tb.vcd", 3329: 

*Error* usage of using constructs outside of modules or primitives is supported only if the option '-sv' is specified
"axi_interconnect_wrap_4x2_tb.vcd", 3330: 

*Error* Syntax error at #
"axi_interconnect_wrap_4x2_tb.vcd", 3330: 

*Error* Syntax error at 0
"axi_interconnect_wrap_4x2_tb.vcd", 3331: 

*Error* usage of using constructs outside of modules or primitives is supported only if the option '-sv' is specified
"axi_interconnect_wrap_4x2_tb.vcd", 3332: 

*Error* Syntax error at #
"axi_interconnect_wrap_4x2_tb.vcd", 3332: 

*Error* Syntax error at 1
"axi_interconnect_wrap_4x2_tb.vcd", 3333: 

*Error* Syntax error at b00000000000000000000000001011000
"axi_interconnect_wrap_4x2_tb.vcd", 3334: 

*Error* Syntax error at 0
"axi_interconnect_wrap_4x2_tb.vcd", 3335: 

*Error* Syntax error at b00
"axi_interconnect_wrap_4x2_tb.vcd", 3336: 

*Error* Syntax error at 1
"axi_interconnect_wrap_4x2_tb.vcd", 3337: 

*Error* Syntax error at b11
"axi_interconnect_wrap_4x2_tb.vcd", 3338: 

*Error* Syntax error at 1
"axi_interconnect_wrap_4x2_tb.vcd", 3339: 

*Error* Syntax error at b01
"axi_interconnect_wrap_4x2_tb.vcd", 3340: 

*Error* Syntax error at b111
"axi_interconnect_wrap_4x2_tb.vcd", 3341: 

*Error* Syntax error at b1000
"axi_interconnect_wrap_4x2_tb.vcd", 3342: 

*Error* Syntax error at 1
"axi_interconnect_wrap_4x2_tb.vcd", 3343: 

*Error* Syntax error at 1
"axi_interconnect_wrap_4x2_tb.vcd", 3344: 

*Error* Syntax error at b00
"axi_interconnect_wrap_4x2_tb.vcd", 3345: 

*Error* Syntax error at 0
"axi_interconnect_wrap_4x2_tb.vcd", 3346: 

*Error* Syntax error at 0
"axi_interconnect_wrap_4x2_tb.vcd", 3347: 

*Error* Syntax error at 0
"axi_interconnect_wrap_4x2_tb.vcd", 3348: 

*Error* Syntax error at b0000
"axi_interconnect_wrap_4x2_tb.vcd", 3349: 

*Error* Syntax error at b01000000
"axi_interconnect_wrap_4x2_tb.vcd", 3350: 

*Error* Syntax error at b000
"axi_interconnect_wrap_4x2_tb.vcd", 3351: 

*Error* Syntax error at b00000000
"axi_interconnect_wrap_4x2_tb.vcd", 3352: 

*Error* Syntax error at 0
"axi_interconnect_wrap_4x2_tb.vcd", 3353: 

*Error* Syntax error at b000
"axi_interconnect_wrap_4x2_tb.vcd", 3354: 

*Error* usage of using constructs outside of modules or primitives is supported only if the option '-sv' is specified
"axi_interconnect_wrap_4x2_tb.vcd", 3355: 

*Error* Syntax error at #
"axi_interconnect_wrap_4x2_tb.vcd", 3355: 

*Error* Syntax error at 0
"axi_interconnect_wrap_4x2_tb.vcd", 3356: 

*Error* usage of using constructs outside of modules or primitives is supported only if the option '-sv' is specified
"axi_interconnect_wrap_4x2_tb.vcd", 3357: 

*Error* Syntax error at #
"axi_interconnect_wrap_4x2_tb.vcd", 3357: 

*Error* Syntax error at 1
"axi_interconnect_wrap_4x2_tb.vcd", 3358: 

*Error* Syntax error at b00000000000000000000000001011001
"axi_interconnect_wrap_4x2_tb.vcd", 3359: 

*Error* Syntax error at b000
"axi_interconnect_wrap_4x2_tb.vcd", 3360: 

*Error* Syntax error at b0000
"axi_interconnect_wrap_4x2_tb.vcd", 3361: 

*Error* Syntax error at 0
"axi_interconnect_wrap_4x2_tb.vcd", 3362: 

*Error* Syntax error at 0
"axi_interconnect_wrap_4x2_tb.vcd", 3363: 

*Error* Syntax error at b00000000
"axi_interconnect_wrap_4x2_tb.vcd", 3364: 

*Error* Syntax error at 0
"axi_interconnect_wrap_4x2_tb.vcd", 3365: 

*Error* Syntax error at b000
"axi_interconnect_wrap_4x2_tb.vcd", 3366: 

*Error* Syntax error at b00000010
"axi_interconnect_wrap_4x2_tb.vcd", 3367: 

*Error* Syntax error at b01000000000000000000001000000000
"axi_interconnect_wrap_4x2_tb.vcd", 3368: 

*Error* Syntax error at b1100101011111110101110101011111010101011110011011110111100000001
"axi_interconnect_wrap_4x2_tb.vcd", 3369: 

*Error* Syntax error at b00
"axi_interconnect_wrap_4x2_tb.vcd", 3370: 

*Error* Syntax error at b1100101011111110101110101011111010101011110011011110111100000001
"axi_interconnect_wrap_4x2_tb.vcd", 3371: 

*Error* Syntax error at b00000000
"axi_interconnect_wrap_4x2_tb.vcd", 3372: 

*Error* usage of using constructs outside of modules or primitives is supported only if the option '-sv' is specified
"axi_interconnect_wrap_4x2_tb.vcd", 3373: 

*Error* Syntax error at #
"axi_interconnect_wrap_4x2_tb.vcd", 3373: 

*Error* Syntax error at 0
"axi_interconnect_wrap_4x2_tb.vcd", 3374: 

*Error* usage of using constructs outside of modules or primitives is supported only if the option '-sv' is specified
"axi_interconnect_wrap_4x2_tb.vcd", 3375: 

*Error* Syntax error at #
"axi_interconnect_wrap_4x2_tb.vcd", 3375: 

*Error* Syntax error at 1
"axi_interconnect_wrap_4x2_tb.vcd", 3376: 

*Error* Syntax error at b00000000000000000000000000001000
"axi_interconnect_wrap_4x2_tb.vcd", 3377: 

*Error* Syntax error at b00000000000000000000000001011010
"axi_interconnect_wrap_4x2_tb.vcd", 3378: 

*Error* Syntax error at b1100101011111110101110101011111010101011110011011110111100000001
"axi_interconnect_wrap_4x2_tb.vcd", 3379: 

*Error* Syntax error at b1100101011111110101110101011111010101011110011011110111100000001
"axi_interconnect_wrap_4x2_tb.vcd", 3380: 

*Error* Syntax error at b1100101011111110101110101011111010101011110011011110111100000001
"axi_interconnect_wrap_4x2_tb.vcd", 3381: 

*Error* Syntax error at b11001010111111101011101010111110101010111100110111101111000000011100101011111110101110101011111010101011110011011110111100000001
"axi_interconnect_wrap_4x2_tb.vcd", 3382: 

*Error* usage of using constructs outside of modules or primitives is supported only if the option '-sv' is specified
"axi_interconnect_wrap_4x2_tb.vcd", 3383: 

*Error* Syntax error at #
"axi_interconnect_wrap_4x2_tb.vcd", 3383: 

*Error* Syntax error at 0
"axi_interconnect_wrap_4x2_tb.vcd", 3384: 

*Error* usage of using constructs outside of modules or primitives is supported only if the option '-sv' is specified
"axi_interconnect_wrap_4x2_tb.vcd", 3385: 

*Error* Syntax error at #
"axi_interconnect_wrap_4x2_tb.vcd", 3385: 

*Error* Syntax error at 1
"axi_interconnect_wrap_4x2_tb.vcd", 3386: 

*Error* Syntax error at b00110010
"axi_interconnect_wrap_4x2_tb.vcd", 3387: 

*Error* Syntax error at b01000000000000000000100000000000
"axi_interconnect_wrap_4x2_tb.vcd", 3388: 

*Error* Syntax error at b01000000
"axi_interconnect_wrap_4x2_tb.vcd", 3389: 

*Error* Syntax error at b01000000
"axi_interconnect_wrap_4x2_tb.vcd", 3390: 

*Error* Syntax error at 1
"axi_interconnect_wrap_4x2_tb.vcd", 3391: 

*Error* Syntax error at 1
"axi_interconnect_wrap_4x2_tb.vcd", 3392: 

*Error* Syntax error at b1000
"axi_interconnect_wrap_4x2_tb.vcd", 3393: 

*Error* Syntax error at b00000000000000000000000001011011
"axi_interconnect_wrap_4x2_tb.vcd", 3394: 

*Error* Syntax error at b00110010001000100001001000000010
"axi_interconnect_wrap_4x2_tb.vcd", 3395: 

*Error* Syntax error at b01000000000000000000100000000000010000000000000000000110000000000100000000000000000001000000000001000000000000000000001000000000
"axi_interconnect_wrap_4x2_tb.vcd", 3396: 

*Error* Syntax error at b110
"axi_interconnect_wrap_4x2_tb.vcd", 3397: 

*Error* Syntax error at b01000000
"axi_interconnect_wrap_4x2_tb.vcd", 3398: 

*Error* Syntax error at b01000000
"axi_interconnect_wrap_4x2_tb.vcd", 3399: 

*Error* Syntax error at 1
"axi_interconnect_wrap_4x2_tb.vcd", 3400: 

*Error* Syntax error at b110
"axi_interconnect_wrap_4x2_tb.vcd", 3401: 

*Error* usage of using constructs outside of modules or primitives is supported only if the option '-sv' is specified
"axi_interconnect_wrap_4x2_tb.vcd", 3402: 

*Error* Syntax error at #
"axi_interconnect_wrap_4x2_tb.vcd", 3402: 

*Error* Syntax error at 0
"axi_interconnect_wrap_4x2_tb.vcd", 3403: 

*Error* usage of using constructs outside of modules or primitives is supported only if the option '-sv' is specified
"axi_interconnect_wrap_4x2_tb.vcd", 3404: 

*Error* Syntax error at #
"axi_interconnect_wrap_4x2_tb.vcd", 3404: 

*Error* Syntax error at 1
"axi_interconnect_wrap_4x2_tb.vcd", 3405: 

*Error* Syntax error at b00000000000000000000000001011100
"axi_interconnect_wrap_4x2_tb.vcd", 3406: 

*Error* Syntax error at b01000000
"axi_interconnect_wrap_4x2_tb.vcd", 3407: 

*Error* Syntax error at 1
"axi_interconnect_wrap_4x2_tb.vcd", 3408: 

*Error* Syntax error at b110
"axi_interconnect_wrap_4x2_tb.vcd", 3409: 

*Error* Syntax error at b00110010
"axi_interconnect_wrap_4x2_tb.vcd", 3410: 

*Error* Syntax error at b01000000000000000000100000000000
"axi_interconnect_wrap_4x2_tb.vcd", 3411: 

*Error* Syntax error at b0001001000110100010101100111100010011010101111001101111011110000
"axi_interconnect_wrap_4x2_tb.vcd", 3412: 

*Error* Syntax error at b11
"axi_interconnect_wrap_4x2_tb.vcd", 3413: 

*Error* Syntax error at 1
"axi_interconnect_wrap_4x2_tb.vcd", 3414: 

*Error* Syntax error at b001
"axi_interconnect_wrap_4x2_tb.vcd", 3415: 

*Error* Syntax error at b00110010
"axi_interconnect_wrap_4x2_tb.vcd", 3416: 

*Error* Syntax error at b01000000000000000000100000000000
"axi_interconnect_wrap_4x2_tb.vcd", 3417: 

*Error* Syntax error at 1
"axi_interconnect_wrap_4x2_tb.vcd", 3418: 

*Error* Syntax error at b1000
"axi_interconnect_wrap_4x2_tb.vcd", 3419: 

*Error* Syntax error at b0001001000110100010101100111100010011010101111001101111011110000
"axi_interconnect_wrap_4x2_tb.vcd", 3420: 

*Error* usage of using constructs outside of modules or primitives is supported only if the option '-sv' is specified
"axi_interconnect_wrap_4x2_tb.vcd", 3421: 

*Error* Syntax error at #
"axi_interconnect_wrap_4x2_tb.vcd", 3421: 

*Error* Syntax error at 0
"axi_interconnect_wrap_4x2_tb.vcd", 3422: 

*Error* usage of using constructs outside of modules or primitives is supported only if the option '-sv' is specified
"axi_interconnect_wrap_4x2_tb.vcd", 3423: 

*Error* Syntax error at #
"axi_interconnect_wrap_4x2_tb.vcd", 3423: 

*Error* Syntax error at 1
"axi_interconnect_wrap_4x2_tb.vcd", 3424: 

*Error* Syntax error at b00000000000000000000000001011101
"axi_interconnect_wrap_4x2_tb.vcd", 3425: 

*Error* Syntax error at b001
"axi_interconnect_wrap_4x2_tb.vcd", 3426: 

*Error* Syntax error at b1000
"axi_interconnect_wrap_4x2_tb.vcd", 3427: 

*Error* Syntax error at 1
"axi_interconnect_wrap_4x2_tb.vcd", 3428: 

*Error* Syntax error at 1
"axi_interconnect_wrap_4x2_tb.vcd", 3429: 

*Error* Syntax error at b00110010
"axi_interconnect_wrap_4x2_tb.vcd", 3430: 

*Error* Syntax error at b00110010
"axi_interconnect_wrap_4x2_tb.vcd", 3431: 

*Error* Syntax error at b00110010001100100011001000110010
"axi_interconnect_wrap_4x2_tb.vcd", 3432: 

*Error* Syntax error at b00110010
"axi_interconnect_wrap_4x2_tb.vcd", 3433: 

*Error* Syntax error at b01000000000000000000100000000000
"axi_interconnect_wrap_4x2_tb.vcd", 3434: 

*Error* Syntax error at b01000000000000000000100000000000
"axi_interconnect_wrap_4x2_tb.vcd", 3435: 

*Error* Syntax error at b0100000000000000000010000000000001000000000000000000100000000000
"axi_interconnect_wrap_4x2_tb.vcd", 3436: 

*Error* Syntax error at b01000000000000000000100000000000
"axi_interconnect_wrap_4x2_tb.vcd", 3437: 

*Error* Syntax error at b01000000000000000000100000000000
"axi_interconnect_wrap_4x2_tb.vcd", 3438: 

*Error* Syntax error at 1
"axi_interconnect_wrap_4x2_tb.vcd", 3439: 

*Error* Syntax error at b0001001000110100010101100111100010011010101111001101111011110000
"axi_interconnect_wrap_4x2_tb.vcd", 3440: 

*Error* Syntax error at b0001001000110100010101100111100010011010101111001101111011110000
"axi_interconnect_wrap_4x2_tb.vcd", 3441: 

*Error* Syntax error at b0001001000110100010101100111100010011010101111001101111011110000
"axi_interconnect_wrap_4x2_tb.vcd", 3442: 

*Error* Syntax error at b00010010001101000101011001111000100110101011110011011110111100000001001000110100010101100111100010011010101111001101111011110000
"axi_interconnect_wrap_4x2_tb.vcd", 3443: 

*Error* Syntax error at b010
"axi_interconnect_wrap_4x2_tb.vcd", 3444: 

*Error* Syntax error at 1
"axi_interconnect_wrap_4x2_tb.vcd", 3445: 

*Error* Syntax error at 1
"axi_interconnect_wrap_4x2_tb.vcd", 3446: 

*Error* Syntax error at b0000
"axi_interconnect_wrap_4x2_tb.vcd", 3447: 

*Error* Syntax error at b1000
"axi_interconnect_wrap_4x2_tb.vcd", 3448: 

*Error* Syntax error at b00110010
"axi_interconnect_wrap_4x2_tb.vcd", 3449: 

*Error* usage of using constructs outside of modules or primitives is supported only if the option '-sv' is specified
"axi_interconnect_wrap_4x2_tb.vcd", 3450: 

*Error* Syntax error at #
"axi_interconnect_wrap_4x2_tb.vcd", 3450: 

*Error* Syntax error at 0
"axi_interconnect_wrap_4x2_tb.vcd", 3451: 

*Error* usage of using constructs outside of modules or primitives is supported only if the option '-sv' is specified
"axi_interconnect_wrap_4x2_tb.vcd", 3452: 

*Error* Syntax error at #
"axi_interconnect_wrap_4x2_tb.vcd", 3452: 

*Error* Syntax error at 1
"axi_interconnect_wrap_4x2_tb.vcd", 3453: 

*Error* Syntax error at b00000000000000000000000001011110
"axi_interconnect_wrap_4x2_tb.vcd", 3454: 

*Error* Syntax error at b010
"axi_interconnect_wrap_4x2_tb.vcd", 3455: 

*Error* Syntax error at b0000
"axi_interconnect_wrap_4x2_tb.vcd", 3456: 

*Error* Syntax error at 0
"axi_interconnect_wrap_4x2_tb.vcd", 3457: 

*Error* Syntax error at 0
"axi_interconnect_wrap_4x2_tb.vcd", 3458: 

*Error* Syntax error at b1000
"axi_interconnect_wrap_4x2_tb.vcd", 3459: 

*Error* Syntax error at 1
"axi_interconnect_wrap_4x2_tb.vcd", 3460: 

*Error* Syntax error at 1
"axi_interconnect_wrap_4x2_tb.vcd", 3461: 

*Error* Syntax error at 1
"axi_interconnect_wrap_4x2_tb.vcd", 3462: 

*Error* Syntax error at b00110010
"axi_interconnect_wrap_4x2_tb.vcd", 3463: 

*Error* Syntax error at b00110010
"axi_interconnect_wrap_4x2_tb.vcd", 3464: 

*Error* Syntax error at b00110010001100100011001000110010
"axi_interconnect_wrap_4x2_tb.vcd", 3465: 

*Error* Syntax error at b00110010
"axi_interconnect_wrap_4x2_tb.vcd", 3466: 

*Error* Syntax error at 0
"axi_interconnect_wrap_4x2_tb.vcd", 3467: 

*Error* Syntax error at 0
"axi_interconnect_wrap_4x2_tb.vcd", 3468: 

*Error* Syntax error at b10
"axi_interconnect_wrap_4x2_tb.vcd", 3469: 

*Error* usage of using constructs outside of modules or primitives is supported only if the option '-sv' is specified
"axi_interconnect_wrap_4x2_tb.vcd", 3470: 

*Error* Syntax error at #
"axi_interconnect_wrap_4x2_tb.vcd", 3470: 

*Error* Syntax error at 0
"axi_interconnect_wrap_4x2_tb.vcd", 3471: 

*Error* usage of using constructs outside of modules or primitives is supported only if the option '-sv' is specified
"axi_interconnect_wrap_4x2_tb.vcd", 3472: 

*Error* Syntax error at #
"axi_interconnect_wrap_4x2_tb.vcd", 3472: 

*Error* Syntax error at 1
"axi_interconnect_wrap_4x2_tb.vcd", 3473: 

*Error* Syntax error at b00000000
"axi_interconnect_wrap_4x2_tb.vcd", 3474: 

*Error* Syntax error at b00000000
"axi_interconnect_wrap_4x2_tb.vcd", 3475: 

*Error* Syntax error at 0
"axi_interconnect_wrap_4x2_tb.vcd", 3476: 

*Error* Syntax error at 0
"axi_interconnect_wrap_4x2_tb.vcd", 3477: 

*Error* Syntax error at 0
"axi_interconnect_wrap_4x2_tb.vcd", 3478: 

*Error* Syntax error at b0000
"axi_interconnect_wrap_4x2_tb.vcd", 3479: 

*Error* Syntax error at b1111111011011100101110101001100001110110010101000011001000010000
"axi_interconnect_wrap_4x2_tb.vcd", 3480: 

*Error* Syntax error at 1
"axi_interconnect_wrap_4x2_tb.vcd", 3481: 

*Error* Syntax error at 1
"axi_interconnect_wrap_4x2_tb.vcd", 3482: 

*Error* Syntax error at b00000000000000000000000001011111
"axi_interconnect_wrap_4x2_tb.vcd", 3483: 

*Error* Syntax error at b111
"axi_interconnect_wrap_4x2_tb.vcd", 3484: 

*Error* Syntax error at b10000000
"axi_interconnect_wrap_4x2_tb.vcd", 3485: 

*Error* Syntax error at b1111111011011100101110101001100001110110010101000011001000010000111011101110111011111111111111110000000000000000000100010001000101010101010101010110011001100110011101110111011110001000100010001100101011111110101110101011111010101011110011011110111100000001
"axi_interconnect_wrap_4x2_tb.vcd", 3486: 

*Error* Syntax error at b1111111011011100101110101001100001110110010101000011001000010000
"axi_interconnect_wrap_4x2_tb.vcd", 3487: 

*Error* Syntax error at b1000
"axi_interconnect_wrap_4x2_tb.vcd", 3488: 

*Error* Syntax error at 1
"axi_interconnect_wrap_4x2_tb.vcd", 3489: 

*Error* Syntax error at b011
"axi_interconnect_wrap_4x2_tb.vcd", 3490: 

*Error* Syntax error at b0000
"axi_interconnect_wrap_4x2_tb.vcd", 3491: 

*Error* Syntax error at b10
"axi_interconnect_wrap_4x2_tb.vcd", 3492: 

*Error* Syntax error at b1111111011011100101110101001100001110110010101000011001000010000
"axi_interconnect_wrap_4x2_tb.vcd", 3493: 

*Error* Syntax error at 1
"axi_interconnect_wrap_4x2_tb.vcd", 3494: 

*Error* Syntax error at 1
"axi_interconnect_wrap_4x2_tb.vcd", 3495: 

*Error* Syntax error at b1000
"axi_interconnect_wrap_4x2_tb.vcd", 3496: 

*Error* Syntax error at 1
"axi_interconnect_wrap_4x2_tb.vcd", 3497: 

*Error* Syntax error at b10
"axi_interconnect_wrap_4x2_tb.vcd", 3498: 

*Error* Syntax error at b10
"axi_interconnect_wrap_4x2_tb.vcd", 3499: 

*Error* Syntax error at 1
"axi_interconnect_wrap_4x2_tb.vcd", 3500: 

*Error* Syntax error at 1
"axi_interconnect_wrap_4x2_tb.vcd", 3501: 

*Error* Syntax error at 0
"axi_interconnect_wrap_4x2_tb.vcd", 3502: 

*Error* Syntax error at b00
"axi_interconnect_wrap_4x2_tb.vcd", 3503: 

*Error* usage of using constructs outside of modules or primitives is supported only if the option '-sv' is specified
"axi_interconnect_wrap_4x2_tb.vcd", 3504: 

*Error* Syntax error at #
"axi_interconnect_wrap_4x2_tb.vcd", 3504: 

*Error* Syntax error at 0
"axi_interconnect_wrap_4x2_tb.vcd", 3505: 

*Error* usage of using constructs outside of modules or primitives is supported only if the option '-sv' is specified
"axi_interconnect_wrap_4x2_tb.vcd", 3506: 

*Error* Syntax error at #
"axi_interconnect_wrap_4x2_tb.vcd", 3506: 

*Error* Syntax error at 1
"axi_interconnect_wrap_4x2_tb.vcd", 3507: 

*Error* Syntax error at 0
"axi_interconnect_wrap_4x2_tb.vcd", 3508: 

*Error* Syntax error at 0
"axi_interconnect_wrap_4x2_tb.vcd", 3509: 

*Error* Syntax error at b00000000000000000000000001100000
"axi_interconnect_wrap_4x2_tb.vcd", 3510: 

*Error* Syntax error at b0000
"axi_interconnect_wrap_4x2_tb.vcd", 3511: 

*Error* Syntax error at 0
"axi_interconnect_wrap_4x2_tb.vcd", 3512: 

*Error* Syntax error at b010
"axi_interconnect_wrap_4x2_tb.vcd", 3513: 

*Error* Syntax error at b1000
"axi_interconnect_wrap_4x2_tb.vcd", 3514: 

*Error* Syntax error at b00
"axi_interconnect_wrap_4x2_tb.vcd", 3515: 

*Error* Syntax error at 0
"axi_interconnect_wrap_4x2_tb.vcd", 3516: 

*Error* Syntax error at 0
"axi_interconnect_wrap_4x2_tb.vcd", 3517: 

*Error* Syntax error at b0000
"axi_interconnect_wrap_4x2_tb.vcd", 3518: 

*Error* Syntax error at 0
"axi_interconnect_wrap_4x2_tb.vcd", 3519: 

*Error* Syntax error at b00
"axi_interconnect_wrap_4x2_tb.vcd", 3520: 

*Error* Syntax error at 0
"axi_interconnect_wrap_4x2_tb.vcd", 3521: 

*Error* Syntax error at b01
"axi_interconnect_wrap_4x2_tb.vcd", 3522: 

*Error* Syntax error at 0
"axi_interconnect_wrap_4x2_tb.vcd", 3523: 

*Error* Syntax error at 1
"axi_interconnect_wrap_4x2_tb.vcd", 3524: 

*Error* Syntax error at b10
"axi_interconnect_wrap_4x2_tb.vcd", 3525: 

*Error* Syntax error at b10
"axi_interconnect_wrap_4x2_tb.vcd", 3526: 

*Error* Syntax error at b011
"axi_interconnect_wrap_4x2_tb.vcd", 3527: 

*Error* Syntax error at b0000
"axi_interconnect_wrap_4x2_tb.vcd", 3528: 

*Error* Syntax error at 0
"axi_interconnect_wrap_4x2_tb.vcd", 3529: 

*Error* Syntax error at 0
"axi_interconnect_wrap_4x2_tb.vcd", 3530: 

*Error* Syntax error at b00
"axi_interconnect_wrap_4x2_tb.vcd", 3531: 

*Error* Syntax error at 0
"axi_interconnect_wrap_4x2_tb.vcd", 3532: 

*Error* Syntax error at 0
"axi_interconnect_wrap_4x2_tb.vcd", 3533: 

*Error* Syntax error at b10
"axi_interconnect_wrap_4x2_tb.vcd", 3534: 

*Error* Syntax error at 1
"axi_interconnect_wrap_4x2_tb.vcd", 3535: 

*Error* Syntax error at 1
"axi_interconnect_wrap_4x2_tb.vcd", 3536: 

*Error* Syntax error at b10
"axi_interconnect_wrap_4x2_tb.vcd", 3537: 

*Error* Syntax error at 1
"axi_interconnect_wrap_4x2_tb.vcd", 3538: 

*Error* Syntax error at 1
"axi_interconnect_wrap_4x2_tb.vcd", 3539: 

*Error* Syntax error at b1111111011011100101110101001100001110110010101000011001000010000
"axi_interconnect_wrap_4x2_tb.vcd", 3540: 

*Error* Syntax error at b1111111011011100101110101001100001110110010101000011001000010000
"axi_interconnect_wrap_4x2_tb.vcd", 3541: 

*Error* Syntax error at b1111111011011100101110101001100001110110010101000011001000010000
"axi_interconnect_wrap_4x2_tb.vcd", 3542: 

*Error* Syntax error at b11111110110111001011101010011000011101100101010000110010000100001111111011011100101110101001100001110110010101000011001000010000
"axi_interconnect_wrap_4x2_tb.vcd", 3543: 

*Error* Syntax error at 1
"axi_interconnect_wrap_4x2_tb.vcd", 3544: 

*Error* Syntax error at 1
"axi_interconnect_wrap_4x2_tb.vcd", 3545: 

*Error* Syntax error at 1
"axi_interconnect_wrap_4x2_tb.vcd", 3546: 

*Error* Syntax error at b11
"axi_interconnect_wrap_4x2_tb.vcd", 3547: 

*Error* Syntax error at b011
"axi_interconnect_wrap_4x2_tb.vcd", 3548: 

*Error* Syntax error at b0000
"axi_interconnect_wrap_4x2_tb.vcd", 3549: 

*Error* Syntax error at b10
"axi_interconnect_wrap_4x2_tb.vcd", 3550: 

*Error* Syntax error at 1
"axi_interconnect_wrap_4x2_tb.vcd", 3551: 

*Error* usage of using constructs outside of modules or primitives is supported only if the option '-sv' is specified
"axi_interconnect_wrap_4x2_tb.vcd", 3552: 

*Error* Syntax error at #
"axi_interconnect_wrap_4x2_tb.vcd", 3552: 

*Error* Syntax error at 0
"axi_interconnect_wrap_4x2_tb.vcd", 3553: 

*Error* usage of using constructs outside of modules or primitives is supported only if the option '-sv' is specified
"axi_interconnect_wrap_4x2_tb.vcd", 3554: 

*Error* Syntax error at #
"axi_interconnect_wrap_4x2_tb.vcd", 3554: 

*Error* Syntax error at 1
"axi_interconnect_wrap_4x2_tb.vcd", 3555: 

*Error* Syntax error at b00000000000000000000000001100001
"axi_interconnect_wrap_4x2_tb.vcd", 3556: 

*Error* Syntax error at 0
"axi_interconnect_wrap_4x2_tb.vcd", 3557: 

*Error* Syntax error at b00
"axi_interconnect_wrap_4x2_tb.vcd", 3558: 

*Error* Syntax error at 1
"axi_interconnect_wrap_4x2_tb.vcd", 3559: 

*Error* Syntax error at b10
"axi_interconnect_wrap_4x2_tb.vcd", 3560: 

*Error* Syntax error at b11
"axi_interconnect_wrap_4x2_tb.vcd", 3561: 

*Error* Syntax error at b00
"axi_interconnect_wrap_4x2_tb.vcd", 3562: 

*Error* Syntax error at 0
"axi_interconnect_wrap_4x2_tb.vcd", 3563: 

*Error* Syntax error at 0
"axi_interconnect_wrap_4x2_tb.vcd", 3564: 

*Error* Syntax error at 0
"axi_interconnect_wrap_4x2_tb.vcd", 3565: 

*Error* Syntax error at 0
"axi_interconnect_wrap_4x2_tb.vcd", 3566: 

*Error* Syntax error at 0
"axi_interconnect_wrap_4x2_tb.vcd", 3567: 

*Error* Syntax error at b00
"axi_interconnect_wrap_4x2_tb.vcd", 3568: 

*Error* Syntax error at 0
"axi_interconnect_wrap_4x2_tb.vcd", 3569: 

*Error* Syntax error at 1
"axi_interconnect_wrap_4x2_tb.vcd", 3570: 

*Error* Syntax error at b111
"axi_interconnect_wrap_4x2_tb.vcd", 3571: 

*Error* Syntax error at b1000
"axi_interconnect_wrap_4x2_tb.vcd", 3572: 

*Error* Syntax error at b00
"axi_interconnect_wrap_4x2_tb.vcd", 3573: 

*Error* usage of using constructs outside of modules or primitives is supported only if the option '-sv' is specified
"axi_interconnect_wrap_4x2_tb.vcd", 3574: 

*Error* Syntax error at #
"axi_interconnect_wrap_4x2_tb.vcd", 3574: 

*Error* Syntax error at 0
"axi_interconnect_wrap_4x2_tb.vcd", 3575: 

*Error* usage of using constructs outside of modules or primitives is supported only if the option '-sv' is specified
"axi_interconnect_wrap_4x2_tb.vcd", 3576: 

*Error* Syntax error at #
"axi_interconnect_wrap_4x2_tb.vcd", 3576: 

*Error* Syntax error at 1
"axi_interconnect_wrap_4x2_tb.vcd", 3577: 

*Error* Syntax error at b00000000000000000000000001100010
"axi_interconnect_wrap_4x2_tb.vcd", 3578: 

*Error* Syntax error at 0
"axi_interconnect_wrap_4x2_tb.vcd", 3579: 

*Error* Syntax error at b00
"axi_interconnect_wrap_4x2_tb.vcd", 3580: 

*Error* Syntax error at 1
"axi_interconnect_wrap_4x2_tb.vcd", 3581: 

*Error* Syntax error at b11
"axi_interconnect_wrap_4x2_tb.vcd", 3582: 

*Error* Syntax error at 1
"axi_interconnect_wrap_4x2_tb.vcd", 3583: 

*Error* Syntax error at b01
"axi_interconnect_wrap_4x2_tb.vcd", 3584: 

*Error* Syntax error at b111
"axi_interconnect_wrap_4x2_tb.vcd", 3585: 

*Error* Syntax error at b1000
"axi_interconnect_wrap_4x2_tb.vcd", 3586: 

*Error* Syntax error at 1
"axi_interconnect_wrap_4x2_tb.vcd", 3587: 

*Error* Syntax error at 1
"axi_interconnect_wrap_4x2_tb.vcd", 3588: 

*Error* Syntax error at b00
"axi_interconnect_wrap_4x2_tb.vcd", 3589: 

*Error* Syntax error at 0
"axi_interconnect_wrap_4x2_tb.vcd", 3590: 

*Error* Syntax error at 0
"axi_interconnect_wrap_4x2_tb.vcd", 3591: 

*Error* Syntax error at 0
"axi_interconnect_wrap_4x2_tb.vcd", 3592: 

*Error* Syntax error at b0000
"axi_interconnect_wrap_4x2_tb.vcd", 3593: 

*Error* Syntax error at b01000000
"axi_interconnect_wrap_4x2_tb.vcd", 3594: 

*Error* Syntax error at b000
"axi_interconnect_wrap_4x2_tb.vcd", 3595: 

*Error* Syntax error at b00000000
"axi_interconnect_wrap_4x2_tb.vcd", 3596: 

*Error* Syntax error at 0
"axi_interconnect_wrap_4x2_tb.vcd", 3597: 

*Error* Syntax error at b000
"axi_interconnect_wrap_4x2_tb.vcd", 3598: 

*Error* usage of using constructs outside of modules or primitives is supported only if the option '-sv' is specified
"axi_interconnect_wrap_4x2_tb.vcd", 3599: 

*Error* Syntax error at #
"axi_interconnect_wrap_4x2_tb.vcd", 3599: 

*Error* Syntax error at 0
"axi_interconnect_wrap_4x2_tb.vcd", 3600: 

*Error* usage of using constructs outside of modules or primitives is supported only if the option '-sv' is specified
"axi_interconnect_wrap_4x2_tb.vcd", 3601: 

*Error* Syntax error at #
"axi_interconnect_wrap_4x2_tb.vcd", 3601: 

*Error* Syntax error at 1
"axi_interconnect_wrap_4x2_tb.vcd", 3602: 

*Error* Syntax error at b00000000000000000000000001100011
"axi_interconnect_wrap_4x2_tb.vcd", 3603: 

*Error* Syntax error at b000
"axi_interconnect_wrap_4x2_tb.vcd", 3604: 

*Error* Syntax error at b0000
"axi_interconnect_wrap_4x2_tb.vcd", 3605: 

*Error* Syntax error at 0
"axi_interconnect_wrap_4x2_tb.vcd", 3606: 

*Error* Syntax error at 0
"axi_interconnect_wrap_4x2_tb.vcd", 3607: 

*Error* Syntax error at b00000000
"axi_interconnect_wrap_4x2_tb.vcd", 3608: 

*Error* Syntax error at 0
"axi_interconnect_wrap_4x2_tb.vcd", 3609: 

*Error* Syntax error at b000
"axi_interconnect_wrap_4x2_tb.vcd", 3610: 

*Error* Syntax error at b00000010
"axi_interconnect_wrap_4x2_tb.vcd", 3611: 

*Error* Syntax error at b01000000000000000000001000000000
"axi_interconnect_wrap_4x2_tb.vcd", 3612: 

*Error* Syntax error at b1100101011111110101110101011111010101011110011011110111100000001
"axi_interconnect_wrap_4x2_tb.vcd", 3613: 

*Error* Syntax error at b00
"axi_interconnect_wrap_4x2_tb.vcd", 3614: 

*Error* Syntax error at b1100101011111110101110101011111010101011110011011110111100000001
"axi_interconnect_wrap_4x2_tb.vcd", 3615: 

*Error* Syntax error at b00000000
"axi_interconnect_wrap_4x2_tb.vcd", 3616: 

*Error* usage of using constructs outside of modules or primitives is supported only if the option '-sv' is specified
"axi_interconnect_wrap_4x2_tb.vcd", 3617: 

*Error* Syntax error at #
"axi_interconnect_wrap_4x2_tb.vcd", 3617: 

*Error* Syntax error at 0
"axi_interconnect_wrap_4x2_tb.vcd", 3618: 

*Error* usage of using constructs outside of modules or primitives is supported only if the option '-sv' is specified
"axi_interconnect_wrap_4x2_tb.vcd", 3619: 

*Error* Syntax error at #
"axi_interconnect_wrap_4x2_tb.vcd", 3619: 

*Error* Syntax error at 1
"axi_interconnect_wrap_4x2_tb.vcd", 3620: 

*Error* Syntax error at b00000000000000000000000000001001
"axi_interconnect_wrap_4x2_tb.vcd", 3621: 

*Error* Syntax error at b00000000000000000000000001100100
"axi_interconnect_wrap_4x2_tb.vcd", 3622: 

*Error* Syntax error at b1100101011111110101110101011111010101011110011011110111100000001
"axi_interconnect_wrap_4x2_tb.vcd", 3623: 

*Error* Syntax error at b1100101011111110101110101011111010101011110011011110111100000001
"axi_interconnect_wrap_4x2_tb.vcd", 3624: 

*Error* Syntax error at b1100101011111110101110101011111010101011110011011110111100000001
"axi_interconnect_wrap_4x2_tb.vcd", 3625: 

*Error* Syntax error at b11001010111111101011101010111110101010111100110111101111000000011100101011111110101110101011111010101011110011011110111100000001
"axi_interconnect_wrap_4x2_tb.vcd", 3626: 

*Error* usage of using constructs outside of modules or primitives is supported only if the option '-sv' is specified
"axi_interconnect_wrap_4x2_tb.vcd", 3627: 

*Error* Syntax error at #
"axi_interconnect_wrap_4x2_tb.vcd", 3627: 

*Error* Syntax error at 0
"axi_interconnect_wrap_4x2_tb.vcd", 3628: 

*Error* usage of using constructs outside of modules or primitives is supported only if the option '-sv' is specified
"axi_interconnect_wrap_4x2_tb.vcd", 3629: 

*Error* Syntax error at #
"axi_interconnect_wrap_4x2_tb.vcd", 3629: 

*Error* Syntax error at 1
"axi_interconnect_wrap_4x2_tb.vcd", 3630: 

*Error* Syntax error at b01000001
"axi_interconnect_wrap_4x2_tb.vcd", 3631: 

*Error* Syntax error at b00000000000000000001000000000000
"axi_interconnect_wrap_4x2_tb.vcd", 3632: 

*Error* Syntax error at b00000010
"axi_interconnect_wrap_4x2_tb.vcd", 3633: 

*Error* Syntax error at b00000010
"axi_interconnect_wrap_4x2_tb.vcd", 3634: 

*Error* Syntax error at 1
"axi_interconnect_wrap_4x2_tb.vcd", 3635: 

*Error* Syntax error at 1
"axi_interconnect_wrap_4x2_tb.vcd", 3636: 

*Error* Syntax error at 1
"axi_interconnect_wrap_4x2_tb.vcd", 3637: 

*Error* Syntax error at b0001
"axi_interconnect_wrap_4x2_tb.vcd", 3638: 

*Error* Syntax error at b00000000000000000000000001100101
"axi_interconnect_wrap_4x2_tb.vcd", 3639: 

*Error* Syntax error at b00000000000000000000000001000001
"axi_interconnect_wrap_4x2_tb.vcd", 3640: 

*Error* Syntax error at b01000001
"axi_interconnect_wrap_4x2_tb.vcd", 3641: 

*Error* Syntax error at b00000000000000000000000000000000000000000000000000000000000000000000000000000000000000000000000000000000000000000001000000000000
"axi_interconnect_wrap_4x2_tb.vcd", 3642: 

*Error* Syntax error at b00000000000000000001000000000000
"axi_interconnect_wrap_4x2_tb.vcd", 3643: 

*Error* Syntax error at b001
"axi_interconnect_wrap_4x2_tb.vcd", 3644: 

*Error* Syntax error at b00000010
"axi_interconnect_wrap_4x2_tb.vcd", 3645: 

*Error* Syntax error at b00000010
"axi_interconnect_wrap_4x2_tb.vcd", 3646: 

*Error* Syntax error at 1
"axi_interconnect_wrap_4x2_tb.vcd", 3647: 

*Error* Syntax error at b001
"axi_interconnect_wrap_4x2_tb.vcd", 3648: 

*Error* Syntax error at b11111100
"axi_interconnect_wrap_4x2_tb.vcd", 3649: 

*Error* usage of using constructs outside of modules or primitives is supported only if the option '-sv' is specified
"axi_interconnect_wrap_4x2_tb.vcd", 3650: 

*Error* Syntax error at #
"axi_interconnect_wrap_4x2_tb.vcd", 3650: 

*Error* Syntax error at 0
"axi_interconnect_wrap_4x2_tb.vcd", 3651: 

*Error* usage of using constructs outside of modules or primitives is supported only if the option '-sv' is specified
"axi_interconnect_wrap_4x2_tb.vcd", 3652: 

*Error* Syntax error at #
"axi_interconnect_wrap_4x2_tb.vcd", 3652: 

*Error* Syntax error at 1
"axi_interconnect_wrap_4x2_tb.vcd", 3653: 

*Error* Syntax error at b00000000000000000000000001100110
"axi_interconnect_wrap_4x2_tb.vcd", 3654: 

*Error* Syntax error at b00000010
"axi_interconnect_wrap_4x2_tb.vcd", 3655: 

*Error* Syntax error at 1
"axi_interconnect_wrap_4x2_tb.vcd", 3656: 

*Error* Syntax error at b001
"axi_interconnect_wrap_4x2_tb.vcd", 3657: 

*Error* Syntax error at 1
"axi_interconnect_wrap_4x2_tb.vcd", 3658: 

*Error* Syntax error at b11111100
"axi_interconnect_wrap_4x2_tb.vcd", 3659: 

*Error* Syntax error at b001
"axi_interconnect_wrap_4x2_tb.vcd", 3660: 

*Error* Syntax error at b01000001
"axi_interconnect_wrap_4x2_tb.vcd", 3661: 

*Error* Syntax error at b00000000000000000001000000000000
"axi_interconnect_wrap_4x2_tb.vcd", 3662: 

*Error* Syntax error at 1
"axi_interconnect_wrap_4x2_tb.vcd", 3663: 

*Error* Syntax error at b0001
"axi_interconnect_wrap_4x2_tb.vcd", 3664: 

*Error* usage of using constructs outside of modules or primitives is supported only if the option '-sv' is specified
"axi_interconnect_wrap_4x2_tb.vcd", 3665: 

*Error* Syntax error at #
"axi_interconnect_wrap_4x2_tb.vcd", 3665: 

*Error* Syntax error at 0
"axi_interconnect_wrap_4x2_tb.vcd", 3666: 

*Error* usage of using constructs outside of modules or primitives is supported only if the option '-sv' is specified
"axi_interconnect_wrap_4x2_tb.vcd", 3667: 

*Error* Syntax error at #
"axi_interconnect_wrap_4x2_tb.vcd", 3667: 

*Error* Syntax error at 1
"axi_interconnect_wrap_4x2_tb.vcd", 3668: 

*Error* Syntax error at b00000000000000000000000001100111
"axi_interconnect_wrap_4x2_tb.vcd", 3669: 

*Error* Syntax error at b001
"axi_interconnect_wrap_4x2_tb.vcd", 3670: 

*Error* Syntax error at b0001
"axi_interconnect_wrap_4x2_tb.vcd", 3671: 

*Error* Syntax error at 1
"axi_interconnect_wrap_4x2_tb.vcd", 3672: 

*Error* Syntax error at 1E
"axi_interconnect_wrap_4x2_tb.vcd", 3673: 

*Error* Syntax error at b01000001
"axi_interconnect_wrap_4x2_tb.vcd", 3674: 

*Error* Syntax error at b01000001
"axi_interconnect_wrap_4x2_tb.vcd", 3675: 

*Error* Syntax error at b01000001010000010100000101000001
"axi_interconnect_wrap_4x2_tb.vcd", 3676: 

*Error* Syntax error at b01000001
"axi_interconnect_wrap_4x2_tb.vcd", 3677: 

*Error* Syntax error at b00000000000000000001000000000000
"axi_interconnect_wrap_4x2_tb.vcd", 3678: 

*Error* Syntax error at b00000000000000000001000000000000
"axi_interconnect_wrap_4x2_tb.vcd", 3679: 

*Error* Syntax error at b0000000000000000000100000000000000000000000000000001000000000000
"axi_interconnect_wrap_4x2_tb.vcd", 3680: 

*Error* Syntax error at b00000000000000000001000000000000
"axi_interconnect_wrap_4x2_tb.vcd", 3681: 

*Error* Syntax error at b00000000000000000001000000000000
"axi_interconnect_wrap_4x2_tb.vcd", 3682: 

*Error* Syntax error at 1
"axi_interconnect_wrap_4x2_tb.vcd", 3683: 

*Error* Syntax error at b101
"axi_interconnect_wrap_4x2_tb.vcd", 3684: 

*Error* Syntax error at 1
"axi_interconnect_wrap_4x2_tb.vcd", 3685: 

*Error* Syntax error at 0
"axi_interconnect_wrap_4x2_tb.vcd", 3686: 

*Error* Syntax error at b0000
"axi_interconnect_wrap_4x2_tb.vcd", 3687: 

*Error* Syntax error at b10
"axi_interconnect_wrap_4x2_tb.vcd", 3688: 

*Error* Syntax error at b01000001
"axi_interconnect_wrap_4x2_tb.vcd", 3689: 

*Error* usage of using constructs outside of modules or primitives is supported only if the option '-sv' is specified
"axi_interconnect_wrap_4x2_tb.vcd", 3690: 

*Error* Syntax error at #
"axi_interconnect_wrap_4x2_tb.vcd", 3690: 

*Error* Syntax error at 0
"axi_interconnect_wrap_4x2_tb.vcd", 3691: 

*Error* usage of using constructs outside of modules or primitives is supported only if the option '-sv' is specified
"axi_interconnect_wrap_4x2_tb.vcd", 3692: 

*Error* Syntax error at #
"axi_interconnect_wrap_4x2_tb.vcd", 3692: 

*Error* Syntax error at 1
"axi_interconnect_wrap_4x2_tb.vcd", 3693: 

*Error* Syntax error at b00000000000000000000000001101000
"axi_interconnect_wrap_4x2_tb.vcd", 3694: 

*Error* Syntax error at b101
"axi_interconnect_wrap_4x2_tb.vcd", 3695: 

*Error* Syntax error at b0000
"axi_interconnect_wrap_4x2_tb.vcd", 3696: 

*Error* Syntax error at 0
"axi_interconnect_wrap_4x2_tb.vcd", 3697: 

*Error* Syntax error at 0E
"axi_interconnect_wrap_4x2_tb.vcd", 3698: 

*Error* Syntax error at b10
"axi_interconnect_wrap_4x2_tb.vcd", 3699: 

*Error* Syntax error at 1
"axi_interconnect_wrap_4x2_tb.vcd", 3700: 

*Error* Syntax error at 1
"axi_interconnect_wrap_4x2_tb.vcd", 3701: 

*Error* Syntax error at 0
"axi_interconnect_wrap_4x2_tb.vcd", 3702: 

*Error* Syntax error at 0
"axi_interconnect_wrap_4x2_tb.vcd", 3703: 

*Error* Syntax error at b01000001
"axi_interconnect_wrap_4x2_tb.vcd", 3704: 

*Error* Syntax error at b01000001
"axi_interconnect_wrap_4x2_tb.vcd", 3705: 

*Error* Syntax error at b01000001010000010100000101000001
"axi_interconnect_wrap_4x2_tb.vcd", 3706: 

*Error* Syntax error at b01000001
"axi_interconnect_wrap_4x2_tb.vcd", 3707: 

*Error* Syntax error at 0
"axi_interconnect_wrap_4x2_tb.vcd", 3708: 

*Error* Syntax error at 0
"axi_interconnect_wrap_4x2_tb.vcd", 3709: 

*Error* Syntax error at b01
"axi_interconnect_wrap_4x2_tb.vcd", 3710: 

*Error* Syntax error at b01
"axi_interconnect_wrap_4x2_tb.vcd", 3711: 

*Error* usage of using constructs outside of modules or primitives is supported only if the option '-sv' is specified
"axi_interconnect_wrap_4x2_tb.vcd", 3712: 

*Error* Syntax error at #
"axi_interconnect_wrap_4x2_tb.vcd", 3712: 

*Error* Syntax error at 0
"axi_interconnect_wrap_4x2_tb.vcd", 3713: 

*Error* usage of using constructs outside of modules or primitives is supported only if the option '-sv' is specified
"axi_interconnect_wrap_4x2_tb.vcd", 3714: 

*Error* Syntax error at #
"axi_interconnect_wrap_4x2_tb.vcd", 3714: 

*Error* Syntax error at 1
"axi_interconnect_wrap_4x2_tb.vcd", 3715: 

*Error* Syntax error at b00000000
"axi_interconnect_wrap_4x2_tb.vcd", 3716: 

*Error* Syntax error at b00000000
"axi_interconnect_wrap_4x2_tb.vcd", 3717: 

*Error* Syntax error at 0
"axi_interconnect_wrap_4x2_tb.vcd", 3718: 

*Error* Syntax error at 0
"axi_interconnect_wrap_4x2_tb.vcd", 3719: 

*Error* Syntax error at 0
"axi_interconnect_wrap_4x2_tb.vcd", 3720: 

*Error* Syntax error at b0000
"axi_interconnect_wrap_4x2_tb.vcd", 3721: 

*Error* Syntax error at b00000000000000000000000001101001
"axi_interconnect_wrap_4x2_tb.vcd", 3722: 

*Error* Syntax error at b111
"axi_interconnect_wrap_4x2_tb.vcd", 3723: 

*Error* Syntax error at b10000000
"axi_interconnect_wrap_4x2_tb.vcd", 3724: 

*Error* Syntax error at b01
"axi_interconnect_wrap_4x2_tb.vcd", 3725: 

*Error* Syntax error at 1
"axi_interconnect_wrap_4x2_tb.vcd", 3726: 

*Error* Syntax error at 1
"axi_interconnect_wrap_4x2_tb.vcd", 3727: 

*Error* Syntax error at b01
"axi_interconnect_wrap_4x2_tb.vcd", 3728: 

*Error* Syntax error at 0
"axi_interconnect_wrap_4x2_tb.vcd", 3729: 

*Error* Syntax error at 1
"axi_interconnect_wrap_4x2_tb.vcd", 3730: 

*Error* Syntax error at 1
"axi_interconnect_wrap_4x2_tb.vcd", 3731: 

*Error* Syntax error at 0
"axi_interconnect_wrap_4x2_tb.vcd", 3732: 

*Error* Syntax error at b00
"axi_interconnect_wrap_4x2_tb.vcd", 3733: 

*Error* usage of using constructs outside of modules or primitives is supported only if the option '-sv' is specified
"axi_interconnect_wrap_4x2_tb.vcd", 3734: 

*Error* Syntax error at #
"axi_interconnect_wrap_4x2_tb.vcd", 3734: 

*Error* Syntax error at 0
"axi_interconnect_wrap_4x2_tb.vcd", 3735: 

*Error* usage of using constructs outside of modules or primitives is supported only if the option '-sv' is specified
"axi_interconnect_wrap_4x2_tb.vcd", 3736: 

*Error* Syntax error at #
"axi_interconnect_wrap_4x2_tb.vcd", 3736: 

*Error* Syntax error at 1
"axi_interconnect_wrap_4x2_tb.vcd", 3737: 

*Error* Syntax error at b00000000000000000000000001101010
"axi_interconnect_wrap_4x2_tb.vcd", 3738: 

*Error* Syntax error at b00000000
"axi_interconnect_wrap_4x2_tb.vcd", 3739: 

*Error* Syntax error at b00000000
"axi_interconnect_wrap_4x2_tb.vcd", 3740: 

*Error* Syntax error at b00000000000000000001000000000000
"axi_interconnect_wrap_4x2_tb.vcd", 3741: 

*Error* Syntax error at 0
"axi_interconnect_wrap_4x2_tb.vcd", 3742: 

*Error* Syntax error at b10
"axi_interconnect_wrap_4x2_tb.vcd", 3743: 

*Error* Syntax error at 0
"axi_interconnect_wrap_4x2_tb.vcd", 3744: 

*Error* Syntax error at 1
"axi_interconnect_wrap_4x2_tb.vcd", 3745: 

*Error* Syntax error at b01
"axi_interconnect_wrap_4x2_tb.vcd", 3746: 

*Error* Syntax error at b0000000000000000000000000000000010100101101001010001000000000000
"axi_interconnect_wrap_4x2_tb.vcd", 3747: 

*Error* Syntax error at b00000000000000000000000000000000000000000000000000000000000000000000000000000000000000000000000010100101101001010001000000000000
"axi_interconnect_wrap_4x2_tb.vcd", 3748: 

*Error* Syntax error at 1
"axi_interconnect_wrap_4x2_tb.vcd", 3749: 

*Error* Syntax error at b01
"axi_interconnect_wrap_4x2_tb.vcd", 3750: 

*Error* Syntax error at b10
"axi_interconnect_wrap_4x2_tb.vcd", 3751: 

*Error* Syntax error at b00
"axi_interconnect_wrap_4x2_tb.vcd", 3752: 

*Error* Syntax error at 0
"axi_interconnect_wrap_4x2_tb.vcd", 3753: 

*Error* Syntax error at 0
"axi_interconnect_wrap_4x2_tb.vcd", 3754: 

*Error* Syntax error at 1
"axi_interconnect_wrap_4x2_tb.vcd", 3755: 

*Error* Syntax error at b0000000000000000000000000000000010100101101001010001000000000000
"axi_interconnect_wrap_4x2_tb.vcd", 3756: 

*Error* Syntax error at 1
"axi_interconnect_wrap_4x2_tb.vcd", 3757: 

*Error* Syntax error at b111
"axi_interconnect_wrap_4x2_tb.vcd", 3758: 

*Error* Syntax error at b00
"axi_interconnect_wrap_4x2_tb.vcd", 3759: 

*Error* Syntax error at b0000000000000000000000000000000010100101101001010001000000000000
"axi_interconnect_wrap_4x2_tb.vcd", 3760: 

*Error* Syntax error at 1
"axi_interconnect_wrap_4x2_tb.vcd", 3761: 

*Error* Syntax error at 1
"axi_interconnect_wrap_4x2_tb.vcd", 3762: 

*Error* Syntax error at b0001
"axi_interconnect_wrap_4x2_tb.vcd", 3763: 

*Error* usage of using constructs outside of modules or primitives is supported only if the option '-sv' is specified
"axi_interconnect_wrap_4x2_tb.vcd", 3764: 

*Error* Syntax error at #
"axi_interconnect_wrap_4x2_tb.vcd", 3764: 

*Error* Syntax error at 0
"axi_interconnect_wrap_4x2_tb.vcd", 3765: 

*Error* usage of using constructs outside of modules or primitives is supported only if the option '-sv' is specified
"axi_interconnect_wrap_4x2_tb.vcd", 3766: 

*Error* Syntax error at #
"axi_interconnect_wrap_4x2_tb.vcd", 3766: 

*Error* Syntax error at 1
"axi_interconnect_wrap_4x2_tb.vcd", 3767: 

*Error* Syntax error at b00000000000000000000000001101011
"axi_interconnect_wrap_4x2_tb.vcd", 3768: 

*Error* Syntax error at 0
"axi_interconnect_wrap_4x2_tb.vcd", 3769: 

*Error* Syntax error at b00
"axi_interconnect_wrap_4x2_tb.vcd", 3770: 

*Error* Syntax error at 1
"axi_interconnect_wrap_4x2_tb.vcd", 3771: 

*Error* Syntax error at b11
"axi_interconnect_wrap_4x2_tb.vcd", 3772: 

*Error* Syntax error at 1
"axi_interconnect_wrap_4x2_tb.vcd", 3773: 

*Error* Syntax error at b01
"axi_interconnect_wrap_4x2_tb.vcd", 3774: 

*Error* Syntax error at b111
"axi_interconnect_wrap_4x2_tb.vcd", 3775: 

*Error* Syntax error at b00
"axi_interconnect_wrap_4x2_tb.vcd", 3776: 

*Error* Syntax error at 0
"axi_interconnect_wrap_4x2_tb.vcd", 3777: 

*Error* Syntax error at 0
"axi_interconnect_wrap_4x2_tb.vcd", 3778: 

*Error* Syntax error at b0001
"axi_interconnect_wrap_4x2_tb.vcd", 3779: 

*Error* Syntax error at 1
"axi_interconnect_wrap_4x2_tb.vcd", 3780: 

*Error* Syntax error at 1
"axi_interconnect_wrap_4x2_tb.vcd", 3781: 

*Error* Syntax error at b0000000000000000000000000000000010100101101001010001000000000000
"axi_interconnect_wrap_4x2_tb.vcd", 3782: 

*Error* Syntax error at b0000000000000000000000000000000010100101101001010001000000000000
"axi_interconnect_wrap_4x2_tb.vcd", 3783: 

*Error* Syntax error at b0000000000000000000000000000000010100101101001010001000000000000
"axi_interconnect_wrap_4x2_tb.vcd", 3784: 

*Error* Syntax error at b0000000000000000000000000000000010100101101001010001000000000000000000000000000000000000000000001010010110100101000100000000000000000000000000000000000000000000101001011010010100010000000000000000000000000000000000000000000010100101101001010001000000000000
"axi_interconnect_wrap_4x2_tb.vcd", 3785: 

*Error* Syntax error at 1
"axi_interconnect_wrap_4x2_tb.vcd", 3786: 

*Error* Syntax error at 1
"axi_interconnect_wrap_4x2_tb.vcd", 3787: 

*Error* Syntax error at 1
"axi_interconnect_wrap_4x2_tb.vcd", 3788: 

*Error* Syntax error at b1111
"axi_interconnect_wrap_4x2_tb.vcd", 3789: 

*Error* Syntax error at 0
"axi_interconnect_wrap_4x2_tb.vcd", 3790: 

*Error* Syntax error at 0
"axi_interconnect_wrap_4x2_tb.vcd", 3791: 

*Error* Syntax error at b0000
"axi_interconnect_wrap_4x2_tb.vcd", 3792: 

*Error* Syntax error at b00000010
"axi_interconnect_wrap_4x2_tb.vcd", 3793: 

*Error* Syntax error at b000
"axi_interconnect_wrap_4x2_tb.vcd", 3794: 

*Error* Syntax error at b00000000
"axi_interconnect_wrap_4x2_tb.vcd", 3795: 

*Error* Syntax error at 0
"axi_interconnect_wrap_4x2_tb.vcd", 3796: 

*Error* Syntax error at b000
"axi_interconnect_wrap_4x2_tb.vcd", 3797: 

*Error* usage of using constructs outside of modules or primitives is supported only if the option '-sv' is specified
"axi_interconnect_wrap_4x2_tb.vcd", 3798: 

*Error* Syntax error at #
"axi_interconnect_wrap_4x2_tb.vcd", 3798: 

*Error* Syntax error at 0
"axi_interconnect_wrap_4x2_tb.vcd", 3799: 

*Error* usage of using constructs outside of modules or primitives is supported only if the option '-sv' is specified
"axi_interconnect_wrap_4x2_tb.vcd", 3800: 

*Error* Syntax error at #
"axi_interconnect_wrap_4x2_tb.vcd", 3800: 

*Error* Syntax error at 1
"axi_interconnect_wrap_4x2_tb.vcd", 3801: 

*Error* Syntax error at b00000000000000000000000001101100
"axi_interconnect_wrap_4x2_tb.vcd", 3802: 

*Error* Syntax error at b000
"axi_interconnect_wrap_4x2_tb.vcd", 3803: 

*Error* Syntax error at b00000000
"axi_interconnect_wrap_4x2_tb.vcd", 3804: 

*Error* Syntax error at 0
"axi_interconnect_wrap_4x2_tb.vcd", 3805: 

*Error* Syntax error at b000
"axi_interconnect_wrap_4x2_tb.vcd", 3806: 

*Error* Syntax error at 0
"axi_interconnect_wrap_4x2_tb.vcd", 3807: 

*Error* Syntax error at b0000
"axi_interconnect_wrap_4x2_tb.vcd", 3808: 

*Error* Syntax error at 0
"axi_interconnect_wrap_4x2_tb.vcd", 3809: 

*Error* Syntax error at 0
"axi_interconnect_wrap_4x2_tb.vcd", 3810: 

*Error* Syntax error at b00000000
"axi_interconnect_wrap_4x2_tb.vcd", 3811: 

*Error* usage of using constructs outside of modules or primitives is supported only if the option '-sv' is specified
"axi_interconnect_wrap_4x2_tb.vcd", 3812: 

*Error* Syntax error at #
"axi_interconnect_wrap_4x2_tb.vcd", 3812: 

*Error* Syntax error at 0
"axi_interconnect_wrap_4x2_tb.vcd", 3813: 

*Error* usage of using constructs outside of modules or primitives is supported only if the option '-sv' is specified
"axi_interconnect_wrap_4x2_tb.vcd", 3814: 

*Error* Syntax error at #
"axi_interconnect_wrap_4x2_tb.vcd", 3814: 

*Error* Syntax error at 1
"axi_interconnect_wrap_4x2_tb.vcd", 3815: 

*Error* Syntax error at b0000000000000000000000000000000010100101101001010001000000000000
"axi_interconnect_wrap_4x2_tb.vcd", 3816: 

*Error* Syntax error at b00000000000000000000000000001010
"axi_interconnect_wrap_4x2_tb.vcd", 3817: 

*Error* Syntax error at b00000000000000000000000001101101
"axi_interconnect_wrap_4x2_tb.vcd", 3818: 

*Error* usage of using constructs outside of modules or primitives is supported only if the option '-sv' is specified
"axi_interconnect_wrap_4x2_tb.vcd", 3819: 

*Error* Syntax error at #
"axi_interconnect_wrap_4x2_tb.vcd", 3819: 

*Error* Syntax error at 0
"axi_interconnect_wrap_4x2_tb.vcd", 3820: 

*Error* usage of using constructs outside of modules or primitives is supported only if the option '-sv' is specified
"axi_interconnect_wrap_4x2_tb.vcd", 3821: 

*Error* Syntax error at #
"axi_interconnect_wrap_4x2_tb.vcd", 3821: 

*Error* Syntax error at 1
"axi_interconnect_wrap_4x2_tb.vcd", 3822: 

*Error* Syntax error at b01000010
"axi_interconnect_wrap_4x2_tb.vcd", 3823: 

*Error* Syntax error at b01000000000000000001000000000000
"axi_interconnect_wrap_4x2_tb.vcd", 3824: 

*Error* Syntax error at b00000010
"axi_interconnect_wrap_4x2_tb.vcd", 3825: 

*Error* Syntax error at b00000010
"axi_interconnect_wrap_4x2_tb.vcd", 3826: 

*Error* Syntax error at 1
"axi_interconnect_wrap_4x2_tb.vcd", 3827: 

*Error* Syntax error at 1
"axi_interconnect_wrap_4x2_tb.vcd", 3828: 

*Error* Syntax error at 1
"axi_interconnect_wrap_4x2_tb.vcd", 3829: 

*Error* Syntax error at b0001
"axi_interconnect_wrap_4x2_tb.vcd", 3830: 

*Error* Syntax error at b00000000000000000000000001101110
"axi_interconnect_wrap_4x2_tb.vcd", 3831: 

*Error* Syntax error at b00000000000000000000000001000010
"axi_interconnect_wrap_4x2_tb.vcd", 3832: 

*Error* Syntax error at b01000010
"axi_interconnect_wrap_4x2_tb.vcd", 3833: 

*Error* Syntax error at b00000000000000000000000000000000000000000000000000000000000000000000000000000000000000000000000001000000000000000001000000000000
"axi_interconnect_wrap_4x2_tb.vcd", 3834: 

*Error* Syntax error at b01000000000000000001000000000000
"axi_interconnect_wrap_4x2_tb.vcd", 3835: 

*Error* Syntax error at b001
"axi_interconnect_wrap_4x2_tb.vcd", 3836: 

*Error* Syntax error at b00000010
"axi_interconnect_wrap_4x2_tb.vcd", 3837: 

*Error* Syntax error at b00000010
"axi_interconnect_wrap_4x2_tb.vcd", 3838: 

*Error* Syntax error at 1
"axi_interconnect_wrap_4x2_tb.vcd", 3839: 

*Error* Syntax error at b001
"axi_interconnect_wrap_4x2_tb.vcd", 3840: 

*Error* usage of using constructs outside of modules or primitives is supported only if the option '-sv' is specified
"axi_interconnect_wrap_4x2_tb.vcd", 3841: 

*Error* Syntax error at #
"axi_interconnect_wrap_4x2_tb.vcd", 3841: 

*Error* Syntax error at 0
"axi_interconnect_wrap_4x2_tb.vcd", 3842: 

*Error* usage of using constructs outside of modules or primitives is supported only if the option '-sv' is specified
"axi_interconnect_wrap_4x2_tb.vcd", 3843: 

*Error* Syntax error at #
"axi_interconnect_wrap_4x2_tb.vcd", 3843: 

*Error* Syntax error at 1
"axi_interconnect_wrap_4x2_tb.vcd", 3844: 

*Error* Syntax error at b00000000000000000000000001101111
"axi_interconnect_wrap_4x2_tb.vcd", 3845: 

*Error* Syntax error at b00000010
"axi_interconnect_wrap_4x2_tb.vcd", 3846: 

*Error* Syntax error at 1
"axi_interconnect_wrap_4x2_tb.vcd", 3847: 

*Error* Syntax error at b001
"axi_interconnect_wrap_4x2_tb.vcd", 3848: 

*Error* Syntax error at 1
"axi_interconnect_wrap_4x2_tb.vcd", 3849: 

*Error* Syntax error at b001
"axi_interconnect_wrap_4x2_tb.vcd", 3850: 

*Error* Syntax error at b01000010
"axi_interconnect_wrap_4x2_tb.vcd", 3851: 

*Error* Syntax error at b01000000000000000001000000000000
"axi_interconnect_wrap_4x2_tb.vcd", 3852: 

*Error* Syntax error at 1
"axi_interconnect_wrap_4x2_tb.vcd", 3853: 

*Error* Syntax error at b0001
"axi_interconnect_wrap_4x2_tb.vcd", 3854: 

*Error* usage of using constructs outside of modules or primitives is supported only if the option '-sv' is specified
"axi_interconnect_wrap_4x2_tb.vcd", 3855: 

*Error* Syntax error at #
"axi_interconnect_wrap_4x2_tb.vcd", 3855: 

*Error* Syntax error at 0
"axi_interconnect_wrap_4x2_tb.vcd", 3856: 

*Error* usage of using constructs outside of modules or primitives is supported only if the option '-sv' is specified
"axi_interconnect_wrap_4x2_tb.vcd", 3857: 

*Error* Syntax error at #
"axi_interconnect_wrap_4x2_tb.vcd", 3857: 

*Error* Syntax error at 1
"axi_interconnect_wrap_4x2_tb.vcd", 3858: 

*Error* Syntax error at b00000000000000000000000001110000
"axi_interconnect_wrap_4x2_tb.vcd", 3859: 

*Error* Syntax error at b001
"axi_interconnect_wrap_4x2_tb.vcd", 3860: 

*Error* Syntax error at b0001
"axi_interconnect_wrap_4x2_tb.vcd", 3861: 

*Error* Syntax error at 1
"axi_interconnect_wrap_4x2_tb.vcd", 3862: 

*Error* Syntax error at 1E
"axi_interconnect_wrap_4x2_tb.vcd", 3863: 

*Error* Syntax error at b01000010
"axi_interconnect_wrap_4x2_tb.vcd", 3864: 

*Error* Syntax error at b01000010
"axi_interconnect_wrap_4x2_tb.vcd", 3865: 

*Error* Syntax error at b01000010010000100100001001000010
"axi_interconnect_wrap_4x2_tb.vcd", 3866: 

*Error* Syntax error at b01000010
"axi_interconnect_wrap_4x2_tb.vcd", 3867: 

*Error* Syntax error at b01000000000000000001000000000000
"axi_interconnect_wrap_4x2_tb.vcd", 3868: 

*Error* Syntax error at b01000000000000000001000000000000
"axi_interconnect_wrap_4x2_tb.vcd", 3869: 

*Error* Syntax error at b0100000000000000000100000000000001000000000000000001000000000000
"axi_interconnect_wrap_4x2_tb.vcd", 3870: 

*Error* Syntax error at b01000000000000000001000000000000
"axi_interconnect_wrap_4x2_tb.vcd", 3871: 

*Error* Syntax error at b01000000000000000001000000000000
"axi_interconnect_wrap_4x2_tb.vcd", 3872: 

*Error* Syntax error at 1
"axi_interconnect_wrap_4x2_tb.vcd", 3873: 

*Error* Syntax error at b101
"axi_interconnect_wrap_4x2_tb.vcd", 3874: 

*Error* Syntax error at 1
"axi_interconnect_wrap_4x2_tb.vcd", 3875: 

*Error* Syntax error at 1
"axi_interconnect_wrap_4x2_tb.vcd", 3876: 

*Error* Syntax error at b0000
"axi_interconnect_wrap_4x2_tb.vcd", 3877: 

*Error* Syntax error at b01
"axi_interconnect_wrap_4x2_tb.vcd", 3878: 

*Error* Syntax error at b01000010
"axi_interconnect_wrap_4x2_tb.vcd", 3879: 

*Error* usage of using constructs outside of modules or primitives is supported only if the option '-sv' is specified
"axi_interconnect_wrap_4x2_tb.vcd", 3880: 

*Error* Syntax error at #
"axi_interconnect_wrap_4x2_tb.vcd", 3880: 

*Error* Syntax error at 0
"axi_interconnect_wrap_4x2_tb.vcd", 3881: 

*Error* usage of using constructs outside of modules or primitives is supported only if the option '-sv' is specified
"axi_interconnect_wrap_4x2_tb.vcd", 3882: 

*Error* Syntax error at #
"axi_interconnect_wrap_4x2_tb.vcd", 3882: 

*Error* Syntax error at 1
"axi_interconnect_wrap_4x2_tb.vcd", 3883: 

*Error* Syntax error at b00000000000000000000000001110001
"axi_interconnect_wrap_4x2_tb.vcd", 3884: 

*Error* Syntax error at b101
"axi_interconnect_wrap_4x2_tb.vcd", 3885: 

*Error* Syntax error at b0000
"axi_interconnect_wrap_4x2_tb.vcd", 3886: 

*Error* Syntax error at 0
"axi_interconnect_wrap_4x2_tb.vcd", 3887: 

*Error* Syntax error at 0E
"axi_interconnect_wrap_4x2_tb.vcd", 3888: 

*Error* Syntax error at b01
"axi_interconnect_wrap_4x2_tb.vcd", 3889: 

*Error* Syntax error at 1
"axi_interconnect_wrap_4x2_tb.vcd", 3890: 

*Error* Syntax error at 1
"axi_interconnect_wrap_4x2_tb.vcd", 3891: 

*Error* Syntax error at 1
"axi_interconnect_wrap_4x2_tb.vcd", 3892: 

*Error* Syntax error at 0
"axi_interconnect_wrap_4x2_tb.vcd", 3893: 

*Error* Syntax error at b01000010
"axi_interconnect_wrap_4x2_tb.vcd", 3894: 

*Error* Syntax error at b01000010
"axi_interconnect_wrap_4x2_tb.vcd", 3895: 

*Error* Syntax error at b01000010010000100100001001000010
"axi_interconnect_wrap_4x2_tb.vcd", 3896: 

*Error* Syntax error at b01000010
"axi_interconnect_wrap_4x2_tb.vcd", 3897: 

*Error* Syntax error at 0
"axi_interconnect_wrap_4x2_tb.vcd", 3898: 

*Error* Syntax error at 0
"axi_interconnect_wrap_4x2_tb.vcd", 3899: 

*Error* Syntax error at b10
"axi_interconnect_wrap_4x2_tb.vcd", 3900: 

*Error* Syntax error at b10
"axi_interconnect_wrap_4x2_tb.vcd", 3901: 

*Error* Syntax error at b0000000000000000000000000000000000000000000000000000000000000000
"axi_interconnect_wrap_4x2_tb.vcd", 3902: 

*Error* Syntax error at 0
"axi_interconnect_wrap_4x2_tb.vcd", 3903: 

*Error* Syntax error at b0000000000000000000000000000000000000000000000000000000000000000
"axi_interconnect_wrap_4x2_tb.vcd", 3904: 

*Error* Syntax error at 0
"axi_interconnect_wrap_4x2_tb.vcd", 3905: 

*Error* usage of using constructs outside of modules or primitives is supported only if the option '-sv' is specified
"axi_interconnect_wrap_4x2_tb.vcd", 3906: 

*Error* Syntax error at #
"axi_interconnect_wrap_4x2_tb.vcd", 3906: 

*Error* Syntax error at 0
"axi_interconnect_wrap_4x2_tb.vcd", 3907: 

*Error* usage of using constructs outside of modules or primitives is supported only if the option '-sv' is specified
"axi_interconnect_wrap_4x2_tb.vcd", 3908: 

*Error* Syntax error at #
"axi_interconnect_wrap_4x2_tb.vcd", 3908: 

*Error* Syntax error at 1
"axi_interconnect_wrap_4x2_tb.vcd", 3909: 

*Error* Syntax error at b00000000
"axi_interconnect_wrap_4x2_tb.vcd", 3910: 

*Error* Syntax error at b00000000
"axi_interconnect_wrap_4x2_tb.vcd", 3911: 

*Error* Syntax error at 0
"axi_interconnect_wrap_4x2_tb.vcd", 3912: 

*Error* Syntax error at 0
"axi_interconnect_wrap_4x2_tb.vcd", 3913: 

*Error* Syntax error at 0
"axi_interconnect_wrap_4x2_tb.vcd", 3914: 

*Error* Syntax error at b0000
"axi_interconnect_wrap_4x2_tb.vcd", 3915: 

*Error* Syntax error at b00000000000000000000000001110010
"axi_interconnect_wrap_4x2_tb.vcd", 3916: 

*Error* Syntax error at b111
"axi_interconnect_wrap_4x2_tb.vcd", 3917: 

*Error* Syntax error at b10000000
"axi_interconnect_wrap_4x2_tb.vcd", 3918: 

*Error* Syntax error at b10
"axi_interconnect_wrap_4x2_tb.vcd", 3919: 

*Error* Syntax error at 1
"axi_interconnect_wrap_4x2_tb.vcd", 3920: 

*Error* Syntax error at 1
"axi_interconnect_wrap_4x2_tb.vcd", 3921: 

*Error* Syntax error at b10
"axi_interconnect_wrap_4x2_tb.vcd", 3922: 

*Error* Syntax error at 1
"axi_interconnect_wrap_4x2_tb.vcd", 3923: 

*Error* Syntax error at 0
"axi_interconnect_wrap_4x2_tb.vcd", 3924: 

*Error* Syntax error at 1
"axi_interconnect_wrap_4x2_tb.vcd", 3925: 

*Error* Syntax error at 0
"axi_interconnect_wrap_4x2_tb.vcd", 3926: 

*Error* Syntax error at b0000000000000000000000000000000000000000000000000000000000000000
"axi_interconnect_wrap_4x2_tb.vcd", 3927: 

*Error* Syntax error at b0000000000000000000000000000000000000000000000000000000000000000
"axi_interconnect_wrap_4x2_tb.vcd", 3928: 

*Error* Syntax error at b0000000000000000000000000000000000000000000000000000000000000000
"axi_interconnect_wrap_4x2_tb.vcd", 3929: 

*Error* Syntax error at b0000000000000000000000000000000000000000000000000000000000000000000000000000000000000000000000000000000000000000000000000000000000000000000000000000000000000000000000000000000000000000000000000000000000000000000000000000000000000000000000000000000000000000
"axi_interconnect_wrap_4x2_tb.vcd", 3930: 

*Error* Syntax error at 0
"axi_interconnect_wrap_4x2_tb.vcd", 3931: 

*Error* Syntax error at 0
"axi_interconnect_wrap_4x2_tb.vcd", 3932: 

*Error* Syntax error at 0
"axi_interconnect_wrap_4x2_tb.vcd", 3933: 

*Error* Syntax error at b0000
"axi_interconnect_wrap_4x2_tb.vcd", 3934: 

*Error* Syntax error at b00
"axi_interconnect_wrap_4x2_tb.vcd", 3935: 

*Error* usage of using constructs outside of modules or primitives is supported only if the option '-sv' is specified
"axi_interconnect_wrap_4x2_tb.vcd", 3936: 

*Error* Syntax error at #
"axi_interconnect_wrap_4x2_tb.vcd", 3936: 

*Error* Syntax error at 0
"axi_interconnect_wrap_4x2_tb.vcd", 3937: 

*Error* usage of using constructs outside of modules or primitives is supported only if the option '-sv' is specified
"axi_interconnect_wrap_4x2_tb.vcd", 3938: 

*Error* Syntax error at #
"axi_interconnect_wrap_4x2_tb.vcd", 3938: 

*Error* Syntax error at 1
"axi_interconnect_wrap_4x2_tb.vcd", 3939: 

*Error* Syntax error at b00000000000000000000000001110011
"axi_interconnect_wrap_4x2_tb.vcd", 3940: 

*Error* Syntax error at b00000000
"axi_interconnect_wrap_4x2_tb.vcd", 3941: 

*Error* Syntax error at b00000000
"axi_interconnect_wrap_4x2_tb.vcd", 3942: 

*Error* Syntax error at b01000000000000000001000000000000
"axi_interconnect_wrap_4x2_tb.vcd", 3943: 

*Error* Syntax error at 0
"axi_interconnect_wrap_4x2_tb.vcd", 3944: 

*Error* Syntax error at b01
"axi_interconnect_wrap_4x2_tb.vcd", 3945: 

*Error* Syntax error at 0
"axi_interconnect_wrap_4x2_tb.vcd", 3946: 

*Error* Syntax error at 1
"axi_interconnect_wrap_4x2_tb.vcd", 3947: 

*Error* Syntax error at b10
"axi_interconnect_wrap_4x2_tb.vcd", 3948: 

*Error* Syntax error at b0000000000000000000000000000000011110110101101100001000000000000
"axi_interconnect_wrap_4x2_tb.vcd", 3949: 

*Error* Syntax error at b00000000000000000000000000000000111101101011011000010000000000000000000000000000000000000000000010100101101001010001000000000000
"axi_interconnect_wrap_4x2_tb.vcd", 3950: 

*Error* Syntax error at 1
"axi_interconnect_wrap_4x2_tb.vcd", 3951: 

*Error* Syntax error at b11
"axi_interconnect_wrap_4x2_tb.vcd", 3952: 

*Error* Syntax error at b10
"axi_interconnect_wrap_4x2_tb.vcd", 3953: 

*Error* Syntax error at b00
"axi_interconnect_wrap_4x2_tb.vcd", 3954: 

*Error* Syntax error at 0
"axi_interconnect_wrap_4x2_tb.vcd", 3955: 

*Error* Syntax error at 0
"axi_interconnect_wrap_4x2_tb.vcd", 3956: 

*Error* Syntax error at 1
"axi_interconnect_wrap_4x2_tb.vcd", 3957: 

*Error* Syntax error at b0000000000000000000000000000000011110110101101100001000000000000
"axi_interconnect_wrap_4x2_tb.vcd", 3958: 

*Error* Syntax error at 1
"axi_interconnect_wrap_4x2_tb.vcd", 3959: 

*Error* Syntax error at b111
"axi_interconnect_wrap_4x2_tb.vcd", 3960: 

*Error* Syntax error at b00
"axi_interconnect_wrap_4x2_tb.vcd", 3961: 

*Error* Syntax error at b0000000000000000000000000000000011110110101101100001000000000000
"axi_interconnect_wrap_4x2_tb.vcd", 3962: 

*Error* Syntax error at 1
"axi_interconnect_wrap_4x2_tb.vcd", 3963: 

*Error* Syntax error at 1
"axi_interconnect_wrap_4x2_tb.vcd", 3964: 

*Error* Syntax error at b0001
"axi_interconnect_wrap_4x2_tb.vcd", 3965: 

*Error* usage of using constructs outside of modules or primitives is supported only if the option '-sv' is specified
"axi_interconnect_wrap_4x2_tb.vcd", 3966: 

*Error* Syntax error at #
"axi_interconnect_wrap_4x2_tb.vcd", 3966: 

*Error* Syntax error at 0
"axi_interconnect_wrap_4x2_tb.vcd", 3967: 

*Error* usage of using constructs outside of modules or primitives is supported only if the option '-sv' is specified
"axi_interconnect_wrap_4x2_tb.vcd", 3968: 

*Error* Syntax error at #
"axi_interconnect_wrap_4x2_tb.vcd", 3968: 

*Error* Syntax error at 1
"axi_interconnect_wrap_4x2_tb.vcd", 3969: 

*Error* Syntax error at b00000000000000000000000001110100
"axi_interconnect_wrap_4x2_tb.vcd", 3970: 

*Error* Syntax error at 0
"axi_interconnect_wrap_4x2_tb.vcd", 3971: 

*Error* Syntax error at b00
"axi_interconnect_wrap_4x2_tb.vcd", 3972: 

*Error* Syntax error at 1
"axi_interconnect_wrap_4x2_tb.vcd", 3973: 

*Error* Syntax error at b11
"axi_interconnect_wrap_4x2_tb.vcd", 3974: 

*Error* Syntax error at 1
"axi_interconnect_wrap_4x2_tb.vcd", 3975: 

*Error* Syntax error at b01
"axi_interconnect_wrap_4x2_tb.vcd", 3976: 

*Error* Syntax error at b111
"axi_interconnect_wrap_4x2_tb.vcd", 3977: 

*Error* Syntax error at b00
"axi_interconnect_wrap_4x2_tb.vcd", 3978: 

*Error* Syntax error at 0
"axi_interconnect_wrap_4x2_tb.vcd", 3979: 

*Error* Syntax error at 0
"axi_interconnect_wrap_4x2_tb.vcd", 3980: 

*Error* Syntax error at b0001
"axi_interconnect_wrap_4x2_tb.vcd", 3981: 

*Error* Syntax error at 1
"axi_interconnect_wrap_4x2_tb.vcd", 3982: 

*Error* Syntax error at 1
"axi_interconnect_wrap_4x2_tb.vcd", 3983: 

*Error* Syntax error at b0000000000000000000000000000000011110110101101100001000000000000
"axi_interconnect_wrap_4x2_tb.vcd", 3984: 

*Error* Syntax error at b0000000000000000000000000000000011110110101101100001000000000000
"axi_interconnect_wrap_4x2_tb.vcd", 3985: 

*Error* Syntax error at b0000000000000000000000000000000011110110101101100001000000000000
"axi_interconnect_wrap_4x2_tb.vcd", 3986: 

*Error* Syntax error at b0000000000000000000000000000000011110110101101100001000000000000000000000000000000000000000000001111011010110110000100000000000000000000000000000000000000000000111101101011011000010000000000000000000000000000000000000000000011110110101101100001000000000000
"axi_interconnect_wrap_4x2_tb.vcd", 3987: 

*Error* Syntax error at 1
"axi_interconnect_wrap_4x2_tb.vcd", 3988: 

*Error* Syntax error at 1
"axi_interconnect_wrap_4x2_tb.vcd", 3989: 

*Error* Syntax error at 1
"axi_interconnect_wrap_4x2_tb.vcd", 3990: 

*Error* Syntax error at b1111
"axi_interconnect_wrap_4x2_tb.vcd", 3991: 

*Error* Syntax error at 0
"axi_interconnect_wrap_4x2_tb.vcd", 3992: 

*Error* Syntax error at 0
"axi_interconnect_wrap_4x2_tb.vcd", 3993: 

*Error* Syntax error at b0000
"axi_interconnect_wrap_4x2_tb.vcd", 3994: 

*Error* Syntax error at b00000010
"axi_interconnect_wrap_4x2_tb.vcd", 3995: 

*Error* Syntax error at b000
"axi_interconnect_wrap_4x2_tb.vcd", 3996: 

*Error* Syntax error at b00000000
"axi_interconnect_wrap_4x2_tb.vcd", 3997: 

*Error* Syntax error at 0
"axi_interconnect_wrap_4x2_tb.vcd", 3998: 

*Error* Syntax error at b000
"axi_interconnect_wrap_4x2_tb.vcd", 3999: 

*Error* usage of using constructs outside of modules or primitives is supported only if the option '-sv' is specified
"axi_interconnect_wrap_4x2_tb.vcd", 4000: 

*Error* Syntax error at #
"axi_interconnect_wrap_4x2_tb.vcd", 4000: 

*Error* Syntax error at 0
"axi_interconnect_wrap_4x2_tb.vcd", 4001: 

*Error* usage of using constructs outside of modules or primitives is supported only if the option '-sv' is specified
"axi_interconnect_wrap_4x2_tb.vcd", 4002: 

*Error* Syntax error at #
"axi_interconnect_wrap_4x2_tb.vcd", 4002: 

*Error* Syntax error at 1
"axi_interconnect_wrap_4x2_tb.vcd", 4003: 

*Error* Syntax error at b00000000000000000000000001110101
"axi_interconnect_wrap_4x2_tb.vcd", 4004: 

*Error* Syntax error at b000
"axi_interconnect_wrap_4x2_tb.vcd", 4005: 

*Error* Syntax error at b00000000
"axi_interconnect_wrap_4x2_tb.vcd", 4006: 

*Error* Syntax error at 0
"axi_interconnect_wrap_4x2_tb.vcd", 4007: 

*Error* Syntax error at b000
"axi_interconnect_wrap_4x2_tb.vcd", 4008: 

*Error* Syntax error at 0
"axi_interconnect_wrap_4x2_tb.vcd", 4009: 

*Error* Syntax error at b0000
"axi_interconnect_wrap_4x2_tb.vcd", 4010: 

*Error* Syntax error at 0
"axi_interconnect_wrap_4x2_tb.vcd", 4011: 

*Error* Syntax error at 0
"axi_interconnect_wrap_4x2_tb.vcd", 4012: 

*Error* Syntax error at b00000000
"axi_interconnect_wrap_4x2_tb.vcd", 4013: 

*Error* usage of using constructs outside of modules or primitives is supported only if the option '-sv' is specified
"axi_interconnect_wrap_4x2_tb.vcd", 4014: 

*Error* Syntax error at #
"axi_interconnect_wrap_4x2_tb.vcd", 4014: 

*Error* Syntax error at 0
"axi_interconnect_wrap_4x2_tb.vcd", 4015: 

*Error* usage of using constructs outside of modules or primitives is supported only if the option '-sv' is specified
"axi_interconnect_wrap_4x2_tb.vcd", 4016: 

*Error* Syntax error at #
"axi_interconnect_wrap_4x2_tb.vcd", 4016: 

*Error* Syntax error at 1
"axi_interconnect_wrap_4x2_tb.vcd", 4017: 

*Error* Syntax error at b0000000000000000000000000000000011110110101101100001000000000000
"axi_interconnect_wrap_4x2_tb.vcd", 4018: 

*Error* Syntax error at b00000000000000000000000000001011
"axi_interconnect_wrap_4x2_tb.vcd", 4019: 

*Error* Syntax error at b00000000000000000000000001110110
"axi_interconnect_wrap_4x2_tb.vcd", 4020: 

*Error* usage of using constructs outside of modules or primitives is supported only if the option '-sv' is specified
"axi_interconnect_wrap_4x2_tb.vcd", 4021: 

*Error* Syntax error at #
"axi_interconnect_wrap_4x2_tb.vcd", 4021: 

*Error* Syntax error at 0
"axi_interconnect_wrap_4x2_tb.vcd", 4022: 

*Error* usage of using constructs outside of modules or primitives is supported only if the option '-sv' is specified
"axi_interconnect_wrap_4x2_tb.vcd", 4023: 

*Error* Syntax error at #
"axi_interconnect_wrap_4x2_tb.vcd", 4023: 

*Error* Syntax error at 1
"axi_interconnect_wrap_4x2_tb.vcd", 4024: 

*Error* Syntax error at b01010001
"axi_interconnect_wrap_4x2_tb.vcd", 4025: 

*Error* Syntax error at b00000000000000000010000000000000
"axi_interconnect_wrap_4x2_tb.vcd", 4026: 

*Error* Syntax error at b00001000
"axi_interconnect_wrap_4x2_tb.vcd", 4027: 

*Error* Syntax error at b00001000
"axi_interconnect_wrap_4x2_tb.vcd", 4028: 

*Error* Syntax error at 1
"axi_interconnect_wrap_4x2_tb.vcd", 4029: 

*Error* Syntax error at b00001000
"axi_interconnect_wrap_4x2_tb.vcd", 4030: 

*Error* Syntax error at 1
"axi_interconnect_wrap_4x2_tb.vcd", 4031: 

*Error* Syntax error at 1
"axi_interconnect_wrap_4x2_tb.vcd", 4032: 

*Error* Syntax error at b0010
"axi_interconnect_wrap_4x2_tb.vcd", 4033: 

*Error* Syntax error at b00000000000000000000000001110111
"axi_interconnect_wrap_4x2_tb.vcd", 4034: 

*Error* Syntax error at b00000000000000000101000101000010
"axi_interconnect_wrap_4x2_tb.vcd", 4035: 

*Error* Syntax error at b00000000000000000000000000000000000000000000000000000000000000000000000000000000001000000000000001000000000000000001000000000000
"axi_interconnect_wrap_4x2_tb.vcd", 4036: 

*Error* Syntax error at b011
"axi_interconnect_wrap_4x2_tb.vcd", 4037: 

*Error* Syntax error at b00001000
"axi_interconnect_wrap_4x2_tb.vcd", 4038: 

*Error* Syntax error at b011
"axi_interconnect_wrap_4x2_tb.vcd", 4039: 

*Error* Syntax error at b00001000
"axi_interconnect_wrap_4x2_tb.vcd", 4040: 

*Error* Syntax error at b00001000
"axi_interconnect_wrap_4x2_tb.vcd", 4041: 

*Error* Syntax error at 1
"axi_interconnect_wrap_4x2_tb.vcd", 4042: 

*Error* Syntax error at b011
"axi_interconnect_wrap_4x2_tb.vcd", 4043: 

*Error* Syntax error at b11110000
"axi_interconnect_wrap_4x2_tb.vcd", 4044: 

*Error* usage of using constructs outside of modules or primitives is supported only if the option '-sv' is specified
"axi_interconnect_wrap_4x2_tb.vcd", 4045: 

*Error* Syntax error at #
"axi_interconnect_wrap_4x2_tb.vcd", 4045: 

*Error* Syntax error at 0
"axi_interconnect_wrap_4x2_tb.vcd", 4046: 

*Error* usage of using constructs outside of modules or primitives is supported only if the option '-sv' is specified
"axi_interconnect_wrap_4x2_tb.vcd", 4047: 

*Error* Syntax error at #
"axi_interconnect_wrap_4x2_tb.vcd", 4047: 

*Error* Syntax error at 1
"axi_interconnect_wrap_4x2_tb.vcd", 4048: 

*Error* Syntax error at b00000000000000000000000001111000
"axi_interconnect_wrap_4x2_tb.vcd", 4049: 

*Error* Syntax error at b00001000
"axi_interconnect_wrap_4x2_tb.vcd", 4050: 

*Error* Syntax error at 1
"axi_interconnect_wrap_4x2_tb.vcd", 4051: 

*Error* Syntax error at b011
"axi_interconnect_wrap_4x2_tb.vcd", 4052: 

*Error* Syntax error at b01010001
"axi_interconnect_wrap_4x2_tb.vcd", 4053: 

*Error* Syntax error at b00010010
"axi_interconnect_wrap_4x2_tb.vcd", 4054: 

*Error* Syntax error at b00000000000000000010000000000000
"axi_interconnect_wrap_4x2_tb.vcd", 4055: 

*Error* Syntax error at b01000000000000000000010000000000
"axi_interconnect_wrap_4x2_tb.vcd", 4056: 

*Error* Syntax error at b0101010101010101011001100110011001110111011101111000100010001000
"axi_interconnect_wrap_4x2_tb.vcd", 4057: 

*Error* Syntax error at 1
"axi_interconnect_wrap_4x2_tb.vcd", 4058: 

*Error* Syntax error at b01
"axi_interconnect_wrap_4x2_tb.vcd", 4059: 

*Error* Syntax error at 1
"axi_interconnect_wrap_4x2_tb.vcd", 4060: 

*Error* Syntax error at b11110000
"axi_interconnect_wrap_4x2_tb.vcd", 4061: 

*Error* Syntax error at b00000000
"axi_interconnect_wrap_4x2_tb.vcd", 4062: 

*Error* Syntax error at 0
"axi_interconnect_wrap_4x2_tb.vcd", 4063: 

*Error* Syntax error at b001
"axi_interconnect_wrap_4x2_tb.vcd", 4064: 

*Error* Syntax error at b01010001
"axi_interconnect_wrap_4x2_tb.vcd", 4065: 

*Error* Syntax error at b00000000000000000010000000000000
"axi_interconnect_wrap_4x2_tb.vcd", 4066: 

*Error* Syntax error at 1
"axi_interconnect_wrap_4x2_tb.vcd", 4067: 

*Error* Syntax error at b0010
"axi_interconnect_wrap_4x2_tb.vcd", 4068: 

*Error* Syntax error at b0101010101010101011001100110011001110111011101111000100010001000
"axi_interconnect_wrap_4x2_tb.vcd", 4069: 

*Error* Syntax error at b111
"axi_interconnect_wrap_4x2_tb.vcd", 4070: 

*Error* Syntax error at b10000000
"axi_interconnect_wrap_4x2_tb.vcd", 4071: 

*Error* usage of using constructs outside of modules or primitives is supported only if the option '-sv' is specified
"axi_interconnect_wrap_4x2_tb.vcd", 4072: 

*Error* Syntax error at #
"axi_interconnect_wrap_4x2_tb.vcd", 4072: 

*Error* Syntax error at 0
"axi_interconnect_wrap_4x2_tb.vcd", 4073: 

*Error* usage of using constructs outside of modules or primitives is supported only if the option '-sv' is specified
"axi_interconnect_wrap_4x2_tb.vcd", 4074: 

*Error* Syntax error at #
"axi_interconnect_wrap_4x2_tb.vcd", 4074: 

*Error* Syntax error at 1
"axi_interconnect_wrap_4x2_tb.vcd", 4075: 

*Error* Syntax error at b00000000000000000000000001111001
"axi_interconnect_wrap_4x2_tb.vcd", 4076: 

*Error* Syntax error at b001
"axi_interconnect_wrap_4x2_tb.vcd", 4077: 

*Error* Syntax error at b0010
"axi_interconnect_wrap_4x2_tb.vcd", 4078: 

*Error* Syntax error at 1
"axi_interconnect_wrap_4x2_tb.vcd", 4079: 

*Error* Syntax error at 1
"axi_interconnect_wrap_4x2_tb.vcd", 4080: 

*Error* Syntax error at b01010001
"axi_interconnect_wrap_4x2_tb.vcd", 4081: 

*Error* Syntax error at b01010001
"axi_interconnect_wrap_4x2_tb.vcd", 4082: 

*Error* Syntax error at b01010001010100010101000101010001
"axi_interconnect_wrap_4x2_tb.vcd", 4083: 

*Error* Syntax error at b01010001
"axi_interconnect_wrap_4x2_tb.vcd", 4084: 

*Error* Syntax error at b00000000000000000010000000000000
"axi_interconnect_wrap_4x2_tb.vcd", 4085: 

*Error* Syntax error at b00000000000000000010000000000000
"axi_interconnect_wrap_4x2_tb.vcd", 4086: 

*Error* Syntax error at b0000000000000000001000000000000000000000000000000010000000000000
"axi_interconnect_wrap_4x2_tb.vcd", 4087: 

*Error* Syntax error at b00000000000000000010000000000000
"axi_interconnect_wrap_4x2_tb.vcd", 4088: 

*Error* Syntax error at b00000000000000000010000000000000
"axi_interconnect_wrap_4x2_tb.vcd", 4089: 

*Error* Syntax error at 1
"axi_interconnect_wrap_4x2_tb.vcd", 4090: 

*Error* Syntax error at b0101010101010101011001100110011001110111011101111000100010001000
"axi_interconnect_wrap_4x2_tb.vcd", 4091: 

*Error* Syntax error at b0101010101010101011001100110011001110111011101111000100010001000
"axi_interconnect_wrap_4x2_tb.vcd", 4092: 

*Error* Syntax error at b0101010101010101011001100110011001110111011101111000100010001000
"axi_interconnect_wrap_4x2_tb.vcd", 4093: 

*Error* Syntax error at b01010101010101010110011001100110011101110111011110001000100010000101010101010101011001100110011001110111011101111000100010001000
"axi_interconnect_wrap_4x2_tb.vcd", 4094: 

*Error* Syntax error at b101
"axi_interconnect_wrap_4x2_tb.vcd", 4095: 

*Error* Syntax error at 1
"axi_interconnect_wrap_4x2_tb.vcd", 4096: 

*Error* Syntax error at 0
"axi_interconnect_wrap_4x2_tb.vcd", 4097: 

*Error* Syntax error at b0000
"axi_interconnect_wrap_4x2_tb.vcd", 4098: 

*Error* Syntax error at b10
"axi_interconnect_wrap_4x2_tb.vcd", 4099: 

*Error* Syntax error at b01010001
"axi_interconnect_wrap_4x2_tb.vcd", 4100: 

*Error* usage of using constructs outside of modules or primitives is supported only if the option '-sv' is specified
"axi_interconnect_wrap_4x2_tb.vcd", 4101: 

*Error* Syntax error at #
"axi_interconnect_wrap_4x2_tb.vcd", 4101: 

*Error* Syntax error at 0
"axi_interconnect_wrap_4x2_tb.vcd", 4102: 

*Error* usage of using constructs outside of modules or primitives is supported only if the option '-sv' is specified
"axi_interconnect_wrap_4x2_tb.vcd", 4103: 

*Error* Syntax error at #
"axi_interconnect_wrap_4x2_tb.vcd", 4103: 

*Error* Syntax error at 1
"axi_interconnect_wrap_4x2_tb.vcd", 4104: 

*Error* Syntax error at b00000000000000000000000001111010
"axi_interconnect_wrap_4x2_tb.vcd", 4105: 

*Error* Syntax error at b101
"axi_interconnect_wrap_4x2_tb.vcd", 4106: 

*Error* Syntax error at b0000
"axi_interconnect_wrap_4x2_tb.vcd", 4107: 

*Error* Syntax error at 0
"axi_interconnect_wrap_4x2_tb.vcd", 4108: 

*Error* Syntax error at 0
"axi_interconnect_wrap_4x2_tb.vcd", 4109: 

*Error* Syntax error at b10
"axi_interconnect_wrap_4x2_tb.vcd", 4110: 

*Error* Syntax error at 1
"axi_interconnect_wrap_4x2_tb.vcd", 4111: 

*Error* Syntax error at 1
"axi_interconnect_wrap_4x2_tb.vcd", 4112: 

*Error* Syntax error at 0
"axi_interconnect_wrap_4x2_tb.vcd", 4113: 

*Error* Syntax error at 0
"axi_interconnect_wrap_4x2_tb.vcd", 4114: 

*Error* Syntax error at b01010001
"axi_interconnect_wrap_4x2_tb.vcd", 4115: 

*Error* Syntax error at b01010001
"axi_interconnect_wrap_4x2_tb.vcd", 4116: 

*Error* Syntax error at b01010001010100010101000101010001
"axi_interconnect_wrap_4x2_tb.vcd", 4117: 

*Error* Syntax error at b01010001
"axi_interconnect_wrap_4x2_tb.vcd", 4118: 

*Error* Syntax error at 0
"axi_interconnect_wrap_4x2_tb.vcd", 4119: 

*Error* Syntax error at 0
"axi_interconnect_wrap_4x2_tb.vcd", 4120: 

*Error* Syntax error at b01
"axi_interconnect_wrap_4x2_tb.vcd", 4121: 

*Error* Syntax error at b01
"axi_interconnect_wrap_4x2_tb.vcd", 4122: 

*Error* Syntax error at b0000000000000000000000000000000010100101101001010001000000000000
"axi_interconnect_wrap_4x2_tb.vcd", 4123: 

*Error* Syntax error at b0000000000000000000000000000000010100101101001010001000000000000
"axi_interconnect_wrap_4x2_tb.vcd", 4124: 

*Error* usage of using constructs outside of modules or primitives is supported only if the option '-sv' is specified
"axi_interconnect_wrap_4x2_tb.vcd", 4125: 

*Error* Syntax error at #
"axi_interconnect_wrap_4x2_tb.vcd", 4125: 

*Error* Syntax error at 0
"axi_interconnect_wrap_4x2_tb.vcd", 4126: 

*Error* usage of using constructs outside of modules or primitives is supported only if the option '-sv' is specified
"axi_interconnect_wrap_4x2_tb.vcd", 4127: 

*Error* Syntax error at #
"axi_interconnect_wrap_4x2_tb.vcd", 4127: 

*Error* Syntax error at 1
"axi_interconnect_wrap_4x2_tb.vcd", 4128: 

*Error* Syntax error at b00000000
"axi_interconnect_wrap_4x2_tb.vcd", 4129: 

*Error* Syntax error at b00000000
"axi_interconnect_wrap_4x2_tb.vcd", 4130: 

*Error* Syntax error at 0
"axi_interconnect_wrap_4x2_tb.vcd", 4131: 

*Error* Syntax error at 0
"axi_interconnect_wrap_4x2_tb.vcd", 4132: 

*Error* Syntax error at 0
"axi_interconnect_wrap_4x2_tb.vcd", 4133: 

*Error* Syntax error at b0000
"axi_interconnect_wrap_4x2_tb.vcd", 4134: 

*Error* Syntax error at b00000000000000000000000001111011
"axi_interconnect_wrap_4x2_tb.vcd", 4135: 

*Error* Syntax error at b111
"axi_interconnect_wrap_4x2_tb.vcd", 4136: 

*Error* Syntax error at b10000000
"axi_interconnect_wrap_4x2_tb.vcd", 4137: 

*Error* Syntax error at b01
"axi_interconnect_wrap_4x2_tb.vcd", 4138: 

*Error* Syntax error at 1
"axi_interconnect_wrap_4x2_tb.vcd", 4139: 

*Error* Syntax error at 1
"axi_interconnect_wrap_4x2_tb.vcd", 4140: 

*Error* Syntax error at b01
"axi_interconnect_wrap_4x2_tb.vcd", 4141: 

*Error* Syntax error at 0
"axi_interconnect_wrap_4x2_tb.vcd", 4142: 

*Error* Syntax error at 1
"axi_interconnect_wrap_4x2_tb.vcd", 4143: 

*Error* Syntax error at 1
"axi_interconnect_wrap_4x2_tb.vcd", 4144: 

*Error* Syntax error at 0
"axi_interconnect_wrap_4x2_tb.vcd", 4145: 

*Error* Syntax error at b0000000000000000000000000000000010100101101001010001000000000000
"axi_interconnect_wrap_4x2_tb.vcd", 4146: 

*Error* Syntax error at b0000000000000000000000000000000010100101101001010001000000000000
"axi_interconnect_wrap_4x2_tb.vcd", 4147: 

*Error* Syntax error at b0000000000000000000000000000000010100101101001010001000000000000
"axi_interconnect_wrap_4x2_tb.vcd", 4148: 

*Error* Syntax error at b0000000000000000000000000000000010100101101001010001000000000000000000000000000000000000000000001010010110100101000100000000000000000000000000000000000000000000101001011010010100010000000000000000000000000000000000000000000010100101101001010001000000000000
"axi_interconnect_wrap_4x2_tb.vcd", 4149: 

*Error* Syntax error at b00
"axi_interconnect_wrap_4x2_tb.vcd", 4150: 

*Error* usage of using constructs outside of modules or primitives is supported only if the option '-sv' is specified
"axi_interconnect_wrap_4x2_tb.vcd", 4151: 

*Error* Syntax error at #
"axi_interconnect_wrap_4x2_tb.vcd", 4151: 

*Error* Syntax error at 0
"axi_interconnect_wrap_4x2_tb.vcd", 4152: 

*Error* usage of using constructs outside of modules or primitives is supported only if the option '-sv' is specified
"axi_interconnect_wrap_4x2_tb.vcd", 4153: 

*Error* Syntax error at #
"axi_interconnect_wrap_4x2_tb.vcd", 4153: 

*Error* Syntax error at 1
"axi_interconnect_wrap_4x2_tb.vcd", 4154: 

*Error* Syntax error at b00000000000000000000000001111100
"axi_interconnect_wrap_4x2_tb.vcd", 4155: 

*Error* Syntax error at b00000000000000000010000000000000
"axi_interconnect_wrap_4x2_tb.vcd", 4156: 

*Error* Syntax error at 0
"axi_interconnect_wrap_4x2_tb.vcd", 4157: 

*Error* Syntax error at b10
"axi_interconnect_wrap_4x2_tb.vcd", 4158: 

*Error* Syntax error at 0
"axi_interconnect_wrap_4x2_tb.vcd", 4159: 

*Error* Syntax error at 1
"axi_interconnect_wrap_4x2_tb.vcd", 4160: 

*Error* Syntax error at b01
"axi_interconnect_wrap_4x2_tb.vcd", 4161: 

*Error* Syntax error at b0000000000000000000000000000000010100101101001010010000000000000
"axi_interconnect_wrap_4x2_tb.vcd", 4162: 

*Error* Syntax error at b00000000000000000000000000000000111101101011011000010000000000000000000000000000000000000000000010100101101001010010000000000000
"axi_interconnect_wrap_4x2_tb.vcd", 4163: 

*Error* Syntax error at b10
"axi_interconnect_wrap_4x2_tb.vcd", 4164: 

*Error* Syntax error at b00
"axi_interconnect_wrap_4x2_tb.vcd", 4165: 

*Error* Syntax error at 0
"axi_interconnect_wrap_4x2_tb.vcd", 4166: 

*Error* Syntax error at 0
"axi_interconnect_wrap_4x2_tb.vcd", 4167: 

*Error* Syntax error at 1
"axi_interconnect_wrap_4x2_tb.vcd", 4168: 

*Error* Syntax error at b0000000000000000000000000000000010100101101001010010000000000000
"axi_interconnect_wrap_4x2_tb.vcd", 4169: 

*Error* Syntax error at b111
"axi_interconnect_wrap_4x2_tb.vcd", 4170: 

*Error* Syntax error at b00
"axi_interconnect_wrap_4x2_tb.vcd", 4171: 

*Error* Syntax error at b0000000000000000000000000000000010100101101001010010000000000000
"axi_interconnect_wrap_4x2_tb.vcd", 4172: 

*Error* Syntax error at 1
"axi_interconnect_wrap_4x2_tb.vcd", 4173: 

*Error* Syntax error at b0010
"axi_interconnect_wrap_4x2_tb.vcd", 4174: 

*Error* usage of using constructs outside of modules or primitives is supported only if the option '-sv' is specified
"axi_interconnect_wrap_4x2_tb.vcd", 4175: 

*Error* Syntax error at #
"axi_interconnect_wrap_4x2_tb.vcd", 4175: 

*Error* Syntax error at 0
"axi_interconnect_wrap_4x2_tb.vcd", 4176: 

*Error* usage of using constructs outside of modules or primitives is supported only if the option '-sv' is specified
"axi_interconnect_wrap_4x2_tb.vcd", 4177: 

*Error* Syntax error at #
"axi_interconnect_wrap_4x2_tb.vcd", 4177: 

*Error* Syntax error at 1
"axi_interconnect_wrap_4x2_tb.vcd", 4178: 

*Error* Syntax error at b00000000000000000000000001111101
"axi_interconnect_wrap_4x2_tb.vcd", 4179: 

*Error* Syntax error at 0
"axi_interconnect_wrap_4x2_tb.vcd", 4180: 

*Error* Syntax error at b00
"axi_interconnect_wrap_4x2_tb.vcd", 4181: 

*Error* Syntax error at 1
"axi_interconnect_wrap_4x2_tb.vcd", 4182: 

*Error* Syntax error at b11
"axi_interconnect_wrap_4x2_tb.vcd", 4183: 

*Error* Syntax error at 1
"axi_interconnect_wrap_4x2_tb.vcd", 4184: 

*Error* Syntax error at b01
"axi_interconnect_wrap_4x2_tb.vcd", 4185: 

*Error* Syntax error at b111
"axi_interconnect_wrap_4x2_tb.vcd", 4186: 

*Error* Syntax error at b00
"axi_interconnect_wrap_4x2_tb.vcd", 4187: 

*Error* Syntax error at 0
"axi_interconnect_wrap_4x2_tb.vcd", 4188: 

*Error* Syntax error at 0
"axi_interconnect_wrap_4x2_tb.vcd", 4189: 

*Error* Syntax error at b0010
"axi_interconnect_wrap_4x2_tb.vcd", 4190: 

*Error* Syntax error at 1
"axi_interconnect_wrap_4x2_tb.vcd", 4191: 

*Error* Syntax error at 1
"axi_interconnect_wrap_4x2_tb.vcd", 4192: 

*Error* Syntax error at b0000000000000000000000000000000010100101101001010010000000000000
"axi_interconnect_wrap_4x2_tb.vcd", 4193: 

*Error* Syntax error at b0000000000000000000000000000000010100101101001010010000000000000
"axi_interconnect_wrap_4x2_tb.vcd", 4194: 

*Error* Syntax error at b0000000000000000000000000000000010100101101001010010000000000000
"axi_interconnect_wrap_4x2_tb.vcd", 4195: 

*Error* Syntax error at b0000000000000000000000000000000010100101101001010010000000000000000000000000000000000000000000001010010110100101001000000000000000000000000000000000000000000000101001011010010100100000000000000000000000000000000000000000000010100101101001010010000000000000
"axi_interconnect_wrap_4x2_tb.vcd", 4196: 

*Error* Syntax error at 0
"axi_interconnect_wrap_4x2_tb.vcd", 4197: 

*Error* Syntax error at 0
"axi_interconnect_wrap_4x2_tb.vcd", 4198: 

*Error* Syntax error at b0000
"axi_interconnect_wrap_4x2_tb.vcd", 4199: 

*Error* Syntax error at b00001000
"axi_interconnect_wrap_4x2_tb.vcd", 4200: 

*Error* Syntax error at b000
"axi_interconnect_wrap_4x2_tb.vcd", 4201: 

*Error* Syntax error at b00000000
"axi_interconnect_wrap_4x2_tb.vcd", 4202: 

*Error* Syntax error at 0
"axi_interconnect_wrap_4x2_tb.vcd", 4203: 

*Error* Syntax error at b000
"axi_interconnect_wrap_4x2_tb.vcd", 4204: 

*Error* usage of using constructs outside of modules or primitives is supported only if the option '-sv' is specified
"axi_interconnect_wrap_4x2_tb.vcd", 4205: 

*Error* Syntax error at #
"axi_interconnect_wrap_4x2_tb.vcd", 4205: 

*Error* Syntax error at 0
"axi_interconnect_wrap_4x2_tb.vcd", 4206: 

*Error* usage of using constructs outside of modules or primitives is supported only if the option '-sv' is specified
"axi_interconnect_wrap_4x2_tb.vcd", 4207: 

*Error* Syntax error at #
"axi_interconnect_wrap_4x2_tb.vcd", 4207: 

*Error* Syntax error at 1
"axi_interconnect_wrap_4x2_tb.vcd", 4208: 

*Error* Syntax error at b00000000000000000000000001111110
"axi_interconnect_wrap_4x2_tb.vcd", 4209: 

*Error* Syntax error at b000
"axi_interconnect_wrap_4x2_tb.vcd", 4210: 

*Error* Syntax error at b00000000
"axi_interconnect_wrap_4x2_tb.vcd", 4211: 

*Error* Syntax error at 0
"axi_interconnect_wrap_4x2_tb.vcd", 4212: 

*Error* Syntax error at b000
"axi_interconnect_wrap_4x2_tb.vcd", 4213: 

*Error* Syntax error at b01000010
"axi_interconnect_wrap_4x2_tb.vcd", 4214: 

*Error* Syntax error at b00000010
"axi_interconnect_wrap_4x2_tb.vcd", 4215: 

*Error* Syntax error at b01000000000000000001000000000000
"axi_interconnect_wrap_4x2_tb.vcd", 4216: 

*Error* Syntax error at b01000000000000000000001000000000
"axi_interconnect_wrap_4x2_tb.vcd", 4217: 

*Error* Syntax error at b1100101011111110101110101011111010101011110011011110111100000001
"axi_interconnect_wrap_4x2_tb.vcd", 4218: 

*Error* Syntax error at 0
"axi_interconnect_wrap_4x2_tb.vcd", 4219: 

*Error* Syntax error at 0
"axi_interconnect_wrap_4x2_tb.vcd", 4220: 

*Error* Syntax error at b00
"axi_interconnect_wrap_4x2_tb.vcd", 4221: 

*Error* Syntax error at b0000
"axi_interconnect_wrap_4x2_tb.vcd", 4222: 

*Error* Syntax error at 0
"axi_interconnect_wrap_4x2_tb.vcd", 4223: 

*Error* Syntax error at b1100101011111110101110101011111010101011110011011110111100000001
"axi_interconnect_wrap_4x2_tb.vcd", 4224: 

*Error* Syntax error at b00000000
"axi_interconnect_wrap_4x2_tb.vcd", 4225: 

*Error* usage of using constructs outside of modules or primitives is supported only if the option '-sv' is specified
"axi_interconnect_wrap_4x2_tb.vcd", 4226: 

*Error* Syntax error at #
"axi_interconnect_wrap_4x2_tb.vcd", 4226: 

*Error* Syntax error at 0
"axi_interconnect_wrap_4x2_tb.vcd", 4227: 

*Error* usage of using constructs outside of modules or primitives is supported only if the option '-sv' is specified
"axi_interconnect_wrap_4x2_tb.vcd", 4228: 

*Error* Syntax error at #
"axi_interconnect_wrap_4x2_tb.vcd", 4228: 

*Error* Syntax error at 1
"axi_interconnect_wrap_4x2_tb.vcd", 4229: 

*Error* Syntax error at b0000000000000000000000000000000010100101101001010010000000000000
"axi_interconnect_wrap_4x2_tb.vcd", 4230: 

*Error* Syntax error at b00000000000000000000000000001100
"axi_interconnect_wrap_4x2_tb.vcd", 4231: 

*Error* Syntax error at b00000000000000000000000001111111
"axi_interconnect_wrap_4x2_tb.vcd", 4232: 

*Error* Syntax error at b1100101011111110101110101011111010101011110011011110111100000001
"axi_interconnect_wrap_4x2_tb.vcd", 4233: 

*Error* Syntax error at b1100101011111110101110101011111010101011110011011110111100000001
"axi_interconnect_wrap_4x2_tb.vcd", 4234: 

*Error* Syntax error at b1100101011111110101110101011111010101011110011011110111100000001
"axi_interconnect_wrap_4x2_tb.vcd", 4235: 

*Error* Syntax error at b11001010111111101011101010111110101010111100110111101111000000011100101011111110101110101011111010101011110011011110111100000001
"axi_interconnect_wrap_4x2_tb.vcd", 4236: 

*Error* usage of using constructs outside of modules or primitives is supported only if the option '-sv' is specified
"axi_interconnect_wrap_4x2_tb.vcd", 4237: 

*Error* Syntax error at #
"axi_interconnect_wrap_4x2_tb.vcd", 4237: 

*Error* Syntax error at 0
"axi_interconnect_wrap_4x2_tb.vcd", 4238: 

*Error* usage of using constructs outside of modules or primitives is supported only if the option '-sv' is specified
"axi_interconnect_wrap_4x2_tb.vcd", 4239: 

*Error* Syntax error at #
"axi_interconnect_wrap_4x2_tb.vcd", 4239: 

*Error* Syntax error at 1
"axi_interconnect_wrap_4x2_tb.vcd", 4240: 

*Error* Syntax error at b01010010
"axi_interconnect_wrap_4x2_tb.vcd", 4241: 

*Error* Syntax error at b01000000000000000010000000000000
"axi_interconnect_wrap_4x2_tb.vcd", 4242: 

*Error* Syntax error at b00001000
"axi_interconnect_wrap_4x2_tb.vcd", 4243: 

*Error* Syntax error at b00001000
"axi_interconnect_wrap_4x2_tb.vcd", 4244: 

*Error* Syntax error at 1
"axi_interconnect_wrap_4x2_tb.vcd", 4245: 

*Error* Syntax error at 1
"axi_interconnect_wrap_4x2_tb.vcd", 4246: 

*Error* Syntax error at b0010
"axi_interconnect_wrap_4x2_tb.vcd", 4247: 

*Error* Syntax error at b00000000000000000000000010000000
"axi_interconnect_wrap_4x2_tb.vcd", 4248: 

*Error* Syntax error at b00000000000000000101001001000010
"axi_interconnect_wrap_4x2_tb.vcd", 4249: 

*Error* Syntax error at b00000000000000000000000000000000000000000000000000000000000000000100000000000000001000000000000001000000000000000001000000000000
"axi_interconnect_wrap_4x2_tb.vcd", 4250: 

*Error* Syntax error at b011
"axi_interconnect_wrap_4x2_tb.vcd", 4251: 

*Error* Syntax error at b00001000
"axi_interconnect_wrap_4x2_tb.vcd", 4252: 

*Error* Syntax error at b00001000
"axi_interconnect_wrap_4x2_tb.vcd", 4253: 

*Error* Syntax error at 1
"axi_interconnect_wrap_4x2_tb.vcd", 4254: 

*Error* Syntax error at b011
"axi_interconnect_wrap_4x2_tb.vcd", 4255: 

*Error* usage of using constructs outside of modules or primitives is supported only if the option '-sv' is specified
"axi_interconnect_wrap_4x2_tb.vcd", 4256: 

*Error* Syntax error at #
"axi_interconnect_wrap_4x2_tb.vcd", 4256: 

*Error* Syntax error at 0
"axi_interconnect_wrap_4x2_tb.vcd", 4257: 

*Error* usage of using constructs outside of modules or primitives is supported only if the option '-sv' is specified
"axi_interconnect_wrap_4x2_tb.vcd", 4258: 

*Error* Syntax error at #
"axi_interconnect_wrap_4x2_tb.vcd", 4258: 

*Error* Syntax error at 1
"axi_interconnect_wrap_4x2_tb.vcd", 4259: 

*Error* Syntax error at b00000000000000000000000010000001
"axi_interconnect_wrap_4x2_tb.vcd", 4260: 

*Error* Syntax error at b00001000
"axi_interconnect_wrap_4x2_tb.vcd", 4261: 

*Error* Syntax error at 1
"axi_interconnect_wrap_4x2_tb.vcd", 4262: 

*Error* Syntax error at b011
"axi_interconnect_wrap_4x2_tb.vcd", 4263: 

*Error* Syntax error at b01010010
"axi_interconnect_wrap_4x2_tb.vcd", 4264: 

*Error* Syntax error at b00010010
"axi_interconnect_wrap_4x2_tb.vcd", 4265: 

*Error* Syntax error at b01000000000000000010000000000000
"axi_interconnect_wrap_4x2_tb.vcd", 4266: 

*Error* Syntax error at b01000000000000000000010000000000
"axi_interconnect_wrap_4x2_tb.vcd", 4267: 

*Error* Syntax error at b0101010101010101011001100110011001110111011101111000100010001000
"axi_interconnect_wrap_4x2_tb.vcd", 4268: 

*Error* Syntax error at 1
"axi_interconnect_wrap_4x2_tb.vcd", 4269: 

*Error* Syntax error at b01
"axi_interconnect_wrap_4x2_tb.vcd", 4270: 

*Error* Syntax error at 1
"axi_interconnect_wrap_4x2_tb.vcd", 4271: 

*Error* Syntax error at b001
"axi_interconnect_wrap_4x2_tb.vcd", 4272: 

*Error* Syntax error at b01010010
"axi_interconnect_wrap_4x2_tb.vcd", 4273: 

*Error* Syntax error at b01000000000000000010000000000000
"axi_interconnect_wrap_4x2_tb.vcd", 4274: 

*Error* Syntax error at 1
"axi_interconnect_wrap_4x2_tb.vcd", 4275: 

*Error* Syntax error at b0010
"axi_interconnect_wrap_4x2_tb.vcd", 4276: 

*Error* Syntax error at b0101010101010101011001100110011001110111011101111000100010001000
"axi_interconnect_wrap_4x2_tb.vcd", 4277: 

*Error* usage of using constructs outside of modules or primitives is supported only if the option '-sv' is specified
"axi_interconnect_wrap_4x2_tb.vcd", 4278: 

*Error* Syntax error at #
"axi_interconnect_wrap_4x2_tb.vcd", 4278: 

*Error* Syntax error at 0
"axi_interconnect_wrap_4x2_tb.vcd", 4279: 

*Error* usage of using constructs outside of modules or primitives is supported only if the option '-sv' is specified
"axi_interconnect_wrap_4x2_tb.vcd", 4280: 

*Error* Syntax error at #
"axi_interconnect_wrap_4x2_tb.vcd", 4280: 

*Error* Syntax error at 1
"axi_interconnect_wrap_4x2_tb.vcd", 4281: 

*Error* Syntax error at b00000000000000000000000010000010
"axi_interconnect_wrap_4x2_tb.vcd", 4282: 

*Error* Syntax error at b001
"axi_interconnect_wrap_4x2_tb.vcd", 4283: 

*Error* Syntax error at b0010
"axi_interconnect_wrap_4x2_tb.vcd", 4284: 

*Error* Syntax error at 1
"axi_interconnect_wrap_4x2_tb.vcd", 4285: 

*Error* Syntax error at 1
"axi_interconnect_wrap_4x2_tb.vcd", 4286: 

*Error* Syntax error at b01010010
"axi_interconnect_wrap_4x2_tb.vcd", 4287: 

*Error* Syntax error at b01010010
"axi_interconnect_wrap_4x2_tb.vcd", 4288: 

*Error* Syntax error at b01010010010100100101001001010010
"axi_interconnect_wrap_4x2_tb.vcd", 4289: 

*Error* Syntax error at b01010010
"axi_interconnect_wrap_4x2_tb.vcd", 4290: 

*Error* Syntax error at b01000000000000000010000000000000
"axi_interconnect_wrap_4x2_tb.vcd", 4291: 

*Error* Syntax error at b01000000000000000010000000000000
"axi_interconnect_wrap_4x2_tb.vcd", 4292: 

*Error* Syntax error at b0100000000000000001000000000000001000000000000000010000000000000
"axi_interconnect_wrap_4x2_tb.vcd", 4293: 

*Error* Syntax error at b01000000000000000010000000000000
"axi_interconnect_wrap_4x2_tb.vcd", 4294: 

*Error* Syntax error at b01000000000000000010000000000000
"axi_interconnect_wrap_4x2_tb.vcd", 4295: 

*Error* Syntax error at 1
"axi_interconnect_wrap_4x2_tb.vcd", 4296: 

*Error* Syntax error at b0101010101010101011001100110011001110111011101111000100010001000
"axi_interconnect_wrap_4x2_tb.vcd", 4297: 

*Error* Syntax error at b0101010101010101011001100110011001110111011101111000100010001000
"axi_interconnect_wrap_4x2_tb.vcd", 4298: 

*Error* Syntax error at b0101010101010101011001100110011001110111011101111000100010001000
"axi_interconnect_wrap_4x2_tb.vcd", 4299: 

*Error* Syntax error at b01010101010101010110011001100110011101110111011110001000100010000101010101010101011001100110011001110111011101111000100010001000
"axi_interconnect_wrap_4x2_tb.vcd", 4300: 

*Error* Syntax error at b101
"axi_interconnect_wrap_4x2_tb.vcd", 4301: 

*Error* Syntax error at 1
"axi_interconnect_wrap_4x2_tb.vcd", 4302: 

*Error* Syntax error at 1
"axi_interconnect_wrap_4x2_tb.vcd", 4303: 

*Error* Syntax error at b0000
"axi_interconnect_wrap_4x2_tb.vcd", 4304: 

*Error* Syntax error at b01
"axi_interconnect_wrap_4x2_tb.vcd", 4305: 

*Error* Syntax error at b01010010
"axi_interconnect_wrap_4x2_tb.vcd", 4306: 

*Error* usage of using constructs outside of modules or primitives is supported only if the option '-sv' is specified
"axi_interconnect_wrap_4x2_tb.vcd", 4307: 

*Error* Syntax error at #
"axi_interconnect_wrap_4x2_tb.vcd", 4307: 

*Error* Syntax error at 0
"axi_interconnect_wrap_4x2_tb.vcd", 4308: 

*Error* usage of using constructs outside of modules or primitives is supported only if the option '-sv' is specified
"axi_interconnect_wrap_4x2_tb.vcd", 4309: 

*Error* Syntax error at #
"axi_interconnect_wrap_4x2_tb.vcd", 4309: 

*Error* Syntax error at 1
"axi_interconnect_wrap_4x2_tb.vcd", 4310: 

*Error* Syntax error at b00000000000000000000000010000011
"axi_interconnect_wrap_4x2_tb.vcd", 4311: 

*Error* Syntax error at b101
"axi_interconnect_wrap_4x2_tb.vcd", 4312: 

*Error* Syntax error at b0000
"axi_interconnect_wrap_4x2_tb.vcd", 4313: 

*Error* Syntax error at 0
"axi_interconnect_wrap_4x2_tb.vcd", 4314: 

*Error* Syntax error at 0
"axi_interconnect_wrap_4x2_tb.vcd", 4315: 

*Error* Syntax error at b01
"axi_interconnect_wrap_4x2_tb.vcd", 4316: 

*Error* Syntax error at 1
"axi_interconnect_wrap_4x2_tb.vcd", 4317: 

*Error* Syntax error at 1
"axi_interconnect_wrap_4x2_tb.vcd", 4318: 

*Error* Syntax error at 1
"axi_interconnect_wrap_4x2_tb.vcd", 4319: 

*Error* Syntax error at 0
"axi_interconnect_wrap_4x2_tb.vcd", 4320: 

*Error* Syntax error at b01010010
"axi_interconnect_wrap_4x2_tb.vcd", 4321: 

*Error* Syntax error at b01010010
"axi_interconnect_wrap_4x2_tb.vcd", 4322: 

*Error* Syntax error at b01010010010100100101001001010010
"axi_interconnect_wrap_4x2_tb.vcd", 4323: 

*Error* Syntax error at b01010010
"axi_interconnect_wrap_4x2_tb.vcd", 4324: 

*Error* Syntax error at 0
"axi_interconnect_wrap_4x2_tb.vcd", 4325: 

*Error* Syntax error at 0
"axi_interconnect_wrap_4x2_tb.vcd", 4326: 

*Error* Syntax error at b10
"axi_interconnect_wrap_4x2_tb.vcd", 4327: 

*Error* Syntax error at b10
"axi_interconnect_wrap_4x2_tb.vcd", 4328: 

*Error* Syntax error at b0000000000000000000000000000000011110110101101100001000000000000
"axi_interconnect_wrap_4x2_tb.vcd", 4329: 

*Error* Syntax error at b0000000000000000000000000000000011110110101101100001000000000000
"axi_interconnect_wrap_4x2_tb.vcd", 4330: 

*Error* usage of using constructs outside of modules or primitives is supported only if the option '-sv' is specified
"axi_interconnect_wrap_4x2_tb.vcd", 4331: 

*Error* Syntax error at #
"axi_interconnect_wrap_4x2_tb.vcd", 4331: 

*Error* Syntax error at 0
"axi_interconnect_wrap_4x2_tb.vcd", 4332: 

*Error* usage of using constructs outside of modules or primitives is supported only if the option '-sv' is specified
"axi_interconnect_wrap_4x2_tb.vcd", 4333: 

*Error* Syntax error at #
"axi_interconnect_wrap_4x2_tb.vcd", 4333: 

*Error* Syntax error at 1
"axi_interconnect_wrap_4x2_tb.vcd", 4334: 

*Error* Syntax error at b00000000
"axi_interconnect_wrap_4x2_tb.vcd", 4335: 

*Error* Syntax error at b00000000
"axi_interconnect_wrap_4x2_tb.vcd", 4336: 

*Error* Syntax error at 0
"axi_interconnect_wrap_4x2_tb.vcd", 4337: 

*Error* Syntax error at 0
"axi_interconnect_wrap_4x2_tb.vcd", 4338: 

*Error* Syntax error at 0
"axi_interconnect_wrap_4x2_tb.vcd", 4339: 

*Error* Syntax error at b0000
"axi_interconnect_wrap_4x2_tb.vcd", 4340: 

*Error* Syntax error at b00000000000000000000000010000100
"axi_interconnect_wrap_4x2_tb.vcd", 4341: 

*Error* Syntax error at b111
"axi_interconnect_wrap_4x2_tb.vcd", 4342: 

*Error* Syntax error at b10000000
"axi_interconnect_wrap_4x2_tb.vcd", 4343: 

*Error* Syntax error at b10
"axi_interconnect_wrap_4x2_tb.vcd", 4344: 

*Error* Syntax error at 1
"axi_interconnect_wrap_4x2_tb.vcd", 4345: 

*Error* Syntax error at 1
"axi_interconnect_wrap_4x2_tb.vcd", 4346: 

*Error* Syntax error at b10
"axi_interconnect_wrap_4x2_tb.vcd", 4347: 

*Error* Syntax error at 1
"axi_interconnect_wrap_4x2_tb.vcd", 4348: 

*Error* Syntax error at 0
"axi_interconnect_wrap_4x2_tb.vcd", 4349: 

*Error* Syntax error at 1
"axi_interconnect_wrap_4x2_tb.vcd", 4350: 

*Error* Syntax error at 0
"axi_interconnect_wrap_4x2_tb.vcd", 4351: 

*Error* Syntax error at b0000000000000000000000000000000011110110101101100001000000000000
"axi_interconnect_wrap_4x2_tb.vcd", 4352: 

*Error* Syntax error at b0000000000000000000000000000000011110110101101100001000000000000
"axi_interconnect_wrap_4x2_tb.vcd", 4353: 

*Error* Syntax error at b0000000000000000000000000000000011110110101101100001000000000000
"axi_interconnect_wrap_4x2_tb.vcd", 4354: 

*Error* Syntax error at b0000000000000000000000000000000011110110101101100001000000000000000000000000000000000000000000001111011010110110000100000000000000000000000000000000000000000000111101101011011000010000000000000000000000000000000000000000000011110110101101100001000000000000
"axi_interconnect_wrap_4x2_tb.vcd", 4355: 

*Error* Syntax error at b00
"axi_interconnect_wrap_4x2_tb.vcd", 4356: 

*Error* usage of using constructs outside of modules or primitives is supported only if the option '-sv' is specified
"axi_interconnect_wrap_4x2_tb.vcd", 4357: 

*Error* Syntax error at #
"axi_interconnect_wrap_4x2_tb.vcd", 4357: 

*Error* Syntax error at 0
"axi_interconnect_wrap_4x2_tb.vcd", 4358: 

*Error* usage of using constructs outside of modules or primitives is supported only if the option '-sv' is specified
"axi_interconnect_wrap_4x2_tb.vcd", 4359: 

*Error* Syntax error at #
"axi_interconnect_wrap_4x2_tb.vcd", 4359: 

*Error* Syntax error at 1
"axi_interconnect_wrap_4x2_tb.vcd", 4360: 

*Error* Syntax error at b00000000000000000000000010000101
"axi_interconnect_wrap_4x2_tb.vcd", 4361: 

*Error* Syntax error at b01000000000000000010000000000000
"axi_interconnect_wrap_4x2_tb.vcd", 4362: 

*Error* Syntax error at 0
"axi_interconnect_wrap_4x2_tb.vcd", 4363: 

*Error* Syntax error at b01
"axi_interconnect_wrap_4x2_tb.vcd", 4364: 

*Error* Syntax error at 0
"axi_interconnect_wrap_4x2_tb.vcd", 4365: 

*Error* Syntax error at 1
"axi_interconnect_wrap_4x2_tb.vcd", 4366: 

*Error* Syntax error at b10
"axi_interconnect_wrap_4x2_tb.vcd", 4367: 

*Error* Syntax error at b0000000000000000000000000000000011110110101101100010000000000000
"axi_interconnect_wrap_4x2_tb.vcd", 4368: 

*Error* Syntax error at b00000000000000000000000000000000111101101011011000100000000000000000000000000000000000000000000010100101101001010010000000000000
"axi_interconnect_wrap_4x2_tb.vcd", 4369: 

*Error* Syntax error at b10
"axi_interconnect_wrap_4x2_tb.vcd", 4370: 

*Error* Syntax error at b00
"axi_interconnect_wrap_4x2_tb.vcd", 4371: 

*Error* Syntax error at 0
"axi_interconnect_wrap_4x2_tb.vcd", 4372: 

*Error* Syntax error at 0
"axi_interconnect_wrap_4x2_tb.vcd", 4373: 

*Error* Syntax error at 1
"axi_interconnect_wrap_4x2_tb.vcd", 4374: 

*Error* Syntax error at b0000000000000000000000000000000011110110101101100010000000000000
"axi_interconnect_wrap_4x2_tb.vcd", 4375: 

*Error* Syntax error at b111
"axi_interconnect_wrap_4x2_tb.vcd", 4376: 

*Error* Syntax error at b00
"axi_interconnect_wrap_4x2_tb.vcd", 4377: 

*Error* Syntax error at b0000000000000000000000000000000011110110101101100010000000000000
"axi_interconnect_wrap_4x2_tb.vcd", 4378: 

*Error* Syntax error at 1
"axi_interconnect_wrap_4x2_tb.vcd", 4379: 

*Error* Syntax error at b0010
"axi_interconnect_wrap_4x2_tb.vcd", 4380: 

*Error* usage of using constructs outside of modules or primitives is supported only if the option '-sv' is specified
"axi_interconnect_wrap_4x2_tb.vcd", 4381: 

*Error* Syntax error at #
"axi_interconnect_wrap_4x2_tb.vcd", 4381: 

*Error* Syntax error at 0
"axi_interconnect_wrap_4x2_tb.vcd", 4382: 

*Error* usage of using constructs outside of modules or primitives is supported only if the option '-sv' is specified
"axi_interconnect_wrap_4x2_tb.vcd", 4383: 

*Error* Syntax error at #
"axi_interconnect_wrap_4x2_tb.vcd", 4383: 

*Error* Syntax error at 1
"axi_interconnect_wrap_4x2_tb.vcd", 4384: 

*Error* Syntax error at b00000000000000000000000010000110
"axi_interconnect_wrap_4x2_tb.vcd", 4385: 

*Error* Syntax error at 0
"axi_interconnect_wrap_4x2_tb.vcd", 4386: 

*Error* Syntax error at b00
"axi_interconnect_wrap_4x2_tb.vcd", 4387: 

*Error* Syntax error at 1
"axi_interconnect_wrap_4x2_tb.vcd", 4388: 

*Error* Syntax error at b11
"axi_interconnect_wrap_4x2_tb.vcd", 4389: 

*Error* Syntax error at 1
"axi_interconnect_wrap_4x2_tb.vcd", 4390: 

*Error* Syntax error at b01
"axi_interconnect_wrap_4x2_tb.vcd", 4391: 

*Error* Syntax error at b111
"axi_interconnect_wrap_4x2_tb.vcd", 4392: 

*Error* Syntax error at b00
"axi_interconnect_wrap_4x2_tb.vcd", 4393: 

*Error* Syntax error at 0
"axi_interconnect_wrap_4x2_tb.vcd", 4394: 

*Error* Syntax error at 0
"axi_interconnect_wrap_4x2_tb.vcd", 4395: 

*Error* Syntax error at b0010
"axi_interconnect_wrap_4x2_tb.vcd", 4396: 

*Error* Syntax error at 1
"axi_interconnect_wrap_4x2_tb.vcd", 4397: 

*Error* Syntax error at 1
"axi_interconnect_wrap_4x2_tb.vcd", 4398: 

*Error* Syntax error at b0000000000000000000000000000000011110110101101100010000000000000
"axi_interconnect_wrap_4x2_tb.vcd", 4399: 

*Error* Syntax error at b0000000000000000000000000000000011110110101101100010000000000000
"axi_interconnect_wrap_4x2_tb.vcd", 4400: 

*Error* Syntax error at b0000000000000000000000000000000011110110101101100010000000000000
"axi_interconnect_wrap_4x2_tb.vcd", 4401: 

*Error* Syntax error at b0000000000000000000000000000000011110110101101100010000000000000000000000000000000000000000000001111011010110110001000000000000000000000000000000000000000000000111101101011011000100000000000000000000000000000000000000000000011110110101101100010000000000000
"axi_interconnect_wrap_4x2_tb.vcd", 4402: 

*Error* Syntax error at 0
"axi_interconnect_wrap_4x2_tb.vcd", 4403: 

*Error* Syntax error at 0
"axi_interconnect_wrap_4x2_tb.vcd", 4404: 

*Error* Syntax error at b0000
"axi_interconnect_wrap_4x2_tb.vcd", 4405: 

*Error* Syntax error at b00001000
"axi_interconnect_wrap_4x2_tb.vcd", 4406: 

*Error* Syntax error at b000
"axi_interconnect_wrap_4x2_tb.vcd", 4407: 

*Error* Syntax error at b00000000
"axi_interconnect_wrap_4x2_tb.vcd", 4408: 

*Error* Syntax error at 0
"axi_interconnect_wrap_4x2_tb.vcd", 4409: 

*Error* Syntax error at b000
"axi_interconnect_wrap_4x2_tb.vcd", 4410: 

*Error* usage of using constructs outside of modules or primitives is supported only if the option '-sv' is specified
"axi_interconnect_wrap_4x2_tb.vcd", 4411: 

*Error* Syntax error at #
"axi_interconnect_wrap_4x2_tb.vcd", 4411: 

*Error* Syntax error at 0
"axi_interconnect_wrap_4x2_tb.vcd", 4412: 

*Error* usage of using constructs outside of modules or primitives is supported only if the option '-sv' is specified
"axi_interconnect_wrap_4x2_tb.vcd", 4413: 

*Error* Syntax error at #
"axi_interconnect_wrap_4x2_tb.vcd", 4413: 

*Error* Syntax error at 1
"axi_interconnect_wrap_4x2_tb.vcd", 4414: 

*Error* Syntax error at b00000000000000000000000010000111
"axi_interconnect_wrap_4x2_tb.vcd", 4415: 

*Error* Syntax error at b000
"axi_interconnect_wrap_4x2_tb.vcd", 4416: 

*Error* Syntax error at b00000000
"axi_interconnect_wrap_4x2_tb.vcd", 4417: 

*Error* Syntax error at 0
"axi_interconnect_wrap_4x2_tb.vcd", 4418: 

*Error* Syntax error at b000
"axi_interconnect_wrap_4x2_tb.vcd", 4419: 

*Error* Syntax error at b01000010
"axi_interconnect_wrap_4x2_tb.vcd", 4420: 

*Error* Syntax error at b00000010
"axi_interconnect_wrap_4x2_tb.vcd", 4421: 

*Error* Syntax error at b01000000000000000001000000000000
"axi_interconnect_wrap_4x2_tb.vcd", 4422: 

*Error* Syntax error at b01000000000000000000001000000000
"axi_interconnect_wrap_4x2_tb.vcd", 4423: 

*Error* Syntax error at b1100101011111110101110101011111010101011110011011110111100000001
"axi_interconnect_wrap_4x2_tb.vcd", 4424: 

*Error* Syntax error at 0
"axi_interconnect_wrap_4x2_tb.vcd", 4425: 

*Error* Syntax error at 0
"axi_interconnect_wrap_4x2_tb.vcd", 4426: 

*Error* Syntax error at b00
"axi_interconnect_wrap_4x2_tb.vcd", 4427: 

*Error* Syntax error at b0000
"axi_interconnect_wrap_4x2_tb.vcd", 4428: 

*Error* Syntax error at 0
"axi_interconnect_wrap_4x2_tb.vcd", 4429: 

*Error* Syntax error at b1100101011111110101110101011111010101011110011011110111100000001
"axi_interconnect_wrap_4x2_tb.vcd", 4430: 

*Error* Syntax error at b00000000
"axi_interconnect_wrap_4x2_tb.vcd", 4431: 

*Error* usage of using constructs outside of modules or primitives is supported only if the option '-sv' is specified
"axi_interconnect_wrap_4x2_tb.vcd", 4432: 

*Error* Syntax error at #
"axi_interconnect_wrap_4x2_tb.vcd", 4432: 

*Error* Syntax error at 0
"axi_interconnect_wrap_4x2_tb.vcd", 4433: 

*Error* usage of using constructs outside of modules or primitives is supported only if the option '-sv' is specified
"axi_interconnect_wrap_4x2_tb.vcd", 4434: 

*Error* Syntax error at #
"axi_interconnect_wrap_4x2_tb.vcd", 4434: 

*Error* Syntax error at 1
"axi_interconnect_wrap_4x2_tb.vcd", 4435: 

*Error* Syntax error at b0000000000000000000000000000000011110110101101100010000000000000
"axi_interconnect_wrap_4x2_tb.vcd", 4436: 

*Error* Syntax error at b00000000000000000000000000001101
"axi_interconnect_wrap_4x2_tb.vcd", 4437: 

*Error* Syntax error at b00000000000000000000000010001000
"axi_interconnect_wrap_4x2_tb.vcd", 4438: 

*Error* Syntax error at b1100101011111110101110101011111010101011110011011110111100000001
"axi_interconnect_wrap_4x2_tb.vcd", 4439: 

*Error* Syntax error at b1100101011111110101110101011111010101011110011011110111100000001
"axi_interconnect_wrap_4x2_tb.vcd", 4440: 

*Error* Syntax error at b1100101011111110101110101011111010101011110011011110111100000001
"axi_interconnect_wrap_4x2_tb.vcd", 4441: 

*Error* Syntax error at b11001010111111101011101010111110101010111100110111101111000000011100101011111110101110101011111010101011110011011110111100000001
"axi_interconnect_wrap_4x2_tb.vcd", 4442: 

*Error* usage of using constructs outside of modules or primitives is supported only if the option '-sv' is specified
"axi_interconnect_wrap_4x2_tb.vcd", 4443: 

*Error* Syntax error at #
"axi_interconnect_wrap_4x2_tb.vcd", 4443: 

*Error* Syntax error at 0
"axi_interconnect_wrap_4x2_tb.vcd", 4444: 

*Error* usage of using constructs outside of modules or primitives is supported only if the option '-sv' is specified
"axi_interconnect_wrap_4x2_tb.vcd", 4445: 

*Error* Syntax error at #
"axi_interconnect_wrap_4x2_tb.vcd", 4445: 

*Error* Syntax error at 1
"axi_interconnect_wrap_4x2_tb.vcd", 4446: 

*Error* Syntax error at b01100001
"axi_interconnect_wrap_4x2_tb.vcd", 4447: 

*Error* Syntax error at b00000000000000000011000000000000
"axi_interconnect_wrap_4x2_tb.vcd", 4448: 

*Error* Syntax error at b00100000
"axi_interconnect_wrap_4x2_tb.vcd", 4449: 

*Error* Syntax error at b00100000
"axi_interconnect_wrap_4x2_tb.vcd", 4450: 

*Error* Syntax error at 1
"axi_interconnect_wrap_4x2_tb.vcd", 4451: 

*Error* Syntax error at b00100000
"axi_interconnect_wrap_4x2_tb.vcd", 4452: 

*Error* Syntax error at 1
"axi_interconnect_wrap_4x2_tb.vcd", 4453: 

*Error* Syntax error at 1
"axi_interconnect_wrap_4x2_tb.vcd", 4454: 

*Error* Syntax error at b0100
"axi_interconnect_wrap_4x2_tb.vcd", 4455: 

*Error* Syntax error at b00000000000000000000000010001001
"axi_interconnect_wrap_4x2_tb.vcd", 4456: 

*Error* Syntax error at b00000000011000010101001001000010
"axi_interconnect_wrap_4x2_tb.vcd", 4457: 

*Error* Syntax error at b00000000000000000000000000000000000000000000000000110000000000000100000000000000001000000000000001000000000000000001000000000000
"axi_interconnect_wrap_4x2_tb.vcd", 4458: 

*Error* Syntax error at b101
"axi_interconnect_wrap_4x2_tb.vcd", 4459: 

*Error* Syntax error at b00100000
"axi_interconnect_wrap_4x2_tb.vcd", 4460: 

*Error* Syntax error at b101
"axi_interconnect_wrap_4x2_tb.vcd", 4461: 

*Error* Syntax error at b00100000
"axi_interconnect_wrap_4x2_tb.vcd", 4462: 

*Error* Syntax error at b00100000
"axi_interconnect_wrap_4x2_tb.vcd", 4463: 

*Error* Syntax error at 1
"axi_interconnect_wrap_4x2_tb.vcd", 4464: 

*Error* Syntax error at b101
"axi_interconnect_wrap_4x2_tb.vcd", 4465: 

*Error* Syntax error at b11000000
"axi_interconnect_wrap_4x2_tb.vcd", 4466: 

*Error* usage of using constructs outside of modules or primitives is supported only if the option '-sv' is specified
"axi_interconnect_wrap_4x2_tb.vcd", 4467: 

*Error* Syntax error at #
"axi_interconnect_wrap_4x2_tb.vcd", 4467: 

*Error* Syntax error at 0
"axi_interconnect_wrap_4x2_tb.vcd", 4468: 

*Error* usage of using constructs outside of modules or primitives is supported only if the option '-sv' is specified
"axi_interconnect_wrap_4x2_tb.vcd", 4469: 

*Error* Syntax error at #
"axi_interconnect_wrap_4x2_tb.vcd", 4469: 

*Error* Syntax error at 1
"axi_interconnect_wrap_4x2_tb.vcd", 4470: 

*Error* Syntax error at b00000000000000000000000010001010
"axi_interconnect_wrap_4x2_tb.vcd", 4471: 

*Error* Syntax error at b00100000
"axi_interconnect_wrap_4x2_tb.vcd", 4472: 

*Error* Syntax error at 1
"axi_interconnect_wrap_4x2_tb.vcd", 4473: 

*Error* Syntax error at b101
"axi_interconnect_wrap_4x2_tb.vcd", 4474: 

*Error* Syntax error at b01100001
"axi_interconnect_wrap_4x2_tb.vcd", 4475: 

*Error* Syntax error at b00100010
"axi_interconnect_wrap_4x2_tb.vcd", 4476: 

*Error* Syntax error at b00000000000000000011000000000000
"axi_interconnect_wrap_4x2_tb.vcd", 4477: 

*Error* Syntax error at b01000000000000000000011000000000
"axi_interconnect_wrap_4x2_tb.vcd", 4478: 

*Error* Syntax error at b1110111011101110111111111111111100000000000000000001000100010001
"axi_interconnect_wrap_4x2_tb.vcd", 4479: 

*Error* Syntax error at 1
"axi_interconnect_wrap_4x2_tb.vcd", 4480: 

*Error* Syntax error at b10
"axi_interconnect_wrap_4x2_tb.vcd", 4481: 

*Error* Syntax error at 1
"axi_interconnect_wrap_4x2_tb.vcd", 4482: 

*Error* Syntax error at b11000000
"axi_interconnect_wrap_4x2_tb.vcd", 4483: 

*Error* Syntax error at b00000000
"axi_interconnect_wrap_4x2_tb.vcd", 4484: 

*Error* Syntax error at 0
"axi_interconnect_wrap_4x2_tb.vcd", 4485: 

*Error* Syntax error at b001
"axi_interconnect_wrap_4x2_tb.vcd", 4486: 

*Error* Syntax error at b01100001
"axi_interconnect_wrap_4x2_tb.vcd", 4487: 

*Error* Syntax error at b00000000000000000011000000000000
"axi_interconnect_wrap_4x2_tb.vcd", 4488: 

*Error* Syntax error at 1
"axi_interconnect_wrap_4x2_tb.vcd", 4489: 

*Error* Syntax error at b0100
"axi_interconnect_wrap_4x2_tb.vcd", 4490: 

*Error* Syntax error at b1110111011101110111111111111111100000000000000000001000100010001
"axi_interconnect_wrap_4x2_tb.vcd", 4491: 

*Error* Syntax error at b111
"axi_interconnect_wrap_4x2_tb.vcd", 4492: 

*Error* Syntax error at b10000000
"axi_interconnect_wrap_4x2_tb.vcd", 4493: 

*Error* usage of using constructs outside of modules or primitives is supported only if the option '-sv' is specified
"axi_interconnect_wrap_4x2_tb.vcd", 4494: 

*Error* Syntax error at #
"axi_interconnect_wrap_4x2_tb.vcd", 4494: 

*Error* Syntax error at 0
"axi_interconnect_wrap_4x2_tb.vcd", 4495: 

*Error* usage of using constructs outside of modules or primitives is supported only if the option '-sv' is specified
"axi_interconnect_wrap_4x2_tb.vcd", 4496: 

*Error* Syntax error at #
"axi_interconnect_wrap_4x2_tb.vcd", 4496: 

*Error* Syntax error at 1
"axi_interconnect_wrap_4x2_tb.vcd", 4497: 

*Error* Syntax error at b00000000000000000000000010001011
"axi_interconnect_wrap_4x2_tb.vcd", 4498: 

*Error* Syntax error at b001
"axi_interconnect_wrap_4x2_tb.vcd", 4499: 

*Error* Syntax error at b0100
"axi_interconnect_wrap_4x2_tb.vcd", 4500: 

*Error* Syntax error at 1
"axi_interconnect_wrap_4x2_tb.vcd", 4501: 

*Error* Syntax error at 1
"axi_interconnect_wrap_4x2_tb.vcd", 4502: 

*Error* Syntax error at b01100001
"axi_interconnect_wrap_4x2_tb.vcd", 4503: 

*Error* Syntax error at b01100001
"axi_interconnect_wrap_4x2_tb.vcd", 4504: 

*Error* Syntax error at b01100001011000010110000101100001
"axi_interconnect_wrap_4x2_tb.vcd", 4505: 

*Error* Syntax error at b01100001
"axi_interconnect_wrap_4x2_tb.vcd", 4506: 

*Error* Syntax error at b00000000000000000011000000000000
"axi_interconnect_wrap_4x2_tb.vcd", 4507: 

*Error* Syntax error at b00000000000000000011000000000000
"axi_interconnect_wrap_4x2_tb.vcd", 4508: 

*Error* Syntax error at b0000000000000000001100000000000000000000000000000011000000000000
"axi_interconnect_wrap_4x2_tb.vcd", 4509: 

*Error* Syntax error at b00000000000000000011000000000000
"axi_interconnect_wrap_4x2_tb.vcd", 4510: 

*Error* Syntax error at b00000000000000000011000000000000
"axi_interconnect_wrap_4x2_tb.vcd", 4511: 

*Error* Syntax error at 1
"axi_interconnect_wrap_4x2_tb.vcd", 4512: 

*Error* Syntax error at b1110111011101110111111111111111100000000000000000001000100010001
"axi_interconnect_wrap_4x2_tb.vcd", 4513: 

*Error* Syntax error at b1110111011101110111111111111111100000000000000000001000100010001
"axi_interconnect_wrap_4x2_tb.vcd", 4514: 

*Error* Syntax error at b1110111011101110111111111111111100000000000000000001000100010001
"axi_interconnect_wrap_4x2_tb.vcd", 4515: 

*Error* Syntax error at b11101110111011101111111111111111000000000000000000010001000100011110111011101110111111111111111100000000000000000001000100010001
"axi_interconnect_wrap_4x2_tb.vcd", 4516: 

*Error* Syntax error at b101
"axi_interconnect_wrap_4x2_tb.vcd", 4517: 

*Error* Syntax error at 1
"axi_interconnect_wrap_4x2_tb.vcd", 4518: 

*Error* Syntax error at 0
"axi_interconnect_wrap_4x2_tb.vcd", 4519: 

*Error* Syntax error at b0000
"axi_interconnect_wrap_4x2_tb.vcd", 4520: 

*Error* Syntax error at b10
"axi_interconnect_wrap_4x2_tb.vcd", 4521: 

*Error* Syntax error at b01100001
"axi_interconnect_wrap_4x2_tb.vcd", 4522: 

*Error* usage of using constructs outside of modules or primitives is supported only if the option '-sv' is specified
"axi_interconnect_wrap_4x2_tb.vcd", 4523: 

*Error* Syntax error at #
"axi_interconnect_wrap_4x2_tb.vcd", 4523: 

*Error* Syntax error at 0
"axi_interconnect_wrap_4x2_tb.vcd", 4524: 

*Error* usage of using constructs outside of modules or primitives is supported only if the option '-sv' is specified
"axi_interconnect_wrap_4x2_tb.vcd", 4525: 

*Error* Syntax error at #
"axi_interconnect_wrap_4x2_tb.vcd", 4525: 

*Error* Syntax error at 1
"axi_interconnect_wrap_4x2_tb.vcd", 4526: 

*Error* Syntax error at b00000000000000000000000010001100
"axi_interconnect_wrap_4x2_tb.vcd", 4527: 

*Error* Syntax error at b101
"axi_interconnect_wrap_4x2_tb.vcd", 4528: 

*Error* Syntax error at b0000
"axi_interconnect_wrap_4x2_tb.vcd", 4529: 

*Error* Syntax error at 0
"axi_interconnect_wrap_4x2_tb.vcd", 4530: 

*Error* Syntax error at 0
"axi_interconnect_wrap_4x2_tb.vcd", 4531: 

*Error* Syntax error at b10
"axi_interconnect_wrap_4x2_tb.vcd", 4532: 

*Error* Syntax error at 1
"axi_interconnect_wrap_4x2_tb.vcd", 4533: 

*Error* Syntax error at 1
"axi_interconnect_wrap_4x2_tb.vcd", 4534: 

*Error* Syntax error at 0
"axi_interconnect_wrap_4x2_tb.vcd", 4535: 

*Error* Syntax error at 0
"axi_interconnect_wrap_4x2_tb.vcd", 4536: 

*Error* Syntax error at b01100001
"axi_interconnect_wrap_4x2_tb.vcd", 4537: 

*Error* Syntax error at b01100001
"axi_interconnect_wrap_4x2_tb.vcd", 4538: 

*Error* Syntax error at b01100001011000010110000101100001
"axi_interconnect_wrap_4x2_tb.vcd", 4539: 

*Error* Syntax error at b01100001
"axi_interconnect_wrap_4x2_tb.vcd", 4540: 

*Error* Syntax error at 0
"axi_interconnect_wrap_4x2_tb.vcd", 4541: 

*Error* Syntax error at 0
"axi_interconnect_wrap_4x2_tb.vcd", 4542: 

*Error* Syntax error at b01
"axi_interconnect_wrap_4x2_tb.vcd", 4543: 

*Error* Syntax error at b01
"axi_interconnect_wrap_4x2_tb.vcd", 4544: 

*Error* Syntax error at b0000000000000000000000000000000010100101101001010010000000000000
"axi_interconnect_wrap_4x2_tb.vcd", 4545: 

*Error* Syntax error at b0000000000000000000000000000000010100101101001010010000000000000
"axi_interconnect_wrap_4x2_tb.vcd", 4546: 

*Error* usage of using constructs outside of modules or primitives is supported only if the option '-sv' is specified
"axi_interconnect_wrap_4x2_tb.vcd", 4547: 

*Error* Syntax error at #
"axi_interconnect_wrap_4x2_tb.vcd", 4547: 

*Error* Syntax error at 0
"axi_interconnect_wrap_4x2_tb.vcd", 4548: 

*Error* usage of using constructs outside of modules or primitives is supported only if the option '-sv' is specified
"axi_interconnect_wrap_4x2_tb.vcd", 4549: 

*Error* Syntax error at #
"axi_interconnect_wrap_4x2_tb.vcd", 4549: 

*Error* Syntax error at 1
"axi_interconnect_wrap_4x2_tb.vcd", 4550: 

*Error* Syntax error at b00000000
"axi_interconnect_wrap_4x2_tb.vcd", 4551: 

*Error* Syntax error at b00000000
"axi_interconnect_wrap_4x2_tb.vcd", 4552: 

*Error* Syntax error at 0
"axi_interconnect_wrap_4x2_tb.vcd", 4553: 

*Error* Syntax error at 0
"axi_interconnect_wrap_4x2_tb.vcd", 4554: 

*Error* Syntax error at 0
"axi_interconnect_wrap_4x2_tb.vcd", 4555: 

*Error* Syntax error at b0000
"axi_interconnect_wrap_4x2_tb.vcd", 4556: 

*Error* Syntax error at b00000000000000000000000010001101
"axi_interconnect_wrap_4x2_tb.vcd", 4557: 

*Error* Syntax error at b111
"axi_interconnect_wrap_4x2_tb.vcd", 4558: 

*Error* Syntax error at b10000000
"axi_interconnect_wrap_4x2_tb.vcd", 4559: 

*Error* Syntax error at b01
"axi_interconnect_wrap_4x2_tb.vcd", 4560: 

*Error* Syntax error at 1
"axi_interconnect_wrap_4x2_tb.vcd", 4561: 

*Error* Syntax error at 1
"axi_interconnect_wrap_4x2_tb.vcd", 4562: 

*Error* Syntax error at b01
"axi_interconnect_wrap_4x2_tb.vcd", 4563: 

*Error* Syntax error at 0
"axi_interconnect_wrap_4x2_tb.vcd", 4564: 

*Error* Syntax error at 1
"axi_interconnect_wrap_4x2_tb.vcd", 4565: 

*Error* Syntax error at 1
"axi_interconnect_wrap_4x2_tb.vcd", 4566: 

*Error* Syntax error at 0
"axi_interconnect_wrap_4x2_tb.vcd", 4567: 

*Error* Syntax error at b0000000000000000000000000000000010100101101001010010000000000000
"axi_interconnect_wrap_4x2_tb.vcd", 4568: 

*Error* Syntax error at b0000000000000000000000000000000010100101101001010010000000000000
"axi_interconnect_wrap_4x2_tb.vcd", 4569: 

*Error* Syntax error at b0000000000000000000000000000000010100101101001010010000000000000
"axi_interconnect_wrap_4x2_tb.vcd", 4570: 

*Error* Syntax error at b0000000000000000000000000000000010100101101001010010000000000000000000000000000000000000000000001010010110100101001000000000000000000000000000000000000000000000101001011010010100100000000000000000000000000000000000000000000010100101101001010010000000000000
"axi_interconnect_wrap_4x2_tb.vcd", 4571: 

*Error* Syntax error at b00
"axi_interconnect_wrap_4x2_tb.vcd", 4572: 

*Error* usage of using constructs outside of modules or primitives is supported only if the option '-sv' is specified
"axi_interconnect_wrap_4x2_tb.vcd", 4573: 

*Error* Syntax error at #
"axi_interconnect_wrap_4x2_tb.vcd", 4573: 

*Error* Syntax error at 0
"axi_interconnect_wrap_4x2_tb.vcd", 4574: 

*Error* usage of using constructs outside of modules or primitives is supported only if the option '-sv' is specified
"axi_interconnect_wrap_4x2_tb.vcd", 4575: 

*Error* Syntax error at #
"axi_interconnect_wrap_4x2_tb.vcd", 4575: 

*Error* Syntax error at 1
"axi_interconnect_wrap_4x2_tb.vcd", 4576: 

*Error* Syntax error at b00000000000000000000000010001110
"axi_interconnect_wrap_4x2_tb.vcd", 4577: 

*Error* Syntax error at b00000000000000000011000000000000
"axi_interconnect_wrap_4x2_tb.vcd", 4578: 

*Error* Syntax error at 0
"axi_interconnect_wrap_4x2_tb.vcd", 4579: 

*Error* Syntax error at b10
"axi_interconnect_wrap_4x2_tb.vcd", 4580: 

*Error* Syntax error at 0
"axi_interconnect_wrap_4x2_tb.vcd", 4581: 

*Error* Syntax error at 1
"axi_interconnect_wrap_4x2_tb.vcd", 4582: 

*Error* Syntax error at b01
"axi_interconnect_wrap_4x2_tb.vcd", 4583: 

*Error* Syntax error at b0000000000000000000000000000000010100101101001010011000000000000
"axi_interconnect_wrap_4x2_tb.vcd", 4584: 

*Error* Syntax error at b00000000000000000000000000000000111101101011011000100000000000000000000000000000000000000000000010100101101001010011000000000000
"axi_interconnect_wrap_4x2_tb.vcd", 4585: 

*Error* Syntax error at b10
"axi_interconnect_wrap_4x2_tb.vcd", 4586: 

*Error* Syntax error at b00
"axi_interconnect_wrap_4x2_tb.vcd", 4587: 

*Error* Syntax error at 0
"axi_interconnect_wrap_4x2_tb.vcd", 4588: 

*Error* Syntax error at 0
"axi_interconnect_wrap_4x2_tb.vcd", 4589: 

*Error* Syntax error at 1
"axi_interconnect_wrap_4x2_tb.vcd", 4590: 

*Error* Syntax error at b0000000000000000000000000000000010100101101001010011000000000000
"axi_interconnect_wrap_4x2_tb.vcd", 4591: 

*Error* Syntax error at b111
"axi_interconnect_wrap_4x2_tb.vcd", 4592: 

*Error* Syntax error at b00
"axi_interconnect_wrap_4x2_tb.vcd", 4593: 

*Error* Syntax error at b0000000000000000000000000000000010100101101001010011000000000000
"axi_interconnect_wrap_4x2_tb.vcd", 4594: 

*Error* Syntax error at 1
"axi_interconnect_wrap_4x2_tb.vcd", 4595: 

*Error* Syntax error at b0100
"axi_interconnect_wrap_4x2_tb.vcd", 4596: 

*Error* usage of using constructs outside of modules or primitives is supported only if the option '-sv' is specified
"axi_interconnect_wrap_4x2_tb.vcd", 4597: 

*Error* Syntax error at #
"axi_interconnect_wrap_4x2_tb.vcd", 4597: 

*Error* Syntax error at 0
"axi_interconnect_wrap_4x2_tb.vcd", 4598: 

*Error* usage of using constructs outside of modules or primitives is supported only if the option '-sv' is specified
"axi_interconnect_wrap_4x2_tb.vcd", 4599: 

*Error* Syntax error at #
"axi_interconnect_wrap_4x2_tb.vcd", 4599: 

*Error* Syntax error at 1
"axi_interconnect_wrap_4x2_tb.vcd", 4600: 

*Error* Syntax error at b00000000000000000000000010001111
"axi_interconnect_wrap_4x2_tb.vcd", 4601: 

*Error* Syntax error at 0
"axi_interconnect_wrap_4x2_tb.vcd", 4602: 

*Error* Syntax error at b00
"axi_interconnect_wrap_4x2_tb.vcd", 4603: 

*Error* Syntax error at 1
"axi_interconnect_wrap_4x2_tb.vcd", 4604: 

*Error* Syntax error at b11
"axi_interconnect_wrap_4x2_tb.vcd", 4605: 

*Error* Syntax error at 1
"axi_interconnect_wrap_4x2_tb.vcd", 4606: 

*Error* Syntax error at b01
"axi_interconnect_wrap_4x2_tb.vcd", 4607: 

*Error* Syntax error at b111
"axi_interconnect_wrap_4x2_tb.vcd", 4608: 

*Error* Syntax error at b00
"axi_interconnect_wrap_4x2_tb.vcd", 4609: 

*Error* Syntax error at 0
"axi_interconnect_wrap_4x2_tb.vcd", 4610: 

*Error* Syntax error at 0
"axi_interconnect_wrap_4x2_tb.vcd", 4611: 

*Error* Syntax error at b0100
"axi_interconnect_wrap_4x2_tb.vcd", 4612: 

*Error* Syntax error at 1
"axi_interconnect_wrap_4x2_tb.vcd", 4613: 

*Error* Syntax error at 1
"axi_interconnect_wrap_4x2_tb.vcd", 4614: 

*Error* Syntax error at b0000000000000000000000000000000010100101101001010011000000000000
"axi_interconnect_wrap_4x2_tb.vcd", 4615: 

*Error* Syntax error at b0000000000000000000000000000000010100101101001010011000000000000
"axi_interconnect_wrap_4x2_tb.vcd", 4616: 

*Error* Syntax error at b0000000000000000000000000000000010100101101001010011000000000000
"axi_interconnect_wrap_4x2_tb.vcd", 4617: 

*Error* Syntax error at b0000000000000000000000000000000010100101101001010011000000000000000000000000000000000000000000001010010110100101001100000000000000000000000000000000000000000000101001011010010100110000000000000000000000000000000000000000000010100101101001010011000000000000
"axi_interconnect_wrap_4x2_tb.vcd", 4618: 

*Error* Syntax error at 0
"axi_interconnect_wrap_4x2_tb.vcd", 4619: 

*Error* Syntax error at 0
"axi_interconnect_wrap_4x2_tb.vcd", 4620: 

*Error* Syntax error at b0000
"axi_interconnect_wrap_4x2_tb.vcd", 4621: 

*Error* Syntax error at b00100000
"axi_interconnect_wrap_4x2_tb.vcd", 4622: 

*Error* Syntax error at b000
"axi_interconnect_wrap_4x2_tb.vcd", 4623: 

*Error* Syntax error at b00000000
"axi_interconnect_wrap_4x2_tb.vcd", 4624: 

*Error* Syntax error at 0
"axi_interconnect_wrap_4x2_tb.vcd", 4625: 

*Error* Syntax error at b000
"axi_interconnect_wrap_4x2_tb.vcd", 4626: 

*Error* usage of using constructs outside of modules or primitives is supported only if the option '-sv' is specified
"axi_interconnect_wrap_4x2_tb.vcd", 4627: 

*Error* Syntax error at #
"axi_interconnect_wrap_4x2_tb.vcd", 4627: 

*Error* Syntax error at 0
"axi_interconnect_wrap_4x2_tb.vcd", 4628: 

*Error* usage of using constructs outside of modules or primitives is supported only if the option '-sv' is specified
"axi_interconnect_wrap_4x2_tb.vcd", 4629: 

*Error* Syntax error at #
"axi_interconnect_wrap_4x2_tb.vcd", 4629: 

*Error* Syntax error at 1
"axi_interconnect_wrap_4x2_tb.vcd", 4630: 

*Error* Syntax error at b00000000000000000000000010010000
"axi_interconnect_wrap_4x2_tb.vcd", 4631: 

*Error* Syntax error at b000
"axi_interconnect_wrap_4x2_tb.vcd", 4632: 

*Error* Syntax error at b00000000
"axi_interconnect_wrap_4x2_tb.vcd", 4633: 

*Error* Syntax error at 0
"axi_interconnect_wrap_4x2_tb.vcd", 4634: 

*Error* Syntax error at b000
"axi_interconnect_wrap_4x2_tb.vcd", 4635: 

*Error* Syntax error at b01000010
"axi_interconnect_wrap_4x2_tb.vcd", 4636: 

*Error* Syntax error at b00000010
"axi_interconnect_wrap_4x2_tb.vcd", 4637: 

*Error* Syntax error at b01000000000000000001000000000000
"axi_interconnect_wrap_4x2_tb.vcd", 4638: 

*Error* Syntax error at b01000000000000000000001000000000
"axi_interconnect_wrap_4x2_tb.vcd", 4639: 

*Error* Syntax error at b1100101011111110101110101011111010101011110011011110111100000001
"axi_interconnect_wrap_4x2_tb.vcd", 4640: 

*Error* Syntax error at 0
"axi_interconnect_wrap_4x2_tb.vcd", 4641: 

*Error* Syntax error at 0
"axi_interconnect_wrap_4x2_tb.vcd", 4642: 

*Error* Syntax error at b00
"axi_interconnect_wrap_4x2_tb.vcd", 4643: 

*Error* Syntax error at b0000
"axi_interconnect_wrap_4x2_tb.vcd", 4644: 

*Error* Syntax error at 0
"axi_interconnect_wrap_4x2_tb.vcd", 4645: 

*Error* Syntax error at b1100101011111110101110101011111010101011110011011110111100000001
"axi_interconnect_wrap_4x2_tb.vcd", 4646: 

*Error* Syntax error at b00000000
"axi_interconnect_wrap_4x2_tb.vcd", 4647: 

*Error* usage of using constructs outside of modules or primitives is supported only if the option '-sv' is specified
"axi_interconnect_wrap_4x2_tb.vcd", 4648: 

*Error* Syntax error at #
"axi_interconnect_wrap_4x2_tb.vcd", 4648: 

*Error* Syntax error at 0
"axi_interconnect_wrap_4x2_tb.vcd", 4649: 

*Error* usage of using constructs outside of modules or primitives is supported only if the option '-sv' is specified
"axi_interconnect_wrap_4x2_tb.vcd", 4650: 

*Error* Syntax error at #
"axi_interconnect_wrap_4x2_tb.vcd", 4650: 

*Error* Syntax error at 1
"axi_interconnect_wrap_4x2_tb.vcd", 4651: 

*Error* Syntax error at b0000000000000000000000000000000010100101101001010011000000000000
"axi_interconnect_wrap_4x2_tb.vcd", 4652: 

*Error* Syntax error at b00000000000000000000000000001110
"axi_interconnect_wrap_4x2_tb.vcd", 4653: 

*Error* Syntax error at b00000000000000000000000010010001
"axi_interconnect_wrap_4x2_tb.vcd", 4654: 

*Error* Syntax error at b1100101011111110101110101011111010101011110011011110111100000001
"axi_interconnect_wrap_4x2_tb.vcd", 4655: 

*Error* Syntax error at b1100101011111110101110101011111010101011110011011110111100000001
"axi_interconnect_wrap_4x2_tb.vcd", 4656: 

*Error* Syntax error at b1100101011111110101110101011111010101011110011011110111100000001
"axi_interconnect_wrap_4x2_tb.vcd", 4657: 

*Error* Syntax error at b11001010111111101011101010111110101010111100110111101111000000011100101011111110101110101011111010101011110011011110111100000001
"axi_interconnect_wrap_4x2_tb.vcd", 4658: 

*Error* usage of using constructs outside of modules or primitives is supported only if the option '-sv' is specified
"axi_interconnect_wrap_4x2_tb.vcd", 4659: 

*Error* Syntax error at #
"axi_interconnect_wrap_4x2_tb.vcd", 4659: 

*Error* Syntax error at 0
"axi_interconnect_wrap_4x2_tb.vcd", 4660: 

*Error* usage of using constructs outside of modules or primitives is supported only if the option '-sv' is specified
"axi_interconnect_wrap_4x2_tb.vcd", 4661: 

*Error* Syntax error at #
"axi_interconnect_wrap_4x2_tb.vcd", 4661: 

*Error* Syntax error at 1
"axi_interconnect_wrap_4x2_tb.vcd", 4662: 

*Error* Syntax error at b01100010
"axi_interconnect_wrap_4x2_tb.vcd", 4663: 

*Error* Syntax error at b01000000000000000011000000000000
"axi_interconnect_wrap_4x2_tb.vcd", 4664: 

*Error* Syntax error at b00100000
"axi_interconnect_wrap_4x2_tb.vcd", 4665: 

*Error* Syntax error at b00100000
"axi_interconnect_wrap_4x2_tb.vcd", 4666: 

*Error* Syntax error at 1
"axi_interconnect_wrap_4x2_tb.vcd", 4667: 

*Error* Syntax error at 1
"axi_interconnect_wrap_4x2_tb.vcd", 4668: 

*Error* Syntax error at b0100
"axi_interconnect_wrap_4x2_tb.vcd", 4669: 

*Error* Syntax error at b00000000000000000000000010010010
"axi_interconnect_wrap_4x2_tb.vcd", 4670: 

*Error* Syntax error at b00000000011000100101001001000010
"axi_interconnect_wrap_4x2_tb.vcd", 4671: 

*Error* Syntax error at b00000000000000000000000000000000010000000000000000110000000000000100000000000000001000000000000001000000000000000001000000000000
"axi_interconnect_wrap_4x2_tb.vcd", 4672: 

*Error* Syntax error at b101
"axi_interconnect_wrap_4x2_tb.vcd", 4673: 

*Error* Syntax error at b00100000
"axi_interconnect_wrap_4x2_tb.vcd", 4674: 

*Error* Syntax error at b00100000
"axi_interconnect_wrap_4x2_tb.vcd", 4675: 

*Error* Syntax error at 1
"axi_interconnect_wrap_4x2_tb.vcd", 4676: 

*Error* Syntax error at b101
"axi_interconnect_wrap_4x2_tb.vcd", 4677: 

*Error* usage of using constructs outside of modules or primitives is supported only if the option '-sv' is specified
"axi_interconnect_wrap_4x2_tb.vcd", 4678: 

*Error* Syntax error at #
"axi_interconnect_wrap_4x2_tb.vcd", 4678: 

*Error* Syntax error at 0
"axi_interconnect_wrap_4x2_tb.vcd", 4679: 

*Error* usage of using constructs outside of modules or primitives is supported only if the option '-sv' is specified
"axi_interconnect_wrap_4x2_tb.vcd", 4680: 

*Error* Syntax error at #
"axi_interconnect_wrap_4x2_tb.vcd", 4680: 

*Error* Syntax error at 1
"axi_interconnect_wrap_4x2_tb.vcd", 4681: 

*Error* Syntax error at b00000000000000000000000010010011
"axi_interconnect_wrap_4x2_tb.vcd", 4682: 

*Error* Syntax error at b00100000
"axi_interconnect_wrap_4x2_tb.vcd", 4683: 

*Error* Syntax error at 1
"axi_interconnect_wrap_4x2_tb.vcd", 4684: 

*Error* Syntax error at b101
"axi_interconnect_wrap_4x2_tb.vcd", 4685: 

*Error* Syntax error at b01100010
"axi_interconnect_wrap_4x2_tb.vcd", 4686: 

*Error* Syntax error at b00100010
"axi_interconnect_wrap_4x2_tb.vcd", 4687: 

*Error* Syntax error at b01000000000000000011000000000000
"axi_interconnect_wrap_4x2_tb.vcd", 4688: 

*Error* Syntax error at b01000000000000000000011000000000
"axi_interconnect_wrap_4x2_tb.vcd", 4689: 

*Error* Syntax error at b1110111011101110111111111111111100000000000000000001000100010001
"axi_interconnect_wrap_4x2_tb.vcd", 4690: 

*Error* Syntax error at 1
"axi_interconnect_wrap_4x2_tb.vcd", 4691: 

*Error* Syntax error at b10
"axi_interconnect_wrap_4x2_tb.vcd", 4692: 

*Error* Syntax error at 1
"axi_interconnect_wrap_4x2_tb.vcd", 4693: 

*Error* Syntax error at b001
"axi_interconnect_wrap_4x2_tb.vcd", 4694: 

*Error* Syntax error at b01100010
"axi_interconnect_wrap_4x2_tb.vcd", 4695: 

*Error* Syntax error at b01000000000000000011000000000000
"axi_interconnect_wrap_4x2_tb.vcd", 4696: 

*Error* Syntax error at 1
"axi_interconnect_wrap_4x2_tb.vcd", 4697: 

*Error* Syntax error at b0100
"axi_interconnect_wrap_4x2_tb.vcd", 4698: 

*Error* Syntax error at b1110111011101110111111111111111100000000000000000001000100010001
"axi_interconnect_wrap_4x2_tb.vcd", 4699: 

*Error* usage of using constructs outside of modules or primitives is supported only if the option '-sv' is specified
"axi_interconnect_wrap_4x2_tb.vcd", 4700: 

*Error* Syntax error at #
"axi_interconnect_wrap_4x2_tb.vcd", 4700: 

*Error* Syntax error at 0
"axi_interconnect_wrap_4x2_tb.vcd", 4701: 

*Error* usage of using constructs outside of modules or primitives is supported only if the option '-sv' is specified
"axi_interconnect_wrap_4x2_tb.vcd", 4702: 

*Error* Syntax error at #
"axi_interconnect_wrap_4x2_tb.vcd", 4702: 

*Error* Syntax error at 1
"axi_interconnect_wrap_4x2_tb.vcd", 4703: 

*Error* Syntax error at b00000000000000000000000010010100
"axi_interconnect_wrap_4x2_tb.vcd", 4704: 

*Error* Syntax error at b001
"axi_interconnect_wrap_4x2_tb.vcd", 4705: 

*Error* Syntax error at b0100
"axi_interconnect_wrap_4x2_tb.vcd", 4706: 

*Error* Syntax error at 1
"axi_interconnect_wrap_4x2_tb.vcd", 4707: 

*Error* Syntax error at 1
"axi_interconnect_wrap_4x2_tb.vcd", 4708: 

*Error* Syntax error at b01100010
"axi_interconnect_wrap_4x2_tb.vcd", 4709: 

*Error* Syntax error at b01100010
"axi_interconnect_wrap_4x2_tb.vcd", 4710: 

*Error* Syntax error at b01100010011000100110001001100010
"axi_interconnect_wrap_4x2_tb.vcd", 4711: 

*Error* Syntax error at b01100010
"axi_interconnect_wrap_4x2_tb.vcd", 4712: 

*Error* Syntax error at b01000000000000000011000000000000
"axi_interconnect_wrap_4x2_tb.vcd", 4713: 

*Error* Syntax error at b01000000000000000011000000000000
"axi_interconnect_wrap_4x2_tb.vcd", 4714: 

*Error* Syntax error at b0100000000000000001100000000000001000000000000000011000000000000
"axi_interconnect_wrap_4x2_tb.vcd", 4715: 

*Error* Syntax error at b01000000000000000011000000000000
"axi_interconnect_wrap_4x2_tb.vcd", 4716: 

*Error* Syntax error at b01000000000000000011000000000000
"axi_interconnect_wrap_4x2_tb.vcd", 4717: 

*Error* Syntax error at 1
"axi_interconnect_wrap_4x2_tb.vcd", 4718: 

*Error* Syntax error at b1110111011101110111111111111111100000000000000000001000100010001
"axi_interconnect_wrap_4x2_tb.vcd", 4719: 

*Error* Syntax error at b1110111011101110111111111111111100000000000000000001000100010001
"axi_interconnect_wrap_4x2_tb.vcd", 4720: 

*Error* Syntax error at b1110111011101110111111111111111100000000000000000001000100010001
"axi_interconnect_wrap_4x2_tb.vcd", 4721: 

*Error* Syntax error at b11101110111011101111111111111111000000000000000000010001000100011110111011101110111111111111111100000000000000000001000100010001
"axi_interconnect_wrap_4x2_tb.vcd", 4722: 

*Error* Syntax error at b101
"axi_interconnect_wrap_4x2_tb.vcd", 4723: 

*Error* Syntax error at 1
"axi_interconnect_wrap_4x2_tb.vcd", 4724: 

*Error* Syntax error at 1
"axi_interconnect_wrap_4x2_tb.vcd", 4725: 

*Error* Syntax error at b0000
"axi_interconnect_wrap_4x2_tb.vcd", 4726: 

*Error* Syntax error at b01
"axi_interconnect_wrap_4x2_tb.vcd", 4727: 

*Error* Syntax error at b01100010
"axi_interconnect_wrap_4x2_tb.vcd", 4728: 

*Error* usage of using constructs outside of modules or primitives is supported only if the option '-sv' is specified
"axi_interconnect_wrap_4x2_tb.vcd", 4729: 

*Error* Syntax error at #
"axi_interconnect_wrap_4x2_tb.vcd", 4729: 

*Error* Syntax error at 0
"axi_interconnect_wrap_4x2_tb.vcd", 4730: 

*Error* usage of using constructs outside of modules or primitives is supported only if the option '-sv' is specified
"axi_interconnect_wrap_4x2_tb.vcd", 4731: 

*Error* Syntax error at #
"axi_interconnect_wrap_4x2_tb.vcd", 4731: 

*Error* Syntax error at 1
"axi_interconnect_wrap_4x2_tb.vcd", 4732: 

*Error* Syntax error at b00000000000000000000000010010101
"axi_interconnect_wrap_4x2_tb.vcd", 4733: 

*Error* Syntax error at b101
"axi_interconnect_wrap_4x2_tb.vcd", 4734: 

*Error* Syntax error at b0000
"axi_interconnect_wrap_4x2_tb.vcd", 4735: 

*Error* Syntax error at 0
"axi_interconnect_wrap_4x2_tb.vcd", 4736: 

*Error* Syntax error at 0
"axi_interconnect_wrap_4x2_tb.vcd", 4737: 

*Error* Syntax error at b01
"axi_interconnect_wrap_4x2_tb.vcd", 4738: 

*Error* Syntax error at 1
"axi_interconnect_wrap_4x2_tb.vcd", 4739: 

*Error* Syntax error at 1
"axi_interconnect_wrap_4x2_tb.vcd", 4740: 

*Error* Syntax error at 1
"axi_interconnect_wrap_4x2_tb.vcd", 4741: 

*Error* Syntax error at 0
"axi_interconnect_wrap_4x2_tb.vcd", 4742: 

*Error* Syntax error at b01100010
"axi_interconnect_wrap_4x2_tb.vcd", 4743: 

*Error* Syntax error at b01100010
"axi_interconnect_wrap_4x2_tb.vcd", 4744: 

*Error* Syntax error at b01100010011000100110001001100010
"axi_interconnect_wrap_4x2_tb.vcd", 4745: 

*Error* Syntax error at b01100010
"axi_interconnect_wrap_4x2_tb.vcd", 4746: 

*Error* Syntax error at 0
"axi_interconnect_wrap_4x2_tb.vcd", 4747: 

*Error* Syntax error at 0
"axi_interconnect_wrap_4x2_tb.vcd", 4748: 

*Error* Syntax error at b10
"axi_interconnect_wrap_4x2_tb.vcd", 4749: 

*Error* Syntax error at b10
"axi_interconnect_wrap_4x2_tb.vcd", 4750: 

*Error* Syntax error at b0000000000000000000000000000000011110110101101100010000000000000
"axi_interconnect_wrap_4x2_tb.vcd", 4751: 

*Error* Syntax error at b0000000000000000000000000000000011110110101101100010000000000000
"axi_interconnect_wrap_4x2_tb.vcd", 4752: 

*Error* usage of using constructs outside of modules or primitives is supported only if the option '-sv' is specified
"axi_interconnect_wrap_4x2_tb.vcd", 4753: 

*Error* Syntax error at #
"axi_interconnect_wrap_4x2_tb.vcd", 4753: 

*Error* Syntax error at 0
"axi_interconnect_wrap_4x2_tb.vcd", 4754: 

*Error* usage of using constructs outside of modules or primitives is supported only if the option '-sv' is specified
"axi_interconnect_wrap_4x2_tb.vcd", 4755: 

*Error* Syntax error at #
"axi_interconnect_wrap_4x2_tb.vcd", 4755: 

*Error* Syntax error at 1
"axi_interconnect_wrap_4x2_tb.vcd", 4756: 

*Error* Syntax error at b00000000
"axi_interconnect_wrap_4x2_tb.vcd", 4757: 

*Error* Syntax error at b00000000
"axi_interconnect_wrap_4x2_tb.vcd", 4758: 

*Error* Syntax error at 0
"axi_interconnect_wrap_4x2_tb.vcd", 4759: 

*Error* Syntax error at 0
"axi_interconnect_wrap_4x2_tb.vcd", 4760: 

*Error* Syntax error at 0
"axi_interconnect_wrap_4x2_tb.vcd", 4761: 

*Error* Syntax error at b0000
"axi_interconnect_wrap_4x2_tb.vcd", 4762: 

*Error* Syntax error at b00000000000000000000000010010110
"axi_interconnect_wrap_4x2_tb.vcd", 4763: 

*Error* Syntax error at b111
"axi_interconnect_wrap_4x2_tb.vcd", 4764: 

*Error* Syntax error at b10000000
"axi_interconnect_wrap_4x2_tb.vcd", 4765: 

*Error* Syntax error at b10
"axi_interconnect_wrap_4x2_tb.vcd", 4766: 

*Error* Syntax error at 1
"axi_interconnect_wrap_4x2_tb.vcd", 4767: 

*Error* Syntax error at 1
"axi_interconnect_wrap_4x2_tb.vcd", 4768: 

*Error* Syntax error at b10
"axi_interconnect_wrap_4x2_tb.vcd", 4769: 

*Error* Syntax error at 1
"axi_interconnect_wrap_4x2_tb.vcd", 4770: 

*Error* Syntax error at 0
"axi_interconnect_wrap_4x2_tb.vcd", 4771: 

*Error* Syntax error at 1
"axi_interconnect_wrap_4x2_tb.vcd", 4772: 

*Error* Syntax error at 0
"axi_interconnect_wrap_4x2_tb.vcd", 4773: 

*Error* Syntax error at b0000000000000000000000000000000011110110101101100010000000000000
"axi_interconnect_wrap_4x2_tb.vcd", 4774: 

*Error* Syntax error at b0000000000000000000000000000000011110110101101100010000000000000
"axi_interconnect_wrap_4x2_tb.vcd", 4775: 

*Error* Syntax error at b0000000000000000000000000000000011110110101101100010000000000000
"axi_interconnect_wrap_4x2_tb.vcd", 4776: 

*Error* Syntax error at b0000000000000000000000000000000011110110101101100010000000000000000000000000000000000000000000001111011010110110001000000000000000000000000000000000000000000000111101101011011000100000000000000000000000000000000000000000000011110110101101100010000000000000
"axi_interconnect_wrap_4x2_tb.vcd", 4777: 

*Error* Syntax error at b00
"axi_interconnect_wrap_4x2_tb.vcd", 4778: 

*Error* usage of using constructs outside of modules or primitives is supported only if the option '-sv' is specified
"axi_interconnect_wrap_4x2_tb.vcd", 4779: 

*Error* Syntax error at #
"axi_interconnect_wrap_4x2_tb.vcd", 4779: 

*Error* Syntax error at 0
"axi_interconnect_wrap_4x2_tb.vcd", 4780: 

*Error* usage of using constructs outside of modules or primitives is supported only if the option '-sv' is specified
"axi_interconnect_wrap_4x2_tb.vcd", 4781: 

*Error* Syntax error at #
"axi_interconnect_wrap_4x2_tb.vcd", 4781: 

*Error* Syntax error at 1
"axi_interconnect_wrap_4x2_tb.vcd", 4782: 

*Error* Syntax error at b00000000000000000000000010010111
"axi_interconnect_wrap_4x2_tb.vcd", 4783: 

*Error* Syntax error at b01000000000000000011000000000000
"axi_interconnect_wrap_4x2_tb.vcd", 4784: 

*Error* Syntax error at 0
"axi_interconnect_wrap_4x2_tb.vcd", 4785: 

*Error* Syntax error at b01
"axi_interconnect_wrap_4x2_tb.vcd", 4786: 

*Error* Syntax error at 0
"axi_interconnect_wrap_4x2_tb.vcd", 4787: 

*Error* Syntax error at 1
"axi_interconnect_wrap_4x2_tb.vcd", 4788: 

*Error* Syntax error at b10
"axi_interconnect_wrap_4x2_tb.vcd", 4789: 

*Error* Syntax error at b0000000000000000000000000000000011110110101101100011000000000000
"axi_interconnect_wrap_4x2_tb.vcd", 4790: 

*Error* Syntax error at b00000000000000000000000000000000111101101011011000110000000000000000000000000000000000000000000010100101101001010011000000000000
"axi_interconnect_wrap_4x2_tb.vcd", 4791: 

*Error* Syntax error at b10
"axi_interconnect_wrap_4x2_tb.vcd", 4792: 

*Error* Syntax error at b00
"axi_interconnect_wrap_4x2_tb.vcd", 4793: 

*Error* Syntax error at 0
"axi_interconnect_wrap_4x2_tb.vcd", 4794: 

*Error* Syntax error at 0
"axi_interconnect_wrap_4x2_tb.vcd", 4795: 

*Error* Syntax error at 1
"axi_interconnect_wrap_4x2_tb.vcd", 4796: 

*Error* Syntax error at b0000000000000000000000000000000011110110101101100011000000000000
"axi_interconnect_wrap_4x2_tb.vcd", 4797: 

*Error* Syntax error at b111
"axi_interconnect_wrap_4x2_tb.vcd", 4798: 

*Error* Syntax error at b00
"axi_interconnect_wrap_4x2_tb.vcd", 4799: 

*Error* Syntax error at b0000000000000000000000000000000011110110101101100011000000000000
"axi_interconnect_wrap_4x2_tb.vcd", 4800: 

*Error* Syntax error at 1
"axi_interconnect_wrap_4x2_tb.vcd", 4801: 

*Error* Syntax error at b0100
"axi_interconnect_wrap_4x2_tb.vcd", 4802: 

*Error* usage of using constructs outside of modules or primitives is supported only if the option '-sv' is specified
"axi_interconnect_wrap_4x2_tb.vcd", 4803: 

*Error* Syntax error at #
"axi_interconnect_wrap_4x2_tb.vcd", 4803: 

*Error* Syntax error at 0
"axi_interconnect_wrap_4x2_tb.vcd", 4804: 

*Error* usage of using constructs outside of modules or primitives is supported only if the option '-sv' is specified
"axi_interconnect_wrap_4x2_tb.vcd", 4805: 

*Error* Syntax error at #
"axi_interconnect_wrap_4x2_tb.vcd", 4805: 

*Error* Syntax error at 1
"axi_interconnect_wrap_4x2_tb.vcd", 4806: 

*Error* Syntax error at b00000000000000000000000010011000
"axi_interconnect_wrap_4x2_tb.vcd", 4807: 

*Error* Syntax error at 0
"axi_interconnect_wrap_4x2_tb.vcd", 4808: 

*Error* Syntax error at b00
"axi_interconnect_wrap_4x2_tb.vcd", 4809: 

*Error* Syntax error at 1
"axi_interconnect_wrap_4x2_tb.vcd", 4810: 

*Error* Syntax error at b11
"axi_interconnect_wrap_4x2_tb.vcd", 4811: 

*Error* Syntax error at 1
"axi_interconnect_wrap_4x2_tb.vcd", 4812: 

*Error* Syntax error at b01
"axi_interconnect_wrap_4x2_tb.vcd", 4813: 

*Error* Syntax error at b111
"axi_interconnect_wrap_4x2_tb.vcd", 4814: 

*Error* Syntax error at b00
"axi_interconnect_wrap_4x2_tb.vcd", 4815: 

*Error* Syntax error at 0
"axi_interconnect_wrap_4x2_tb.vcd", 4816: 

*Error* Syntax error at 0
"axi_interconnect_wrap_4x2_tb.vcd", 4817: 

*Error* Syntax error at b0100
"axi_interconnect_wrap_4x2_tb.vcd", 4818: 

*Error* Syntax error at 1
"axi_interconnect_wrap_4x2_tb.vcd", 4819: 

*Error* Syntax error at 1
"axi_interconnect_wrap_4x2_tb.vcd", 4820: 

*Error* Syntax error at b0000000000000000000000000000000011110110101101100011000000000000
"axi_interconnect_wrap_4x2_tb.vcd", 4821: 

*Error* Syntax error at b0000000000000000000000000000000011110110101101100011000000000000
"axi_interconnect_wrap_4x2_tb.vcd", 4822: 

*Error* Syntax error at b0000000000000000000000000000000011110110101101100011000000000000
"axi_interconnect_wrap_4x2_tb.vcd", 4823: 

*Error* Syntax error at b0000000000000000000000000000000011110110101101100011000000000000000000000000000000000000000000001111011010110110001100000000000000000000000000000000000000000000111101101011011000110000000000000000000000000000000000000000000011110110101101100011000000000000
"axi_interconnect_wrap_4x2_tb.vcd", 4824: 

*Error* Syntax error at 0
"axi_interconnect_wrap_4x2_tb.vcd", 4825: 

*Error* Syntax error at 0
"axi_interconnect_wrap_4x2_tb.vcd", 4826: 

*Error* Syntax error at b0000
"axi_interconnect_wrap_4x2_tb.vcd", 4827: 

*Error* Syntax error at b00100000
"axi_interconnect_wrap_4x2_tb.vcd", 4828: 

*Error* Syntax error at b000
"axi_interconnect_wrap_4x2_tb.vcd", 4829: 

*Error* Syntax error at b00000000
"axi_interconnect_wrap_4x2_tb.vcd", 4830: 

*Error* Syntax error at 0
"axi_interconnect_wrap_4x2_tb.vcd", 4831: 

*Error* Syntax error at b000
"axi_interconnect_wrap_4x2_tb.vcd", 4832: 

*Error* usage of using constructs outside of modules or primitives is supported only if the option '-sv' is specified
"axi_interconnect_wrap_4x2_tb.vcd", 4833: 

*Error* Syntax error at #
"axi_interconnect_wrap_4x2_tb.vcd", 4833: 

*Error* Syntax error at 0
"axi_interconnect_wrap_4x2_tb.vcd", 4834: 

*Error* usage of using constructs outside of modules or primitives is supported only if the option '-sv' is specified
"axi_interconnect_wrap_4x2_tb.vcd", 4835: 

*Error* Syntax error at #
"axi_interconnect_wrap_4x2_tb.vcd", 4835: 

*Error* Syntax error at 1
"axi_interconnect_wrap_4x2_tb.vcd", 4836: 

*Error* Syntax error at b00000000000000000000000010011001
"axi_interconnect_wrap_4x2_tb.vcd", 4837: 

*Error* Syntax error at b000
"axi_interconnect_wrap_4x2_tb.vcd", 4838: 

*Error* Syntax error at b00000000
"axi_interconnect_wrap_4x2_tb.vcd", 4839: 

*Error* Syntax error at 0
"axi_interconnect_wrap_4x2_tb.vcd", 4840: 

*Error* Syntax error at b000
"axi_interconnect_wrap_4x2_tb.vcd", 4841: 

*Error* Syntax error at b01000010
"axi_interconnect_wrap_4x2_tb.vcd", 4842: 

*Error* Syntax error at b00000010
"axi_interconnect_wrap_4x2_tb.vcd", 4843: 

*Error* Syntax error at b01000000000000000001000000000000
"axi_interconnect_wrap_4x2_tb.vcd", 4844: 

*Error* Syntax error at b01000000000000000000001000000000
"axi_interconnect_wrap_4x2_tb.vcd", 4845: 

*Error* Syntax error at b1100101011111110101110101011111010101011110011011110111100000001
"axi_interconnect_wrap_4x2_tb.vcd", 4846: 

*Error* Syntax error at 0
"axi_interconnect_wrap_4x2_tb.vcd", 4847: 

*Error* Syntax error at 0
"axi_interconnect_wrap_4x2_tb.vcd", 4848: 

*Error* Syntax error at b00
"axi_interconnect_wrap_4x2_tb.vcd", 4849: 

*Error* Syntax error at b0000
"axi_interconnect_wrap_4x2_tb.vcd", 4850: 

*Error* Syntax error at 0
"axi_interconnect_wrap_4x2_tb.vcd", 4851: 

*Error* Syntax error at b1100101011111110101110101011111010101011110011011110111100000001
"axi_interconnect_wrap_4x2_tb.vcd", 4852: 

*Error* Syntax error at b00000000
"axi_interconnect_wrap_4x2_tb.vcd", 4853: 

*Error* usage of using constructs outside of modules or primitives is supported only if the option '-sv' is specified
"axi_interconnect_wrap_4x2_tb.vcd", 4854: 

*Error* Syntax error at #
"axi_interconnect_wrap_4x2_tb.vcd", 4854: 

*Error* Syntax error at 0
"axi_interconnect_wrap_4x2_tb.vcd", 4855: 

*Error* usage of using constructs outside of modules or primitives is supported only if the option '-sv' is specified
"axi_interconnect_wrap_4x2_tb.vcd", 4856: 

*Error* Syntax error at #
"axi_interconnect_wrap_4x2_tb.vcd", 4856: 

*Error* Syntax error at 1
"axi_interconnect_wrap_4x2_tb.vcd", 4857: 

*Error* Syntax error at b0000000000000000000000000000000011110110101101100011000000000000
"axi_interconnect_wrap_4x2_tb.vcd", 4858: 

*Error* Syntax error at b00000000000000000000000000001111
"axi_interconnect_wrap_4x2_tb.vcd", 4859: 

*Error* Syntax error at b00000000000000000000000010011010
"axi_interconnect_wrap_4x2_tb.vcd", 4860: 

*Error* Syntax error at b1100101011111110101110101011111010101011110011011110111100000001
"axi_interconnect_wrap_4x2_tb.vcd", 4861: 

*Error* Syntax error at b1100101011111110101110101011111010101011110011011110111100000001
"axi_interconnect_wrap_4x2_tb.vcd", 4862: 

*Error* Syntax error at b1100101011111110101110101011111010101011110011011110111100000001
"axi_interconnect_wrap_4x2_tb.vcd", 4863: 

*Error* Syntax error at b11001010111111101011101010111110101010111100110111101111000000011100101011111110101110101011111010101011110011011110111100000001
"axi_interconnect_wrap_4x2_tb.vcd", 4864: 

*Error* usage of using constructs outside of modules or primitives is supported only if the option '-sv' is specified
"axi_interconnect_wrap_4x2_tb.vcd", 4865: 

*Error* Syntax error at #
"axi_interconnect_wrap_4x2_tb.vcd", 4865: 

*Error* Syntax error at 0
"axi_interconnect_wrap_4x2_tb.vcd", 4866: 

*Error* usage of using constructs outside of modules or primitives is supported only if the option '-sv' is specified
"axi_interconnect_wrap_4x2_tb.vcd", 4867: 

*Error* Syntax error at #
"axi_interconnect_wrap_4x2_tb.vcd", 4867: 

*Error* Syntax error at 1
"axi_interconnect_wrap_4x2_tb.vcd", 4868: 

*Error* Syntax error at b01110001
"axi_interconnect_wrap_4x2_tb.vcd", 4869: 

*Error* Syntax error at b00000000000000000100000000000000
"axi_interconnect_wrap_4x2_tb.vcd", 4870: 

*Error* Syntax error at b10000000
"axi_interconnect_wrap_4x2_tb.vcd", 4871: 

*Error* Syntax error at b10000000
"axi_interconnect_wrap_4x2_tb.vcd", 4872: 

*Error* Syntax error at 1
"axi_interconnect_wrap_4x2_tb.vcd", 4873: 

*Error* Syntax error at b10000000
"axi_interconnect_wrap_4x2_tb.vcd", 4874: 

*Error* Syntax error at 1
"axi_interconnect_wrap_4x2_tb.vcd", 4875: 

*Error* Syntax error at 1
"axi_interconnect_wrap_4x2_tb.vcd", 4876: 

*Error* Syntax error at b1000
"axi_interconnect_wrap_4x2_tb.vcd", 4877: 

*Error* Syntax error at b00000000000000000000000010011011
"axi_interconnect_wrap_4x2_tb.vcd", 4878: 

*Error* Syntax error at b01110001011000100101001001000010
"axi_interconnect_wrap_4x2_tb.vcd", 4879: 

*Error* Syntax error at b00000000000000000100000000000000010000000000000000110000000000000100000000000000001000000000000001000000000000000001000000000000
"axi_interconnect_wrap_4x2_tb.vcd", 4880: 

*Error* Syntax error at b10000000
"axi_interconnect_wrap_4x2_tb.vcd", 4881: 

*Error* Syntax error at 1
"axi_interconnect_wrap_4x2_tb.vcd", 4882: 

*Error* Syntax error at b111
"axi_interconnect_wrap_4x2_tb.vcd", 4883: 

*Error* Syntax error at b00000000
"axi_interconnect_wrap_4x2_tb.vcd", 4884: 

*Error* usage of using constructs outside of modules or primitives is supported only if the option '-sv' is specified
"axi_interconnect_wrap_4x2_tb.vcd", 4885: 

*Error* Syntax error at #
"axi_interconnect_wrap_4x2_tb.vcd", 4885: 

*Error* Syntax error at 0
"axi_interconnect_wrap_4x2_tb.vcd", 4886: 

*Error* usage of using constructs outside of modules or primitives is supported only if the option '-sv' is specified
"axi_interconnect_wrap_4x2_tb.vcd", 4887: 

*Error* Syntax error at #
"axi_interconnect_wrap_4x2_tb.vcd", 4887: 

*Error* Syntax error at 1
"axi_interconnect_wrap_4x2_tb.vcd", 4888: 

*Error* Syntax error at b00000000000000000000000010011100
"axi_interconnect_wrap_4x2_tb.vcd", 4889: 

*Error* Syntax error at b10000000
"axi_interconnect_wrap_4x2_tb.vcd", 4890: 

*Error* Syntax error at 1
"axi_interconnect_wrap_4x2_tb.vcd", 4891: 

*Error* Syntax error at b111
"axi_interconnect_wrap_4x2_tb.vcd", 4892: 

*Error* Syntax error at b01110001
"axi_interconnect_wrap_4x2_tb.vcd", 4893: 

*Error* Syntax error at b00110010
"axi_interconnect_wrap_4x2_tb.vcd", 4894: 

*Error* Syntax error at b00000000000000000100000000000000
"axi_interconnect_wrap_4x2_tb.vcd", 4895: 

*Error* Syntax error at b01000000000000000000100000000000
"axi_interconnect_wrap_4x2_tb.vcd", 4896: 

*Error* Syntax error at b1111111011011100101110101001100001110110010101000011001000010000
"axi_interconnect_wrap_4x2_tb.vcd", 4897: 

*Error* Syntax error at 1
"axi_interconnect_wrap_4x2_tb.vcd", 4898: 

*Error* Syntax error at b11
"axi_interconnect_wrap_4x2_tb.vcd", 4899: 

*Error* Syntax error at 1
"axi_interconnect_wrap_4x2_tb.vcd", 4900: 

*Error* Syntax error at b00000000
"axi_interconnect_wrap_4x2_tb.vcd", 4901: 

*Error* Syntax error at b00000000
"axi_interconnect_wrap_4x2_tb.vcd", 4902: 

*Error* Syntax error at 0
"axi_interconnect_wrap_4x2_tb.vcd", 4903: 

*Error* Syntax error at b001
"axi_interconnect_wrap_4x2_tb.vcd", 4904: 

*Error* Syntax error at b01110001
"axi_interconnect_wrap_4x2_tb.vcd", 4905: 

*Error* Syntax error at b00000000000000000100000000000000
"axi_interconnect_wrap_4x2_tb.vcd", 4906: 

*Error* Syntax error at 1
"axi_interconnect_wrap_4x2_tb.vcd", 4907: 

*Error* Syntax error at b1000
"axi_interconnect_wrap_4x2_tb.vcd", 4908: 

*Error* Syntax error at b1111111011011100101110101001100001110110010101000011001000010000
"axi_interconnect_wrap_4x2_tb.vcd", 4909: 

*Error* usage of using constructs outside of modules or primitives is supported only if the option '-sv' is specified
"axi_interconnect_wrap_4x2_tb.vcd", 4910: 

*Error* Syntax error at #
"axi_interconnect_wrap_4x2_tb.vcd", 4910: 

*Error* Syntax error at 0
"axi_interconnect_wrap_4x2_tb.vcd", 4911: 

*Error* usage of using constructs outside of modules or primitives is supported only if the option '-sv' is specified
"axi_interconnect_wrap_4x2_tb.vcd", 4912: 

*Error* Syntax error at #
"axi_interconnect_wrap_4x2_tb.vcd", 4912: 

*Error* Syntax error at 1
"axi_interconnect_wrap_4x2_tb.vcd", 4913: 

*Error* Syntax error at b00000000000000000000000010011101
"axi_interconnect_wrap_4x2_tb.vcd", 4914: 

*Error* Syntax error at b001
"axi_interconnect_wrap_4x2_tb.vcd", 4915: 

*Error* Syntax error at b1000
"axi_interconnect_wrap_4x2_tb.vcd", 4916: 

*Error* Syntax error at 1
"axi_interconnect_wrap_4x2_tb.vcd", 4917: 

*Error* Syntax error at 1
"axi_interconnect_wrap_4x2_tb.vcd", 4918: 

*Error* Syntax error at b01110001
"axi_interconnect_wrap_4x2_tb.vcd", 4919: 

*Error* Syntax error at b01110001
"axi_interconnect_wrap_4x2_tb.vcd", 4920: 

*Error* Syntax error at b01110001011100010111000101110001
"axi_interconnect_wrap_4x2_tb.vcd", 4921: 

*Error* Syntax error at b01110001
"axi_interconnect_wrap_4x2_tb.vcd", 4922: 

*Error* Syntax error at b00000000000000000100000000000000
"axi_interconnect_wrap_4x2_tb.vcd", 4923: 

*Error* Syntax error at b00000000000000000100000000000000
"axi_interconnect_wrap_4x2_tb.vcd", 4924: 

*Error* Syntax error at b0000000000000000010000000000000000000000000000000100000000000000
"axi_interconnect_wrap_4x2_tb.vcd", 4925: 

*Error* Syntax error at b00000000000000000100000000000000
"axi_interconnect_wrap_4x2_tb.vcd", 4926: 

*Error* Syntax error at b00000000000000000100000000000000
"axi_interconnect_wrap_4x2_tb.vcd", 4927: 

*Error* Syntax error at 1
"axi_interconnect_wrap_4x2_tb.vcd", 4928: 

*Error* Syntax error at b1111111011011100101110101001100001110110010101000011001000010000
"axi_interconnect_wrap_4x2_tb.vcd", 4929: 

*Error* Syntax error at b1111111011011100101110101001100001110110010101000011001000010000
"axi_interconnect_wrap_4x2_tb.vcd", 4930: 

*Error* Syntax error at b1111111011011100101110101001100001110110010101000011001000010000
"axi_interconnect_wrap_4x2_tb.vcd", 4931: 

*Error* Syntax error at b11111110110111001011101010011000011101100101010000110010000100001111111011011100101110101001100001110110010101000011001000010000
"axi_interconnect_wrap_4x2_tb.vcd", 4932: 

*Error* Syntax error at b101
"axi_interconnect_wrap_4x2_tb.vcd", 4933: 

*Error* Syntax error at 1
"axi_interconnect_wrap_4x2_tb.vcd", 4934: 

*Error* Syntax error at 0
"axi_interconnect_wrap_4x2_tb.vcd", 4935: 

*Error* Syntax error at b0000
"axi_interconnect_wrap_4x2_tb.vcd", 4936: 

*Error* Syntax error at b10
"axi_interconnect_wrap_4x2_tb.vcd", 4937: 

*Error* Syntax error at b01110001
"axi_interconnect_wrap_4x2_tb.vcd", 4938: 

*Error* usage of using constructs outside of modules or primitives is supported only if the option '-sv' is specified
"axi_interconnect_wrap_4x2_tb.vcd", 4939: 

*Error* Syntax error at #
"axi_interconnect_wrap_4x2_tb.vcd", 4939: 

*Error* Syntax error at 0
"axi_interconnect_wrap_4x2_tb.vcd", 4940: 

*Error* usage of using constructs outside of modules or primitives is supported only if the option '-sv' is specified
"axi_interconnect_wrap_4x2_tb.vcd", 4941: 

*Error* Syntax error at #
"axi_interconnect_wrap_4x2_tb.vcd", 4941: 

*Error* Syntax error at 1
"axi_interconnect_wrap_4x2_tb.vcd", 4942: 

*Error* Syntax error at b00000000000000000000000010011110
"axi_interconnect_wrap_4x2_tb.vcd", 4943: 

*Error* Syntax error at b101
"axi_interconnect_wrap_4x2_tb.vcd", 4944: 

*Error* Syntax error at b0000
"axi_interconnect_wrap_4x2_tb.vcd", 4945: 

*Error* Syntax error at 0
"axi_interconnect_wrap_4x2_tb.vcd", 4946: 

*Error* Syntax error at 0
"axi_interconnect_wrap_4x2_tb.vcd", 4947: 

*Error* Syntax error at b10
"axi_interconnect_wrap_4x2_tb.vcd", 4948: 

*Error* Syntax error at 1
"axi_interconnect_wrap_4x2_tb.vcd", 4949: 

*Error* Syntax error at 1
"axi_interconnect_wrap_4x2_tb.vcd", 4950: 

*Error* Syntax error at 0
"axi_interconnect_wrap_4x2_tb.vcd", 4951: 

*Error* Syntax error at 0
"axi_interconnect_wrap_4x2_tb.vcd", 4952: 

*Error* Syntax error at b01110001
"axi_interconnect_wrap_4x2_tb.vcd", 4953: 

*Error* Syntax error at b01110001
"axi_interconnect_wrap_4x2_tb.vcd", 4954: 

*Error* Syntax error at b01110001011100010111000101110001
"axi_interconnect_wrap_4x2_tb.vcd", 4955: 

*Error* Syntax error at b01110001
"axi_interconnect_wrap_4x2_tb.vcd", 4956: 

*Error* Syntax error at 0
"axi_interconnect_wrap_4x2_tb.vcd", 4957: 

*Error* Syntax error at 0
"axi_interconnect_wrap_4x2_tb.vcd", 4958: 

*Error* Syntax error at b01
"axi_interconnect_wrap_4x2_tb.vcd", 4959: 

*Error* Syntax error at b01
"axi_interconnect_wrap_4x2_tb.vcd", 4960: 

*Error* Syntax error at b0000000000000000000000000000000010100101101001010011000000000000
"axi_interconnect_wrap_4x2_tb.vcd", 4961: 

*Error* Syntax error at b0000000000000000000000000000000010100101101001010011000000000000
"axi_interconnect_wrap_4x2_tb.vcd", 4962: 

*Error* usage of using constructs outside of modules or primitives is supported only if the option '-sv' is specified
"axi_interconnect_wrap_4x2_tb.vcd", 4963: 

*Error* Syntax error at #
"axi_interconnect_wrap_4x2_tb.vcd", 4963: 

*Error* Syntax error at 0
"axi_interconnect_wrap_4x2_tb.vcd", 4964: 

*Error* usage of using constructs outside of modules or primitives is supported only if the option '-sv' is specified
"axi_interconnect_wrap_4x2_tb.vcd", 4965: 

*Error* Syntax error at #
"axi_interconnect_wrap_4x2_tb.vcd", 4965: 

*Error* Syntax error at 1
"axi_interconnect_wrap_4x2_tb.vcd", 4966: 

*Error* Syntax error at b00000000
"axi_interconnect_wrap_4x2_tb.vcd", 4967: 

*Error* Syntax error at b00000000
"axi_interconnect_wrap_4x2_tb.vcd", 4968: 

*Error* Syntax error at 0
"axi_interconnect_wrap_4x2_tb.vcd", 4969: 

*Error* Syntax error at 0
"axi_interconnect_wrap_4x2_tb.vcd", 4970: 

*Error* Syntax error at 0
"axi_interconnect_wrap_4x2_tb.vcd", 4971: 

*Error* Syntax error at b0000
"axi_interconnect_wrap_4x2_tb.vcd", 4972: 

*Error* Syntax error at b00000000000000000000000010011111
"axi_interconnect_wrap_4x2_tb.vcd", 4973: 

*Error* Syntax error at b01
"axi_interconnect_wrap_4x2_tb.vcd", 4974: 

*Error* Syntax error at 1
"axi_interconnect_wrap_4x2_tb.vcd", 4975: 

*Error* Syntax error at 1
"axi_interconnect_wrap_4x2_tb.vcd", 4976: 

*Error* Syntax error at b01
"axi_interconnect_wrap_4x2_tb.vcd", 4977: 

*Error* Syntax error at 0
"axi_interconnect_wrap_4x2_tb.vcd", 4978: 

*Error* Syntax error at 1
"axi_interconnect_wrap_4x2_tb.vcd", 4979: 

*Error* Syntax error at 1
"axi_interconnect_wrap_4x2_tb.vcd", 4980: 

*Error* Syntax error at 0
"axi_interconnect_wrap_4x2_tb.vcd", 4981: 

*Error* Syntax error at b0000000000000000000000000000000010100101101001010011000000000000
"axi_interconnect_wrap_4x2_tb.vcd", 4982: 

*Error* Syntax error at b0000000000000000000000000000000010100101101001010011000000000000
"axi_interconnect_wrap_4x2_tb.vcd", 4983: 

*Error* Syntax error at b0000000000000000000000000000000010100101101001010011000000000000
"axi_interconnect_wrap_4x2_tb.vcd", 4984: 

*Error* Syntax error at b0000000000000000000000000000000010100101101001010011000000000000000000000000000000000000000000001010010110100101001100000000000000000000000000000000000000000000101001011010010100110000000000000000000000000000000000000000000010100101101001010011000000000000
"axi_interconnect_wrap_4x2_tb.vcd", 4985: 

*Error* Syntax error at b00
"axi_interconnect_wrap_4x2_tb.vcd", 4986: 

*Error* usage of using constructs outside of modules or primitives is supported only if the option '-sv' is specified
"axi_interconnect_wrap_4x2_tb.vcd", 4987: 

*Error* Syntax error at #
"axi_interconnect_wrap_4x2_tb.vcd", 4987: 

*Error* Syntax error at 0
"axi_interconnect_wrap_4x2_tb.vcd", 4988: 

*Error* usage of using constructs outside of modules or primitives is supported only if the option '-sv' is specified
"axi_interconnect_wrap_4x2_tb.vcd", 4989: 

*Error* Syntax error at #
"axi_interconnect_wrap_4x2_tb.vcd", 4989: 

*Error* Syntax error at 1
"axi_interconnect_wrap_4x2_tb.vcd", 4990: 

*Error* Syntax error at b00000000000000000000000010100000
"axi_interconnect_wrap_4x2_tb.vcd", 4991: 

*Error* Syntax error at b00000000000000000100000000000000
"axi_interconnect_wrap_4x2_tb.vcd", 4992: 

*Error* Syntax error at 0
"axi_interconnect_wrap_4x2_tb.vcd", 4993: 

*Error* Syntax error at b10
"axi_interconnect_wrap_4x2_tb.vcd", 4994: 

*Error* Syntax error at 0
"axi_interconnect_wrap_4x2_tb.vcd", 4995: 

*Error* Syntax error at 1
"axi_interconnect_wrap_4x2_tb.vcd", 4996: 

*Error* Syntax error at b01
"axi_interconnect_wrap_4x2_tb.vcd", 4997: 

*Error* Syntax error at b0000000000000000000000000000000010100101101001010100000000000000
"axi_interconnect_wrap_4x2_tb.vcd", 4998: 

*Error* Syntax error at b00000000000000000000000000000000111101101011011000110000000000000000000000000000000000000000000010100101101001010100000000000000
"axi_interconnect_wrap_4x2_tb.vcd", 4999: 

*Error* Syntax error at b10
"axi_interconnect_wrap_4x2_tb.vcd", 5000: 

*Error* Syntax error at b00
"axi_interconnect_wrap_4x2_tb.vcd", 5001: 

*Error* Syntax error at 0
"axi_interconnect_wrap_4x2_tb.vcd", 5002: 

*Error* Syntax error at 0
"axi_interconnect_wrap_4x2_tb.vcd", 5003: 

*Error* Syntax error at 1
"axi_interconnect_wrap_4x2_tb.vcd", 5004: 

*Error* Syntax error at b0000000000000000000000000000000010100101101001010100000000000000
"axi_interconnect_wrap_4x2_tb.vcd", 5005: 

*Error* Syntax error at b111
"axi_interconnect_wrap_4x2_tb.vcd", 5006: 

*Error* Syntax error at b00
"axi_interconnect_wrap_4x2_tb.vcd", 5007: 

*Error* Syntax error at b0000000000000000000000000000000010100101101001010100000000000000
"axi_interconnect_wrap_4x2_tb.vcd", 5008: 

*Error* Syntax error at 1
"axi_interconnect_wrap_4x2_tb.vcd", 5009: 

*Error* Syntax error at b1000
"axi_interconnect_wrap_4x2_tb.vcd", 5010: 

*Error* usage of using constructs outside of modules or primitives is supported only if the option '-sv' is specified
"axi_interconnect_wrap_4x2_tb.vcd", 5011: 

*Error* Syntax error at #
"axi_interconnect_wrap_4x2_tb.vcd", 5011: 

*Error* Syntax error at 0
"axi_interconnect_wrap_4x2_tb.vcd", 5012: 

*Error* usage of using constructs outside of modules or primitives is supported only if the option '-sv' is specified
"axi_interconnect_wrap_4x2_tb.vcd", 5013: 

*Error* Syntax error at #
"axi_interconnect_wrap_4x2_tb.vcd", 5013: 

*Error* Syntax error at 1
"axi_interconnect_wrap_4x2_tb.vcd", 5014: 

*Error* Syntax error at b00000000000000000000000010100001
"axi_interconnect_wrap_4x2_tb.vcd", 5015: 

*Error* Syntax error at 0
"axi_interconnect_wrap_4x2_tb.vcd", 5016: 

*Error* Syntax error at b00
"axi_interconnect_wrap_4x2_tb.vcd", 5017: 

*Error* Syntax error at 1
"axi_interconnect_wrap_4x2_tb.vcd", 5018: 

*Error* Syntax error at b11
"axi_interconnect_wrap_4x2_tb.vcd", 5019: 

*Error* Syntax error at 1
"axi_interconnect_wrap_4x2_tb.vcd", 5020: 

*Error* Syntax error at b01
"axi_interconnect_wrap_4x2_tb.vcd", 5021: 

*Error* Syntax error at b111
"axi_interconnect_wrap_4x2_tb.vcd", 5022: 

*Error* Syntax error at b00
"axi_interconnect_wrap_4x2_tb.vcd", 5023: 

*Error* Syntax error at 0
"axi_interconnect_wrap_4x2_tb.vcd", 5024: 

*Error* Syntax error at 0
"axi_interconnect_wrap_4x2_tb.vcd", 5025: 

*Error* Syntax error at b1000
"axi_interconnect_wrap_4x2_tb.vcd", 5026: 

*Error* Syntax error at 1
"axi_interconnect_wrap_4x2_tb.vcd", 5027: 

*Error* Syntax error at 1
"axi_interconnect_wrap_4x2_tb.vcd", 5028: 

*Error* Syntax error at b0000000000000000000000000000000010100101101001010100000000000000
"axi_interconnect_wrap_4x2_tb.vcd", 5029: 

*Error* Syntax error at b0000000000000000000000000000000010100101101001010100000000000000
"axi_interconnect_wrap_4x2_tb.vcd", 5030: 

*Error* Syntax error at b0000000000000000000000000000000010100101101001010100000000000000
"axi_interconnect_wrap_4x2_tb.vcd", 5031: 

*Error* Syntax error at b0000000000000000000000000000000010100101101001010100000000000000000000000000000000000000000000001010010110100101010000000000000000000000000000000000000000000000101001011010010101000000000000000000000000000000000000000000000010100101101001010100000000000000
"axi_interconnect_wrap_4x2_tb.vcd", 5032: 

*Error* Syntax error at 0
"axi_interconnect_wrap_4x2_tb.vcd", 5033: 

*Error* Syntax error at 0
"axi_interconnect_wrap_4x2_tb.vcd", 5034: 

*Error* Syntax error at b0000
"axi_interconnect_wrap_4x2_tb.vcd", 5035: 

*Error* Syntax error at b10000000
"axi_interconnect_wrap_4x2_tb.vcd", 5036: 

*Error* Syntax error at b000
"axi_interconnect_wrap_4x2_tb.vcd", 5037: 

*Error* Syntax error at b00000000
"axi_interconnect_wrap_4x2_tb.vcd", 5038: 

*Error* Syntax error at 0
"axi_interconnect_wrap_4x2_tb.vcd", 5039: 

*Error* Syntax error at b000
"axi_interconnect_wrap_4x2_tb.vcd", 5040: 

*Error* usage of using constructs outside of modules or primitives is supported only if the option '-sv' is specified
"axi_interconnect_wrap_4x2_tb.vcd", 5041: 

*Error* Syntax error at #
"axi_interconnect_wrap_4x2_tb.vcd", 5041: 

*Error* Syntax error at 0
"axi_interconnect_wrap_4x2_tb.vcd", 5042: 

*Error* usage of using constructs outside of modules or primitives is supported only if the option '-sv' is specified
"axi_interconnect_wrap_4x2_tb.vcd", 5043: 

*Error* Syntax error at #
"axi_interconnect_wrap_4x2_tb.vcd", 5043: 

*Error* Syntax error at 1
"axi_interconnect_wrap_4x2_tb.vcd", 5044: 

*Error* Syntax error at b00000000000000000000000010100010
"axi_interconnect_wrap_4x2_tb.vcd", 5045: 

*Error* Syntax error at b000
"axi_interconnect_wrap_4x2_tb.vcd", 5046: 

*Error* Syntax error at b00000000
"axi_interconnect_wrap_4x2_tb.vcd", 5047: 

*Error* Syntax error at 0
"axi_interconnect_wrap_4x2_tb.vcd", 5048: 

*Error* Syntax error at b000
"axi_interconnect_wrap_4x2_tb.vcd", 5049: 

*Error* Syntax error at b01000010
"axi_interconnect_wrap_4x2_tb.vcd", 5050: 

*Error* Syntax error at b00000010
"axi_interconnect_wrap_4x2_tb.vcd", 5051: 

*Error* Syntax error at b01000000000000000001000000000000
"axi_interconnect_wrap_4x2_tb.vcd", 5052: 

*Error* Syntax error at b01000000000000000000001000000000
"axi_interconnect_wrap_4x2_tb.vcd", 5053: 

*Error* Syntax error at b1100101011111110101110101011111010101011110011011110111100000001
"axi_interconnect_wrap_4x2_tb.vcd", 5054: 

*Error* Syntax error at 0
"axi_interconnect_wrap_4x2_tb.vcd", 5055: 

*Error* Syntax error at 0
"axi_interconnect_wrap_4x2_tb.vcd", 5056: 

*Error* Syntax error at b00
"axi_interconnect_wrap_4x2_tb.vcd", 5057: 

*Error* Syntax error at b0000
"axi_interconnect_wrap_4x2_tb.vcd", 5058: 

*Error* Syntax error at 0
"axi_interconnect_wrap_4x2_tb.vcd", 5059: 

*Error* Syntax error at b1100101011111110101110101011111010101011110011011110111100000001
"axi_interconnect_wrap_4x2_tb.vcd", 5060: 

*Error* Syntax error at b00000000
"axi_interconnect_wrap_4x2_tb.vcd", 5061: 

*Error* usage of using constructs outside of modules or primitives is supported only if the option '-sv' is specified
"axi_interconnect_wrap_4x2_tb.vcd", 5062: 

*Error* Syntax error at #
"axi_interconnect_wrap_4x2_tb.vcd", 5062: 

*Error* Syntax error at 0
"axi_interconnect_wrap_4x2_tb.vcd", 5063: 

*Error* usage of using constructs outside of modules or primitives is supported only if the option '-sv' is specified
"axi_interconnect_wrap_4x2_tb.vcd", 5064: 

*Error* Syntax error at #
"axi_interconnect_wrap_4x2_tb.vcd", 5064: 

*Error* Syntax error at 1
"axi_interconnect_wrap_4x2_tb.vcd", 5065: 

*Error* Syntax error at b0000000000000000000000000000000010100101101001010100000000000000
"axi_interconnect_wrap_4x2_tb.vcd", 5066: 

*Error* Syntax error at b00000000000000000000000000010000
"axi_interconnect_wrap_4x2_tb.vcd", 5067: 

*Error* Syntax error at b00000000000000000000000010100011
"axi_interconnect_wrap_4x2_tb.vcd", 5068: 

*Error* Syntax error at b1100101011111110101110101011111010101011110011011110111100000001
"axi_interconnect_wrap_4x2_tb.vcd", 5069: 

*Error* Syntax error at b1100101011111110101110101011111010101011110011011110111100000001
"axi_interconnect_wrap_4x2_tb.vcd", 5070: 

*Error* Syntax error at b1100101011111110101110101011111010101011110011011110111100000001
"axi_interconnect_wrap_4x2_tb.vcd", 5071: 

*Error* Syntax error at b11001010111111101011101010111110101010111100110111101111000000011100101011111110101110101011111010101011110011011110111100000001
"axi_interconnect_wrap_4x2_tb.vcd", 5072: 

*Error* usage of using constructs outside of modules or primitives is supported only if the option '-sv' is specified
"axi_interconnect_wrap_4x2_tb.vcd", 5073: 

*Error* Syntax error at #
"axi_interconnect_wrap_4x2_tb.vcd", 5073: 

*Error* Syntax error at 0
"axi_interconnect_wrap_4x2_tb.vcd", 5074: 

*Error* usage of using constructs outside of modules or primitives is supported only if the option '-sv' is specified
"axi_interconnect_wrap_4x2_tb.vcd", 5075: 

*Error* Syntax error at #
"axi_interconnect_wrap_4x2_tb.vcd", 5075: 

*Error* Syntax error at 1
"axi_interconnect_wrap_4x2_tb.vcd", 5076: 

*Error* Syntax error at b01110010
"axi_interconnect_wrap_4x2_tb.vcd", 5077: 

*Error* Syntax error at b01000000000000000100000000000000
"axi_interconnect_wrap_4x2_tb.vcd", 5078: 

*Error* Syntax error at b10000000
"axi_interconnect_wrap_4x2_tb.vcd", 5079: 

*Error* Syntax error at b10000000
"axi_interconnect_wrap_4x2_tb.vcd", 5080: 

*Error* Syntax error at 1
"axi_interconnect_wrap_4x2_tb.vcd", 5081: 

*Error* Syntax error at 1
"axi_interconnect_wrap_4x2_tb.vcd", 5082: 

*Error* Syntax error at b1000
"axi_interconnect_wrap_4x2_tb.vcd", 5083: 

*Error* Syntax error at b00000000000000000000000010100100
"axi_interconnect_wrap_4x2_tb.vcd", 5084: 

*Error* Syntax error at b01110010011000100101001001000010
"axi_interconnect_wrap_4x2_tb.vcd", 5085: 

*Error* Syntax error at b01000000000000000100000000000000010000000000000000110000000000000100000000000000001000000000000001000000000000000001000000000000
"axi_interconnect_wrap_4x2_tb.vcd", 5086: 

*Error* Syntax error at b10000000
"axi_interconnect_wrap_4x2_tb.vcd", 5087: 

*Error* Syntax error at 1
"axi_interconnect_wrap_4x2_tb.vcd", 5088: 

*Error* Syntax error at b111
"axi_interconnect_wrap_4x2_tb.vcd", 5089: 

*Error* usage of using constructs outside of modules or primitives is supported only if the option '-sv' is specified
"axi_interconnect_wrap_4x2_tb.vcd", 5090: 

*Error* Syntax error at #
"axi_interconnect_wrap_4x2_tb.vcd", 5090: 

*Error* Syntax error at 0
"axi_interconnect_wrap_4x2_tb.vcd", 5091: 

*Error* usage of using constructs outside of modules or primitives is supported only if the option '-sv' is specified
"axi_interconnect_wrap_4x2_tb.vcd", 5092: 

*Error* Syntax error at #
"axi_interconnect_wrap_4x2_tb.vcd", 5092: 

*Error* Syntax error at 1
"axi_interconnect_wrap_4x2_tb.vcd", 5093: 

*Error* Syntax error at b00000000000000000000000010100101
"axi_interconnect_wrap_4x2_tb.vcd", 5094: 

*Error* Syntax error at b10000000
"axi_interconnect_wrap_4x2_tb.vcd", 5095: 

*Error* Syntax error at 1
"axi_interconnect_wrap_4x2_tb.vcd", 5096: 

*Error* Syntax error at b111
"axi_interconnect_wrap_4x2_tb.vcd", 5097: 

*Error* Syntax error at b01110010
"axi_interconnect_wrap_4x2_tb.vcd", 5098: 

*Error* Syntax error at b00110010
"axi_interconnect_wrap_4x2_tb.vcd", 5099: 

*Error* Syntax error at b01000000000000000100000000000000
"axi_interconnect_wrap_4x2_tb.vcd", 5100: 

*Error* Syntax error at b01000000000000000000100000000000
"axi_interconnect_wrap_4x2_tb.vcd", 5101: 

*Error* Syntax error at b1111111011011100101110101001100001110110010101000011001000010000
"axi_interconnect_wrap_4x2_tb.vcd", 5102: 

*Error* Syntax error at 1
"axi_interconnect_wrap_4x2_tb.vcd", 5103: 

*Error* Syntax error at b11
"axi_interconnect_wrap_4x2_tb.vcd", 5104: 

*Error* Syntax error at 1
"axi_interconnect_wrap_4x2_tb.vcd", 5105: 

*Error* Syntax error at b001
"axi_interconnect_wrap_4x2_tb.vcd", 5106: 

*Error* Syntax error at b01110010
"axi_interconnect_wrap_4x2_tb.vcd", 5107: 

*Error* Syntax error at b01000000000000000100000000000000
"axi_interconnect_wrap_4x2_tb.vcd", 5108: 

*Error* Syntax error at 1
"axi_interconnect_wrap_4x2_tb.vcd", 5109: 

*Error* Syntax error at b1000
"axi_interconnect_wrap_4x2_tb.vcd", 5110: 

*Error* Syntax error at b1111111011011100101110101001100001110110010101000011001000010000
"axi_interconnect_wrap_4x2_tb.vcd", 5111: 

*Error* usage of using constructs outside of modules or primitives is supported only if the option '-sv' is specified
"axi_interconnect_wrap_4x2_tb.vcd", 5112: 

*Error* Syntax error at #
"axi_interconnect_wrap_4x2_tb.vcd", 5112: 

*Error* Syntax error at 0
"axi_interconnect_wrap_4x2_tb.vcd", 5113: 

*Error* usage of using constructs outside of modules or primitives is supported only if the option '-sv' is specified
"axi_interconnect_wrap_4x2_tb.vcd", 5114: 

*Error* Syntax error at #
"axi_interconnect_wrap_4x2_tb.vcd", 5114: 

*Error* Syntax error at 1
"axi_interconnect_wrap_4x2_tb.vcd", 5115: 

*Error* Syntax error at b00000000000000000000000010100110
"axi_interconnect_wrap_4x2_tb.vcd", 5116: 

*Error* Syntax error at b001
"axi_interconnect_wrap_4x2_tb.vcd", 5117: 

*Error* Syntax error at b1000
"axi_interconnect_wrap_4x2_tb.vcd", 5118: 

*Error* Syntax error at 1
"axi_interconnect_wrap_4x2_tb.vcd", 5119: 

*Error* Syntax error at 1
"axi_interconnect_wrap_4x2_tb.vcd", 5120: 

*Error* Syntax error at b01110010
"axi_interconnect_wrap_4x2_tb.vcd", 5121: 

*Error* Syntax error at b01110010
"axi_interconnect_wrap_4x2_tb.vcd", 5122: 

*Error* Syntax error at b01110010011100100111001001110010
"axi_interconnect_wrap_4x2_tb.vcd", 5123: 

*Error* Syntax error at b01110010
"axi_interconnect_wrap_4x2_tb.vcd", 5124: 

*Error* Syntax error at b01000000000000000100000000000000
"axi_interconnect_wrap_4x2_tb.vcd", 5125: 

*Error* Syntax error at b01000000000000000100000000000000
"axi_interconnect_wrap_4x2_tb.vcd", 5126: 

*Error* Syntax error at b0100000000000000010000000000000001000000000000000100000000000000
"axi_interconnect_wrap_4x2_tb.vcd", 5127: 

*Error* Syntax error at b01000000000000000100000000000000
"axi_interconnect_wrap_4x2_tb.vcd", 5128: 

*Error* Syntax error at b01000000000000000100000000000000
"axi_interconnect_wrap_4x2_tb.vcd", 5129: 

*Error* Syntax error at 1
"axi_interconnect_wrap_4x2_tb.vcd", 5130: 

*Error* Syntax error at b1111111011011100101110101001100001110110010101000011001000010000
"axi_interconnect_wrap_4x2_tb.vcd", 5131: 

*Error* Syntax error at b1111111011011100101110101001100001110110010101000011001000010000
"axi_interconnect_wrap_4x2_tb.vcd", 5132: 

*Error* Syntax error at b1111111011011100101110101001100001110110010101000011001000010000
"axi_interconnect_wrap_4x2_tb.vcd", 5133: 

*Error* Syntax error at b11111110110111001011101010011000011101100101010000110010000100001111111011011100101110101001100001110110010101000011001000010000
"axi_interconnect_wrap_4x2_tb.vcd", 5134: 

*Error* Syntax error at b101
"axi_interconnect_wrap_4x2_tb.vcd", 5135: 

*Error* Syntax error at 1
"axi_interconnect_wrap_4x2_tb.vcd", 5136: 

*Error* Syntax error at 1
"axi_interconnect_wrap_4x2_tb.vcd", 5137: 

*Error* Syntax error at b0000
"axi_interconnect_wrap_4x2_tb.vcd", 5138: 

*Error* Syntax error at b01
"axi_interconnect_wrap_4x2_tb.vcd", 5139: 

*Error* Syntax error at b01110010
"axi_interconnect_wrap_4x2_tb.vcd", 5140: 

*Error* usage of using constructs outside of modules or primitives is supported only if the option '-sv' is specified
"axi_interconnect_wrap_4x2_tb.vcd", 5141: 

*Error* Syntax error at #
"axi_interconnect_wrap_4x2_tb.vcd", 5141: 

*Error* Syntax error at 0
"axi_interconnect_wrap_4x2_tb.vcd", 5142: 

*Error* usage of using constructs outside of modules or primitives is supported only if the option '-sv' is specified
"axi_interconnect_wrap_4x2_tb.vcd", 5143: 

*Error* Syntax error at #
"axi_interconnect_wrap_4x2_tb.vcd", 5143: 

*Error* Syntax error at 1
"axi_interconnect_wrap_4x2_tb.vcd", 5144: 

*Error* Syntax error at b00000000000000000000000010100111
"axi_interconnect_wrap_4x2_tb.vcd", 5145: 

*Error* Syntax error at b101
"axi_interconnect_wrap_4x2_tb.vcd", 5146: 

*Error* Syntax error at b0000
"axi_interconnect_wrap_4x2_tb.vcd", 5147: 

*Error* Syntax error at 0
"axi_interconnect_wrap_4x2_tb.vcd", 5148: 

*Error* Syntax error at 0
"axi_interconnect_wrap_4x2_tb.vcd", 5149: 

*Error* Syntax error at b01
"axi_interconnect_wrap_4x2_tb.vcd", 5150: 

*Error* Syntax error at 1
"axi_interconnect_wrap_4x2_tb.vcd", 5151: 

*Error* Syntax error at 1
"axi_interconnect_wrap_4x2_tb.vcd", 5152: 

*Error* Syntax error at 1
"axi_interconnect_wrap_4x2_tb.vcd", 5153: 

*Error* Syntax error at 0
"axi_interconnect_wrap_4x2_tb.vcd", 5154: 

*Error* Syntax error at b01110010
"axi_interconnect_wrap_4x2_tb.vcd", 5155: 

*Error* Syntax error at b01110010
"axi_interconnect_wrap_4x2_tb.vcd", 5156: 

*Error* Syntax error at b01110010011100100111001001110010
"axi_interconnect_wrap_4x2_tb.vcd", 5157: 

*Error* Syntax error at b01110010
"axi_interconnect_wrap_4x2_tb.vcd", 5158: 

*Error* Syntax error at 0
"axi_interconnect_wrap_4x2_tb.vcd", 5159: 

*Error* Syntax error at 0
"axi_interconnect_wrap_4x2_tb.vcd", 5160: 

*Error* Syntax error at b10
"axi_interconnect_wrap_4x2_tb.vcd", 5161: 

*Error* Syntax error at b10
"axi_interconnect_wrap_4x2_tb.vcd", 5162: 

*Error* Syntax error at b0000000000000000000000000000000011110110101101100011000000000000
"axi_interconnect_wrap_4x2_tb.vcd", 5163: 

*Error* Syntax error at b0000000000000000000000000000000011110110101101100011000000000000
"axi_interconnect_wrap_4x2_tb.vcd", 5164: 

*Error* usage of using constructs outside of modules or primitives is supported only if the option '-sv' is specified
"axi_interconnect_wrap_4x2_tb.vcd", 5165: 

*Error* Syntax error at #
"axi_interconnect_wrap_4x2_tb.vcd", 5165: 

*Error* Syntax error at 0
"axi_interconnect_wrap_4x2_tb.vcd", 5166: 

*Error* usage of using constructs outside of modules or primitives is supported only if the option '-sv' is specified
"axi_interconnect_wrap_4x2_tb.vcd", 5167: 

*Error* Syntax error at #
"axi_interconnect_wrap_4x2_tb.vcd", 5167: 

*Error* Syntax error at 1
"axi_interconnect_wrap_4x2_tb.vcd", 5168: 

*Error* Syntax error at b00000000
"axi_interconnect_wrap_4x2_tb.vcd", 5169: 

*Error* Syntax error at b00000000
"axi_interconnect_wrap_4x2_tb.vcd", 5170: 

*Error* Syntax error at 0
"axi_interconnect_wrap_4x2_tb.vcd", 5171: 

*Error* Syntax error at 0
"axi_interconnect_wrap_4x2_tb.vcd", 5172: 

*Error* Syntax error at 0
"axi_interconnect_wrap_4x2_tb.vcd", 5173: 

*Error* Syntax error at b0000
"axi_interconnect_wrap_4x2_tb.vcd", 5174: 

*Error* Syntax error at b00000000000000000000000010101000
"axi_interconnect_wrap_4x2_tb.vcd", 5175: 

*Error* Syntax error at b10
"axi_interconnect_wrap_4x2_tb.vcd", 5176: 

*Error* Syntax error at 1
"axi_interconnect_wrap_4x2_tb.vcd", 5177: 

*Error* Syntax error at 1
"axi_interconnect_wrap_4x2_tb.vcd", 5178: 

*Error* Syntax error at b10
"axi_interconnect_wrap_4x2_tb.vcd", 5179: 

*Error* Syntax error at 1
"axi_interconnect_wrap_4x2_tb.vcd", 5180: 

*Error* Syntax error at 0
"axi_interconnect_wrap_4x2_tb.vcd", 5181: 

*Error* Syntax error at 1
"axi_interconnect_wrap_4x2_tb.vcd", 5182: 

*Error* Syntax error at 0
"axi_interconnect_wrap_4x2_tb.vcd", 5183: 

*Error* Syntax error at b0000000000000000000000000000000011110110101101100011000000000000
"axi_interconnect_wrap_4x2_tb.vcd", 5184: 

*Error* Syntax error at b0000000000000000000000000000000011110110101101100011000000000000
"axi_interconnect_wrap_4x2_tb.vcd", 5185: 

*Error* Syntax error at b0000000000000000000000000000000011110110101101100011000000000000
"axi_interconnect_wrap_4x2_tb.vcd", 5186: 

*Error* Syntax error at b0000000000000000000000000000000011110110101101100011000000000000000000000000000000000000000000001111011010110110001100000000000000000000000000000000000000000000111101101011011000110000000000000000000000000000000000000000000011110110101101100011000000000000
"axi_interconnect_wrap_4x2_tb.vcd", 5187: 

*Error* Syntax error at b00
"axi_interconnect_wrap_4x2_tb.vcd", 5188: 

*Error* usage of using constructs outside of modules or primitives is supported only if the option '-sv' is specified
"axi_interconnect_wrap_4x2_tb.vcd", 5189: 

*Error* Syntax error at #
"axi_interconnect_wrap_4x2_tb.vcd", 5189: 

*Error* Syntax error at 0
"axi_interconnect_wrap_4x2_tb.vcd", 5190: 

*Error* usage of using constructs outside of modules or primitives is supported only if the option '-sv' is specified
"axi_interconnect_wrap_4x2_tb.vcd", 5191: 

*Error* Syntax error at #
"axi_interconnect_wrap_4x2_tb.vcd", 5191: 

*Error* Syntax error at 1
"axi_interconnect_wrap_4x2_tb.vcd", 5192: 

*Error* Syntax error at b00000000000000000000000010101001
"axi_interconnect_wrap_4x2_tb.vcd", 5193: 

*Error* Syntax error at b01000000000000000100000000000000
"axi_interconnect_wrap_4x2_tb.vcd", 5194: 

*Error* Syntax error at 0
"axi_interconnect_wrap_4x2_tb.vcd", 5195: 

*Error* Syntax error at b01
"axi_interconnect_wrap_4x2_tb.vcd", 5196: 

*Error* Syntax error at 0
"axi_interconnect_wrap_4x2_tb.vcd", 5197: 

*Error* Syntax error at 1
"axi_interconnect_wrap_4x2_tb.vcd", 5198: 

*Error* Syntax error at b10
"axi_interconnect_wrap_4x2_tb.vcd", 5199: 

*Error* Syntax error at b0000000000000000000000000000000011110110101101100100000000000000
"axi_interconnect_wrap_4x2_tb.vcd", 5200: 

*Error* Syntax error at b00000000000000000000000000000000111101101011011001000000000000000000000000000000000000000000000010100101101001010100000000000000
"axi_interconnect_wrap_4x2_tb.vcd", 5201: 

*Error* Syntax error at b10
"axi_interconnect_wrap_4x2_tb.vcd", 5202: 

*Error* Syntax error at b00
"axi_interconnect_wrap_4x2_tb.vcd", 5203: 

*Error* Syntax error at 0
"axi_interconnect_wrap_4x2_tb.vcd", 5204: 

*Error* Syntax error at 0
"axi_interconnect_wrap_4x2_tb.vcd", 5205: 

*Error* Syntax error at 1
"axi_interconnect_wrap_4x2_tb.vcd", 5206: 

*Error* Syntax error at b0000000000000000000000000000000011110110101101100100000000000000
"axi_interconnect_wrap_4x2_tb.vcd", 5207: 

*Error* Syntax error at b111
"axi_interconnect_wrap_4x2_tb.vcd", 5208: 

*Error* Syntax error at b00
"axi_interconnect_wrap_4x2_tb.vcd", 5209: 

*Error* Syntax error at b0000000000000000000000000000000011110110101101100100000000000000
"axi_interconnect_wrap_4x2_tb.vcd", 5210: 

*Error* Syntax error at 1
"axi_interconnect_wrap_4x2_tb.vcd", 5211: 

*Error* Syntax error at b1000
"axi_interconnect_wrap_4x2_tb.vcd", 5212: 

*Error* usage of using constructs outside of modules or primitives is supported only if the option '-sv' is specified
"axi_interconnect_wrap_4x2_tb.vcd", 5213: 

*Error* Syntax error at #
"axi_interconnect_wrap_4x2_tb.vcd", 5213: 

*Error* Syntax error at 0
"axi_interconnect_wrap_4x2_tb.vcd", 5214: 

*Error* usage of using constructs outside of modules or primitives is supported only if the option '-sv' is specified
"axi_interconnect_wrap_4x2_tb.vcd", 5215: 

*Error* Syntax error at #
"axi_interconnect_wrap_4x2_tb.vcd", 5215: 

*Error* Syntax error at 1
"axi_interconnect_wrap_4x2_tb.vcd", 5216: 

*Error* Syntax error at b00000000000000000000000010101010
"axi_interconnect_wrap_4x2_tb.vcd", 5217: 

*Error* Syntax error at 0
"axi_interconnect_wrap_4x2_tb.vcd", 5218: 

*Error* Syntax error at b00
"axi_interconnect_wrap_4x2_tb.vcd", 5219: 

*Error* Syntax error at 1
"axi_interconnect_wrap_4x2_tb.vcd", 5220: 

*Error* Syntax error at b11
"axi_interconnect_wrap_4x2_tb.vcd", 5221: 

*Error* Syntax error at 1
"axi_interconnect_wrap_4x2_tb.vcd", 5222: 

*Error* Syntax error at b01
"axi_interconnect_wrap_4x2_tb.vcd", 5223: 

*Error* Syntax error at b111
"axi_interconnect_wrap_4x2_tb.vcd", 5224: 

*Error* Syntax error at b00
"axi_interconnect_wrap_4x2_tb.vcd", 5225: 

*Error* Syntax error at 0
"axi_interconnect_wrap_4x2_tb.vcd", 5226: 

*Error* Syntax error at 0
"axi_interconnect_wrap_4x2_tb.vcd", 5227: 

*Error* Syntax error at b1000
"axi_interconnect_wrap_4x2_tb.vcd", 5228: 

*Error* Syntax error at 1
"axi_interconnect_wrap_4x2_tb.vcd", 5229: 

*Error* Syntax error at 1
"axi_interconnect_wrap_4x2_tb.vcd", 5230: 

*Error* Syntax error at b0000000000000000000000000000000011110110101101100100000000000000
"axi_interconnect_wrap_4x2_tb.vcd", 5231: 

*Error* Syntax error at b0000000000000000000000000000000011110110101101100100000000000000
"axi_interconnect_wrap_4x2_tb.vcd", 5232: 

*Error* Syntax error at b0000000000000000000000000000000011110110101101100100000000000000
"axi_interconnect_wrap_4x2_tb.vcd", 5233: 

*Error* Syntax error at b0000000000000000000000000000000011110110101101100100000000000000000000000000000000000000000000001111011010110110010000000000000000000000000000000000000000000000111101101011011001000000000000000000000000000000000000000000000011110110101101100100000000000000
"axi_interconnect_wrap_4x2_tb.vcd", 5234: 

*Error* Syntax error at 0
"axi_interconnect_wrap_4x2_tb.vcd", 5235: 

*Error* Syntax error at 0
"axi_interconnect_wrap_4x2_tb.vcd", 5236: 

*Error* Syntax error at b0000
"axi_interconnect_wrap_4x2_tb.vcd", 5237: 

*Error* Syntax error at b10000000
"axi_interconnect_wrap_4x2_tb.vcd", 5238: 

*Error* Syntax error at b000
"axi_interconnect_wrap_4x2_tb.vcd", 5239: 

*Error* Syntax error at b00000000
"axi_interconnect_wrap_4x2_tb.vcd", 5240: 

*Error* Syntax error at 0
"axi_interconnect_wrap_4x2_tb.vcd", 5241: 

*Error* Syntax error at b000
"axi_interconnect_wrap_4x2_tb.vcd", 5242: 

*Error* usage of using constructs outside of modules or primitives is supported only if the option '-sv' is specified
"axi_interconnect_wrap_4x2_tb.vcd", 5243: 

*Error* Syntax error at #
"axi_interconnect_wrap_4x2_tb.vcd", 5243: 

*Error* Syntax error at 0
"axi_interconnect_wrap_4x2_tb.vcd", 5244: 

*Error* usage of using constructs outside of modules or primitives is supported only if the option '-sv' is specified
"axi_interconnect_wrap_4x2_tb.vcd", 5245: 

*Error* Syntax error at #
"axi_interconnect_wrap_4x2_tb.vcd", 5245: 

*Error* Syntax error at 1
"axi_interconnect_wrap_4x2_tb.vcd", 5246: 

*Error* Syntax error at b00000000000000000000000010101011
"axi_interconnect_wrap_4x2_tb.vcd", 5247: 

*Error* Syntax error at b000
"axi_interconnect_wrap_4x2_tb.vcd", 5248: 

*Error* Syntax error at b00000000
"axi_interconnect_wrap_4x2_tb.vcd", 5249: 

*Error* Syntax error at 0
"axi_interconnect_wrap_4x2_tb.vcd", 5250: 

*Error* Syntax error at b000
"axi_interconnect_wrap_4x2_tb.vcd", 5251: 

*Error* Syntax error at b01000010
"axi_interconnect_wrap_4x2_tb.vcd", 5252: 

*Error* Syntax error at b00000010
"axi_interconnect_wrap_4x2_tb.vcd", 5253: 

*Error* Syntax error at b01000000000000000001000000000000
"axi_interconnect_wrap_4x2_tb.vcd", 5254: 

*Error* Syntax error at b01000000000000000000001000000000
"axi_interconnect_wrap_4x2_tb.vcd", 5255: 

*Error* Syntax error at b1100101011111110101110101011111010101011110011011110111100000001
"axi_interconnect_wrap_4x2_tb.vcd", 5256: 

*Error* Syntax error at 0
"axi_interconnect_wrap_4x2_tb.vcd", 5257: 

*Error* Syntax error at 0
"axi_interconnect_wrap_4x2_tb.vcd", 5258: 

*Error* Syntax error at b00
"axi_interconnect_wrap_4x2_tb.vcd", 5259: 

*Error* Syntax error at b0000
"axi_interconnect_wrap_4x2_tb.vcd", 5260: 

*Error* Syntax error at 0
"axi_interconnect_wrap_4x2_tb.vcd", 5261: 

*Error* Syntax error at b1100101011111110101110101011111010101011110011011110111100000001
"axi_interconnect_wrap_4x2_tb.vcd", 5262: 

*Error* Syntax error at b00000000
"axi_interconnect_wrap_4x2_tb.vcd", 5263: 

*Error* usage of using constructs outside of modules or primitives is supported only if the option '-sv' is specified
"axi_interconnect_wrap_4x2_tb.vcd", 5264: 

*Error* Syntax error at #
"axi_interconnect_wrap_4x2_tb.vcd", 5264: 

*Error* Syntax error at 0
"axi_interconnect_wrap_4x2_tb.vcd", 5265: 

*Error* usage of using constructs outside of modules or primitives is supported only if the option '-sv' is specified
"axi_interconnect_wrap_4x2_tb.vcd", 5266: 

*Error* Syntax error at #
"axi_interconnect_wrap_4x2_tb.vcd", 5266: 

*Error* Syntax error at 1
"axi_interconnect_wrap_4x2_tb.vcd", 5267: 

*Error* Syntax error at b0000000000000000000000000000000011110110101101100100000000000000
"axi_interconnect_wrap_4x2_tb.vcd", 5268: 

*Error* Syntax error at b00000000000000000000000000010001
"axi_interconnect_wrap_4x2_tb.vcd", 5269: 

*Error* Syntax error at 0
"axi_interconnect_wrap_4x2_tb.vcd", 5270: 

*Error* Syntax error at 0
"axi_interconnect_wrap_4x2_tb.vcd", 5271: 

*Error* Syntax error at b00000000000000000000000010101100
"axi_interconnect_wrap_4x2_tb.vcd", 5272: 

*Error* Syntax error at b1100101011111110101110101011111010101011110011011110111100000001
"axi_interconnect_wrap_4x2_tb.vcd", 5273: 

*Error* Syntax error at b1100101011111110101110101011111010101011110011011110111100000001
"axi_interconnect_wrap_4x2_tb.vcd", 5274: 

*Error* Syntax error at b1100101011111110101110101011111010101011110011011110111100000001
"axi_interconnect_wrap_4x2_tb.vcd", 5275: 

*Error* Syntax error at b11001010111111101011101010111110101010111100110111101111000000011100101011111110101110101011111010101011110011011110111100000001
"axi_interconnect_wrap_4x2_tb.vcd", 5276: 

*Error* usage of using constructs outside of modules or primitives is supported only if the option '-sv' is specified
"axi_interconnect_wrap_4x2_tb.vcd", 5277: 

*Error* Syntax error at #
"axi_interconnect_wrap_4x2_tb.vcd", 5277: 

*Error* Syntax error at 0
"axi_interconnect_wrap_4x2_tb.vcd", 5278: 

*Error* usage of using constructs outside of modules or primitives is supported only if the option '-sv' is specified
"axi_interconnect_wrap_4x2_tb.vcd", 5279: 

*Error* Syntax error at #
"axi_interconnect_wrap_4x2_tb.vcd", 5279: 

*Error* Syntax error at 1
"axi_interconnect_wrap_4x2_tb.vcd", 5280: 

*Error* Syntax error at b10100000
"axi_interconnect_wrap_4x2_tb.vcd", 5281: 

*Error* Syntax error at b00000000000000000000000000010000
"axi_interconnect_wrap_4x2_tb.vcd", 5282: 

*Error* Syntax error at b00000001
"axi_interconnect_wrap_4x2_tb.vcd", 5283: 

*Error* Syntax error at b00000001
"axi_interconnect_wrap_4x2_tb.vcd", 5284: 

*Error* Syntax error at 1
"axi_interconnect_wrap_4x2_tb.vcd", 5285: 

*Error* Syntax error at 1
"axi_interconnect_wrap_4x2_tb.vcd", 5286: 

*Error* Syntax error at 1
"axi_interconnect_wrap_4x2_tb.vcd", 5287: 

*Error* Syntax error at b0001
"axi_interconnect_wrap_4x2_tb.vcd", 5288: 

*Error* Syntax error at b00000000000000000000000010101101
"axi_interconnect_wrap_4x2_tb.vcd", 5289: 

*Error* Syntax error at b00110010001000100001001010100000
"axi_interconnect_wrap_4x2_tb.vcd", 5290: 

*Error* Syntax error at b10100000
"axi_interconnect_wrap_4x2_tb.vcd", 5291: 

*Error* Syntax error at b01000000000000000000100000000000010000000000000000000110000000000100000000000000000001000000000000000000000000000000000000010000
"axi_interconnect_wrap_4x2_tb.vcd", 5292: 

*Error* Syntax error at b00000000000000000000000000010000
"axi_interconnect_wrap_4x2_tb.vcd", 5293: 

*Error* Syntax error at b000
"axi_interconnect_wrap_4x2_tb.vcd", 5294: 

*Error* Syntax error at b00000001
"axi_interconnect_wrap_4x2_tb.vcd", 5295: 

*Error* Syntax error at b00000001
"axi_interconnect_wrap_4x2_tb.vcd", 5296: 

*Error* Syntax error at 1
"axi_interconnect_wrap_4x2_tb.vcd", 5297: 

*Error* Syntax error at b11111110
"axi_interconnect_wrap_4x2_tb.vcd", 5298: 

*Error* usage of using constructs outside of modules or primitives is supported only if the option '-sv' is specified
"axi_interconnect_wrap_4x2_tb.vcd", 5299: 

*Error* Syntax error at #
"axi_interconnect_wrap_4x2_tb.vcd", 5299: 

*Error* Syntax error at 0
"axi_interconnect_wrap_4x2_tb.vcd", 5300: 

*Error* usage of using constructs outside of modules or primitives is supported only if the option '-sv' is specified
"axi_interconnect_wrap_4x2_tb.vcd", 5301: 

*Error* Syntax error at #
"axi_interconnect_wrap_4x2_tb.vcd", 5301: 

*Error* Syntax error at 1
"axi_interconnect_wrap_4x2_tb.vcd", 5302: 

*Error* Syntax error at b00000000000000000000000010101110
"axi_interconnect_wrap_4x2_tb.vcd", 5303: 

*Error* Syntax error at b00000001
"axi_interconnect_wrap_4x2_tb.vcd", 5304: 

*Error* Syntax error at 1
"axi_interconnect_wrap_4x2_tb.vcd", 5305: 

*Error* Syntax error at b11111110
"axi_interconnect_wrap_4x2_tb.vcd", 5306: 

*Error* Syntax error at b001
"axi_interconnect_wrap_4x2_tb.vcd", 5307: 

*Error* Syntax error at b10100000
"axi_interconnect_wrap_4x2_tb.vcd", 5308: 

*Error* Syntax error at b00000000000000000000000000010000
"axi_interconnect_wrap_4x2_tb.vcd", 5309: 

*Error* Syntax error at 1
"axi_interconnect_wrap_4x2_tb.vcd", 5310: 

*Error* Syntax error at b0001
"axi_interconnect_wrap_4x2_tb.vcd", 5311: 

*Error* usage of using constructs outside of modules or primitives is supported only if the option '-sv' is specified
"axi_interconnect_wrap_4x2_tb.vcd", 5312: 

*Error* Syntax error at #
"axi_interconnect_wrap_4x2_tb.vcd", 5312: 

*Error* Syntax error at 0
"axi_interconnect_wrap_4x2_tb.vcd", 5313: 

*Error* usage of using constructs outside of modules or primitives is supported only if the option '-sv' is specified
"axi_interconnect_wrap_4x2_tb.vcd", 5314: 

*Error* Syntax error at #
"axi_interconnect_wrap_4x2_tb.vcd", 5314: 

*Error* Syntax error at 1
"axi_interconnect_wrap_4x2_tb.vcd", 5315: 

*Error* Syntax error at b00000000000000000000000010101111
"axi_interconnect_wrap_4x2_tb.vcd", 5316: 

*Error* Syntax error at b001
"axi_interconnect_wrap_4x2_tb.vcd", 5317: 

*Error* Syntax error at b0001
"axi_interconnect_wrap_4x2_tb.vcd", 5318: 

*Error* Syntax error at 1
"axi_interconnect_wrap_4x2_tb.vcd", 5319: 

*Error* Syntax error at 1.
"axi_interconnect_wrap_4x2_tb.vcd", 5320: 

*Error* Syntax error at b10100000
"axi_interconnect_wrap_4x2_tb.vcd", 5321: 

*Error* Syntax error at b10100000
"axi_interconnect_wrap_4x2_tb.vcd", 5322: 

*Error* Syntax error at b10100000101000001010000010100000
"axi_interconnect_wrap_4x2_tb.vcd", 5323: 

*Error* Syntax error at b10100000
"axi_interconnect_wrap_4x2_tb.vcd", 5324: 

*Error* Syntax error at b00000000000000000000000000010000
"axi_interconnect_wrap_4x2_tb.vcd", 5325: 

*Error* Syntax error at b00000000000000000000000000010000
"axi_interconnect_wrap_4x2_tb.vcd", 5326: 

*Error* Syntax error at b0000000000000000000000000001000000000000000000000000000000010000
"axi_interconnect_wrap_4x2_tb.vcd", 5327: 

*Error* Syntax error at b00000000000000000000000000010000
"axi_interconnect_wrap_4x2_tb.vcd", 5328: 

*Error* Syntax error at b00000000000000000000000000010000
"axi_interconnect_wrap_4x2_tb.vcd", 5329: 

*Error* Syntax error at 1
"axi_interconnect_wrap_4x2_tb.vcd", 5330: 

*Error* Syntax error at b010
"axi_interconnect_wrap_4x2_tb.vcd", 5331: 

*Error* Syntax error at 1
"axi_interconnect_wrap_4x2_tb.vcd", 5332: 

*Error* Syntax error at 0
"axi_interconnect_wrap_4x2_tb.vcd", 5333: 

*Error* Syntax error at b0000
"axi_interconnect_wrap_4x2_tb.vcd", 5334: 

*Error* Syntax error at b0001
"axi_interconnect_wrap_4x2_tb.vcd", 5335: 

*Error* Syntax error at b10100000
"axi_interconnect_wrap_4x2_tb.vcd", 5336: 

*Error* usage of using constructs outside of modules or primitives is supported only if the option '-sv' is specified
"axi_interconnect_wrap_4x2_tb.vcd", 5337: 

*Error* Syntax error at #
"axi_interconnect_wrap_4x2_tb.vcd", 5337: 

*Error* Syntax error at 0
"axi_interconnect_wrap_4x2_tb.vcd", 5338: 

*Error* usage of using constructs outside of modules or primitives is supported only if the option '-sv' is specified
"axi_interconnect_wrap_4x2_tb.vcd", 5339: 

*Error* Syntax error at #
"axi_interconnect_wrap_4x2_tb.vcd", 5339: 

*Error* Syntax error at 1
"axi_interconnect_wrap_4x2_tb.vcd", 5340: 

*Error* Syntax error at b00000000000000000000000010110000
"axi_interconnect_wrap_4x2_tb.vcd", 5341: 

*Error* Syntax error at b010
"axi_interconnect_wrap_4x2_tb.vcd", 5342: 

*Error* Syntax error at b0000
"axi_interconnect_wrap_4x2_tb.vcd", 5343: 

*Error* Syntax error at 0
"axi_interconnect_wrap_4x2_tb.vcd", 5344: 

*Error* Syntax error at 0.
"axi_interconnect_wrap_4x2_tb.vcd", 5345: 

*Error* Syntax error at b0001
"axi_interconnect_wrap_4x2_tb.vcd", 5346: 

*Error* Syntax error at 14
"axi_interconnect_wrap_4x2_tb.vcd", 5347: 

*Error* Syntax error at 1
"axi_interconnect_wrap_4x2_tb.vcd", 5348: 

*Error* Syntax error at 0
"axi_interconnect_wrap_4x2_tb.vcd", 5349: 

*Error* Syntax error at b10100000
"axi_interconnect_wrap_4x2_tb.vcd", 5350: 

*Error* Syntax error at b10100000
"axi_interconnect_wrap_4x2_tb.vcd", 5351: 

*Error* Syntax error at b10100000101000001010000010100000
"axi_interconnect_wrap_4x2_tb.vcd", 5352: 

*Error* Syntax error at b10100000
"axi_interconnect_wrap_4x2_tb.vcd", 5353: 

*Error* Syntax error at 0
"axi_interconnect_wrap_4x2_tb.vcd", 5354: 

*Error* Syntax error at 0
"axi_interconnect_wrap_4x2_tb.vcd", 5355: 

*Error* Syntax error at b01
"axi_interconnect_wrap_4x2_tb.vcd", 5356: 

*Error* Syntax error at b0000000000000000000000000000000010100101101001010100000000000000
"axi_interconnect_wrap_4x2_tb.vcd", 5357: 

*Error* Syntax error at b0000000000000000000000000000000010100101101001010100000000000000
"axi_interconnect_wrap_4x2_tb.vcd", 5358: 

*Error* usage of using constructs outside of modules or primitives is supported only if the option '-sv' is specified
"axi_interconnect_wrap_4x2_tb.vcd", 5359: 

*Error* Syntax error at #
"axi_interconnect_wrap_4x2_tb.vcd", 5359: 

*Error* Syntax error at 0
"axi_interconnect_wrap_4x2_tb.vcd", 5360: 

*Error* usage of using constructs outside of modules or primitives is supported only if the option '-sv' is specified
"axi_interconnect_wrap_4x2_tb.vcd", 5361: 

*Error* Syntax error at #
"axi_interconnect_wrap_4x2_tb.vcd", 5361: 

*Error* Syntax error at 1
"axi_interconnect_wrap_4x2_tb.vcd", 5362: 

*Error* Syntax error at b00000000000000000000000010110001
"axi_interconnect_wrap_4x2_tb.vcd", 5363: 

*Error* Syntax error at b01
"axi_interconnect_wrap_4x2_tb.vcd", 5364: 

*Error* Syntax error at 1
"axi_interconnect_wrap_4x2_tb.vcd", 5365: 

*Error* Syntax error at 1
"axi_interconnect_wrap_4x2_tb.vcd", 5366: 

*Error* Syntax error at 0
"axi_interconnect_wrap_4x2_tb.vcd", 5367: 

*Error* Syntax error at b0000000000000000000000000000000010100101101001010100000000000000
"axi_interconnect_wrap_4x2_tb.vcd", 5368: 

*Error* Syntax error at b0000000000000000000000000000000010100101101001010100000000000000
"axi_interconnect_wrap_4x2_tb.vcd", 5369: 

*Error* Syntax error at b0000000000000000000000000000000010100101101001010100000000000000
"axi_interconnect_wrap_4x2_tb.vcd", 5370: 

*Error* Syntax error at b0000000000000000000000000000000010100101101001010100000000000000000000000000000000000000000000001010010110100101010000000000000000000000000000000000000000000000101001011010010101000000000000000000000000000000000000000000000010100101101001010100000000000000
"axi_interconnect_wrap_4x2_tb.vcd", 5371: 

*Error* Syntax error at b00
"axi_interconnect_wrap_4x2_tb.vcd", 5372: 

*Error* usage of using constructs outside of modules or primitives is supported only if the option '-sv' is specified
"axi_interconnect_wrap_4x2_tb.vcd", 5373: 

*Error* Syntax error at #
"axi_interconnect_wrap_4x2_tb.vcd", 5373: 

*Error* Syntax error at 0
"axi_interconnect_wrap_4x2_tb.vcd", 5374: 

*Error* usage of using constructs outside of modules or primitives is supported only if the option '-sv' is specified
"axi_interconnect_wrap_4x2_tb.vcd", 5375: 

*Error* Syntax error at #
"axi_interconnect_wrap_4x2_tb.vcd", 5375: 

*Error* Syntax error at 1
"axi_interconnect_wrap_4x2_tb.vcd", 5376: 

*Error* Syntax error at b00000000000000000000000010110010
"axi_interconnect_wrap_4x2_tb.vcd", 5377: 

*Error* Syntax error at 0
"axi_interconnect_wrap_4x2_tb.vcd", 5378: 

*Error* Syntax error at b10
"axi_interconnect_wrap_4x2_tb.vcd", 5379: 

*Error* Syntax error at 0
"axi_interconnect_wrap_4x2_tb.vcd", 5380: 

*Error* Syntax error at 1
"axi_interconnect_wrap_4x2_tb.vcd", 5381: 

*Error* Syntax error at b01
"axi_interconnect_wrap_4x2_tb.vcd", 5382: 

*Error* Syntax error at b10
"axi_interconnect_wrap_4x2_tb.vcd", 5383: 

*Error* Syntax error at b00
"axi_interconnect_wrap_4x2_tb.vcd", 5384: 

*Error* Syntax error at 0
"axi_interconnect_wrap_4x2_tb.vcd", 5385: 

*Error* Syntax error at 0
"axi_interconnect_wrap_4x2_tb.vcd", 5386: 

*Error* Syntax error at 1
"axi_interconnect_wrap_4x2_tb.vcd", 5387: 

*Error* usage of using constructs outside of modules or primitives is supported only if the option '-sv' is specified
"axi_interconnect_wrap_4x2_tb.vcd", 5388: 

*Error* Syntax error at #
"axi_interconnect_wrap_4x2_tb.vcd", 5388: 

*Error* Syntax error at 0
"axi_interconnect_wrap_4x2_tb.vcd", 5389: 

*Error* usage of using constructs outside of modules or primitives is supported only if the option '-sv' is specified
"axi_interconnect_wrap_4x2_tb.vcd", 5390: 

*Error* Syntax error at #
"axi_interconnect_wrap_4x2_tb.vcd", 5390: 

*Error* Syntax error at 1
"axi_interconnect_wrap_4x2_tb.vcd", 5391: 

*Error* Syntax error at b00000000000000000000000010110011
"axi_interconnect_wrap_4x2_tb.vcd", 5392: 

*Error* usage of using constructs outside of modules or primitives is supported only if the option '-sv' is specified
"axi_interconnect_wrap_4x2_tb.vcd", 5393: 

*Error* Syntax error at #
"axi_interconnect_wrap_4x2_tb.vcd", 5393: 

*Error* Syntax error at 0
"axi_interconnect_wrap_4x2_tb.vcd", 5394: 

*Error* usage of using constructs outside of modules or primitives is supported only if the option '-sv' is specified
"axi_interconnect_wrap_4x2_tb.vcd", 5395: 

*Error* Syntax error at #
"axi_interconnect_wrap_4x2_tb.vcd", 5395: 

*Error* Syntax error at 1
"axi_interconnect_wrap_4x2_tb.vcd", 5396: 

*Error* Syntax error at b00000000000000000000000010110100
"axi_interconnect_wrap_4x2_tb.vcd", 5397: 

*Error* usage of using constructs outside of modules or primitives is supported only if the option '-sv' is specified
"axi_interconnect_wrap_4x2_tb.vcd", 5398: 

*Error* Syntax error at #
"axi_interconnect_wrap_4x2_tb.vcd", 5398: 

*Error* Syntax error at 0
"axi_interconnect_wrap_4x2_tb.vcd", 5399: 

*Error* usage of using constructs outside of modules or primitives is supported only if the option '-sv' is specified
"axi_interconnect_wrap_4x2_tb.vcd", 5400: 

*Error* Syntax error at #
"axi_interconnect_wrap_4x2_tb.vcd", 5400: 

*Error* Syntax error at 1
"axi_interconnect_wrap_4x2_tb.vcd", 5401: 

*Error* Syntax error at b00000000000000000000000010110101
"axi_interconnect_wrap_4x2_tb.vcd", 5402: 

*Error* usage of using constructs outside of modules or primitives is supported only if the option '-sv' is specified
"axi_interconnect_wrap_4x2_tb.vcd", 5403: 

*Error* Syntax error at #
"axi_interconnect_wrap_4x2_tb.vcd", 5403: 

*Error* Syntax error at 0
"axi_interconnect_wrap_4x2_tb.vcd", 5404: 

*Error* usage of using constructs outside of modules or primitives is supported only if the option '-sv' is specified
"axi_interconnect_wrap_4x2_tb.vcd", 5405: 

*Error* Syntax error at #
"axi_interconnect_wrap_4x2_tb.vcd", 5405: 

*Error* Syntax error at 1
"axi_interconnect_wrap_4x2_tb.vcd", 5406: 

*Error* Syntax error at b00000000000000000000000010110110
"axi_interconnect_wrap_4x2_tb.vcd", 5407: 

*Error* usage of using constructs outside of modules or primitives is supported only if the option '-sv' is specified
"axi_interconnect_wrap_4x2_tb.vcd", 5408: 

*Error* Syntax error at #
"axi_interconnect_wrap_4x2_tb.vcd", 5408: 

*Error* Syntax error at 0
"axi_interconnect_wrap_4x2_tb.vcd", 5409: 

*Error* usage of using constructs outside of modules or primitives is supported only if the option '-sv' is specified
"axi_interconnect_wrap_4x2_tb.vcd", 5410: 

*Error* Syntax error at #
"axi_interconnect_wrap_4x2_tb.vcd", 5410: 

*Error* Syntax error at 1
"axi_interconnect_wrap_4x2_tb.vcd", 5411: 

*Error* Syntax error at b00000000000000000000000010110111
"axi_interconnect_wrap_4x2_tb.vcd", 5412: 

*Error* usage of using constructs outside of modules or primitives is supported only if the option '-sv' is specified
"axi_interconnect_wrap_4x2_tb.vcd", 5413: 

*Error* Syntax error at #
"axi_interconnect_wrap_4x2_tb.vcd", 5413: 

*Error* Syntax error at 0
"axi_interconnect_wrap_4x2_tb.vcd", 5414: 

*Error* usage of using constructs outside of modules or primitives is supported only if the option '-sv' is specified
"axi_interconnect_wrap_4x2_tb.vcd", 5415: 

*Error* Syntax error at #
"axi_interconnect_wrap_4x2_tb.vcd", 5415: 

*Error* Syntax error at 1
"axi_interconnect_wrap_4x2_tb.vcd", 5416: 

*Error* Syntax error at b00000000000000000000000010111000
"axi_interconnect_wrap_4x2_tb.vcd", 5417: 

*Error* usage of using constructs outside of modules or primitives is supported only if the option '-sv' is specified
"axi_interconnect_wrap_4x2_tb.vcd", 5418: 

*Error* Syntax error at #
"axi_interconnect_wrap_4x2_tb.vcd", 5418: 

*Error* Syntax error at 0
"axi_interconnect_wrap_4x2_tb.vcd", 5419: 

*Error* usage of using constructs outside of modules or primitives is supported only if the option '-sv' is specified
"axi_interconnect_wrap_4x2_tb.vcd", 5420: 

*Error* Syntax error at #
"axi_interconnect_wrap_4x2_tb.vcd", 5420: 

*Error* Syntax error at 1
"axi_interconnect_wrap_4x2_tb.vcd", 5421: 

*Error* Syntax error at b00000000000000000000000010111001
"axi_interconnect_wrap_4x2_tb.vcd", 5422: 

*Error* usage of using constructs outside of modules or primitives is supported only if the option '-sv' is specified
"axi_interconnect_wrap_4x2_tb.vcd", 5423: 

*Error* Syntax error at #
"axi_interconnect_wrap_4x2_tb.vcd", 5423: 

*Error* Syntax error at 0
"axi_interconnect_wrap_4x2_tb.vcd", 5424: 

*Error* usage of using constructs outside of modules or primitives is supported only if the option '-sv' is specified
"axi_interconnect_wrap_4x2_tb.vcd", 5425: 

*Error* Syntax error at #
"axi_interconnect_wrap_4x2_tb.vcd", 5425: 

*Error* Syntax error at 1
"axi_interconnect_wrap_4x2_tb.vcd", 5426: 

*Error* Syntax error at b00000000000000000000000010111010
"axi_interconnect_wrap_4x2_tb.vcd", 5427: 

*Error* usage of using constructs outside of modules or primitives is supported only if the option '-sv' is specified
"axi_interconnect_wrap_4x2_tb.vcd", 5428: 

*Error* Syntax error at #
"axi_interconnect_wrap_4x2_tb.vcd", 5428: 

*Error* Syntax error at 0
"axi_interconnect_wrap_4x2_tb.vcd", 5429: 

*Error* usage of using constructs outside of modules or primitives is supported only if the option '-sv' is specified
"axi_interconnect_wrap_4x2_tb.vcd", 5430: 

*Error* Syntax error at #
"axi_interconnect_wrap_4x2_tb.vcd", 5430: 

*Error* Syntax error at 1
"axi_interconnect_wrap_4x2_tb.vcd", 5431: 

*Error* Syntax error at b00000000000000000000000010111011
"axi_interconnect_wrap_4x2_tb.vcd", 5432: 

*Error* usage of using constructs outside of modules or primitives is supported only if the option '-sv' is specified
"axi_interconnect_wrap_4x2_tb.vcd", 5433: 

*Error* Syntax error at #
"axi_interconnect_wrap_4x2_tb.vcd", 5433: 

*Error* Syntax error at 0
"axi_interconnect_wrap_4x2_tb.vcd", 5434: 

*Error* usage of using constructs outside of modules or primitives is supported only if the option '-sv' is specified
"axi_interconnect_wrap_4x2_tb.vcd", 5435: 

*Error* Syntax error at #
"axi_interconnect_wrap_4x2_tb.vcd", 5435: 

*Error* Syntax error at 1
"axi_interconnect_wrap_4x2_tb.vcd", 5436: 

*Error* Syntax error at b00000000000000000000000010111100
"axi_interconnect_wrap_4x2_tb.vcd", 5437: 

*Error* usage of using constructs outside of modules or primitives is supported only if the option '-sv' is specified
"axi_interconnect_wrap_4x2_tb.vcd", 5438: 

*Error* Syntax error at #
"axi_interconnect_wrap_4x2_tb.vcd", 5438: 

*Error* Syntax error at 0
"axi_interconnect_wrap_4x2_tb.vcd", 5439: 

*Error* usage of using constructs outside of modules or primitives is supported only if the option '-sv' is specified
"axi_interconnect_wrap_4x2_tb.vcd", 5440: 

*Error* Syntax error at #
"axi_interconnect_wrap_4x2_tb.vcd", 5440: 

*Error* Syntax error at 1
"axi_interconnect_wrap_4x2_tb.vcd", 5441: 

*Error* Syntax error at b00000000000000000000000010111101
"axi_interconnect_wrap_4x2_tb.vcd", 5442: 

*Error* usage of using constructs outside of modules or primitives is supported only if the option '-sv' is specified
"axi_interconnect_wrap_4x2_tb.vcd", 5443: 

*Error* Syntax error at #
"axi_interconnect_wrap_4x2_tb.vcd", 5443: 

*Error* Syntax error at 0
"axi_interconnect_wrap_4x2_tb.vcd", 5444: 

*Error* usage of using constructs outside of modules or primitives is supported only if the option '-sv' is specified
"axi_interconnect_wrap_4x2_tb.vcd", 5445: 

*Error* Syntax error at #
"axi_interconnect_wrap_4x2_tb.vcd", 5445: 

*Error* Syntax error at 1
"axi_interconnect_wrap_4x2_tb.vcd", 5446: 

*Error* Syntax error at b00000000000000000000000010111110
"axi_interconnect_wrap_4x2_tb.vcd", 5447: 

*Error* usage of using constructs outside of modules or primitives is supported only if the option '-sv' is specified
"axi_interconnect_wrap_4x2_tb.vcd", 5448: 

*Error* Syntax error at #
"axi_interconnect_wrap_4x2_tb.vcd", 5448: 

*Error* Syntax error at 0
"axi_interconnect_wrap_4x2_tb.vcd", 5449: 

*Error* usage of using constructs outside of modules or primitives is supported only if the option '-sv' is specified
"axi_interconnect_wrap_4x2_tb.vcd", 5450: 

*Error* Syntax error at #
"axi_interconnect_wrap_4x2_tb.vcd", 5450: 

*Error* Syntax error at 1
"axi_interconnect_wrap_4x2_tb.vcd", 5451: 

*Error* Syntax error at b00000000000000000000000010111111
"axi_interconnect_wrap_4x2_tb.vcd", 5452: 

*Error* usage of using constructs outside of modules or primitives is supported only if the option '-sv' is specified
"axi_interconnect_wrap_4x2_tb.vcd", 5453: 

*Error* Syntax error at #
"axi_interconnect_wrap_4x2_tb.vcd", 5453: 

*Error* Syntax error at 0
"axi_interconnect_wrap_4x2_tb.vcd", 5454: 

*Error* usage of using constructs outside of modules or primitives is supported only if the option '-sv' is specified
"axi_interconnect_wrap_4x2_tb.vcd", 5455: 

*Error* Syntax error at #
"axi_interconnect_wrap_4x2_tb.vcd", 5455: 

*Error* Syntax error at 1
"axi_interconnect_wrap_4x2_tb.vcd", 5456: 

*Error* Syntax error at b00000000000000000000000011000000
"axi_interconnect_wrap_4x2_tb.vcd", 5457: 

*Error* usage of using constructs outside of modules or primitives is supported only if the option '-sv' is specified
"axi_interconnect_wrap_4x2_tb.vcd", 5458: 

*Error* Syntax error at #
"axi_interconnect_wrap_4x2_tb.vcd", 5458: 

*Error* Syntax error at 0
"axi_interconnect_wrap_4x2_tb.vcd", 5459: 

*Error* usage of using constructs outside of modules or primitives is supported only if the option '-sv' is specified
"axi_interconnect_wrap_4x2_tb.vcd", 5460: 

*Error* Syntax error at #
"axi_interconnect_wrap_4x2_tb.vcd", 5460: 

*Error* Syntax error at 1
"axi_interconnect_wrap_4x2_tb.vcd", 5461: 

*Error* Syntax error at b00000000000000000000000011000001
"axi_interconnect_wrap_4x2_tb.vcd", 5462: 

*Error* usage of using constructs outside of modules or primitives is supported only if the option '-sv' is specified
"axi_interconnect_wrap_4x2_tb.vcd", 5463: 

*Error* Syntax error at #
"axi_interconnect_wrap_4x2_tb.vcd", 5463: 

*Error* Syntax error at 0
"axi_interconnect_wrap_4x2_tb.vcd", 5464: 

*Error* usage of using constructs outside of modules or primitives is supported only if the option '-sv' is specified
"axi_interconnect_wrap_4x2_tb.vcd", 5465: 

*Error* Syntax error at #
"axi_interconnect_wrap_4x2_tb.vcd", 5465: 

*Error* Syntax error at 1
"axi_interconnect_wrap_4x2_tb.vcd", 5466: 

*Error* Syntax error at b00000000000000000000000011000010
"axi_interconnect_wrap_4x2_tb.vcd", 5467: 

*Error* usage of using constructs outside of modules or primitives is supported only if the option '-sv' is specified
"axi_interconnect_wrap_4x2_tb.vcd", 5468: 

*Error* Syntax error at #
"axi_interconnect_wrap_4x2_tb.vcd", 5468: 

*Error* Syntax error at 0
"axi_interconnect_wrap_4x2_tb.vcd", 5469: 

*Error* usage of using constructs outside of modules or primitives is supported only if the option '-sv' is specified
"axi_interconnect_wrap_4x2_tb.vcd", 5470: 

*Error* Syntax error at #
"axi_interconnect_wrap_4x2_tb.vcd", 5470: 

*Error* Syntax error at 1
"axi_interconnect_wrap_4x2_tb.vcd", 5471: 

*Error* Syntax error at b00000000000000000000000011000011
"axi_interconnect_wrap_4x2_tb.vcd", 5472: 

*Error* usage of using constructs outside of modules or primitives is supported only if the option '-sv' is specified
"axi_interconnect_wrap_4x2_tb.vcd", 5473: 

*Error* Syntax error at #
"axi_interconnect_wrap_4x2_tb.vcd", 5473: 

*Error* Syntax error at 0
"axi_interconnect_wrap_4x2_tb.vcd", 5474: 

*Error* usage of using constructs outside of modules or primitives is supported only if the option '-sv' is specified
"axi_interconnect_wrap_4x2_tb.vcd", 5475: 

*Error* Syntax error at #
"axi_interconnect_wrap_4x2_tb.vcd", 5475: 

*Error* Syntax error at 1
"axi_interconnect_wrap_4x2_tb.vcd", 5476: 

*Error* Syntax error at b00000000000000000000000011000100
"axi_interconnect_wrap_4x2_tb.vcd", 5477: 

*Error* usage of using constructs outside of modules or primitives is supported only if the option '-sv' is specified
"axi_interconnect_wrap_4x2_tb.vcd", 5478: 

*Error* Syntax error at #
"axi_interconnect_wrap_4x2_tb.vcd", 5478: 

*Error* Syntax error at 0
"axi_interconnect_wrap_4x2_tb.vcd", 5479: 

*Error* usage of using constructs outside of modules or primitives is supported only if the option '-sv' is specified
"axi_interconnect_wrap_4x2_tb.vcd", 5480: 

*Error* Syntax error at #
"axi_interconnect_wrap_4x2_tb.vcd", 5480: 

*Error* Syntax error at 1
"axi_interconnect_wrap_4x2_tb.vcd", 5481: 

*Error* Syntax error at b00000000000000000000000011000101
"axi_interconnect_wrap_4x2_tb.vcd", 5482: 

*Error* usage of using constructs outside of modules or primitives is supported only if the option '-sv' is specified
"axi_interconnect_wrap_4x2_tb.vcd", 5483: 

*Error* Syntax error at #
"axi_interconnect_wrap_4x2_tb.vcd", 5483: 

*Error* Syntax error at 0
"axi_interconnect_wrap_4x2_tb.vcd", 5484: 

*Error* usage of using constructs outside of modules or primitives is supported only if the option '-sv' is specified
"axi_interconnect_wrap_4x2_tb.vcd", 5485: 

*Error* Syntax error at #
"axi_interconnect_wrap_4x2_tb.vcd", 5485: 

*Error* Syntax error at 1
"axi_interconnect_wrap_4x2_tb.vcd", 5486: 

*Error* Syntax error at b00000000000000000000000011000110
"axi_interconnect_wrap_4x2_tb.vcd", 5487: 

*Error* usage of using constructs outside of modules or primitives is supported only if the option '-sv' is specified
"axi_interconnect_wrap_4x2_tb.vcd", 5488: 

*Error* Syntax error at #
"axi_interconnect_wrap_4x2_tb.vcd", 5488: 

*Error* Syntax error at 0
"axi_interconnect_wrap_4x2_tb.vcd", 5489: 

*Error* usage of using constructs outside of modules or primitives is supported only if the option '-sv' is specified
"axi_interconnect_wrap_4x2_tb.vcd", 5490: 

*Error* Syntax error at #
"axi_interconnect_wrap_4x2_tb.vcd", 5490: 

*Error* Syntax error at 1
"axi_interconnect_wrap_4x2_tb.vcd", 5491: 

*Error* Syntax error at b00000000000000000000000011000111
"axi_interconnect_wrap_4x2_tb.vcd", 5492: 

*Error* usage of using constructs outside of modules or primitives is supported only if the option '-sv' is specified
"axi_interconnect_wrap_4x2_tb.vcd", 5493: 

*Error* Syntax error at #
"axi_interconnect_wrap_4x2_tb.vcd", 5493: 

*Error* Syntax error at 0
"axi_interconnect_wrap_4x2_tb.vcd", 5494: 

*Error* usage of using constructs outside of modules or primitives is supported only if the option '-sv' is specified
"axi_interconnect_wrap_4x2_tb.vcd", 5495: 

*Error* Syntax error at #
"axi_interconnect_wrap_4x2_tb.vcd", 5495: 

*Error* Syntax error at 1
"axi_interconnect_wrap_4x2_tb.vcd", 5496: 

*Error* Syntax error at b00000000000000000000000011001000
"axi_interconnect_wrap_4x2_tb.vcd", 5497: 

*Error* usage of using constructs outside of modules or primitives is supported only if the option '-sv' is specified
"axi_interconnect_wrap_4x2_tb.vcd", 5498: 

*Error* Syntax error at #
"axi_interconnect_wrap_4x2_tb.vcd", 5498: 

*Error* Syntax error at 0
"axi_interconnect_wrap_4x2_tb.vcd", 5499: 

*Error* usage of using constructs outside of modules or primitives is supported only if the option '-sv' is specified
"axi_interconnect_wrap_4x2_tb.vcd", 5500: 

*Error* Syntax error at #
"axi_interconnect_wrap_4x2_tb.vcd", 5500: 

*Error* Syntax error at 1
"axi_interconnect_wrap_4x2_tb.vcd", 5501: 

*Error* Syntax error at b00000000000000000000000011001001
"axi_interconnect_wrap_4x2_tb.vcd", 5502: 

*Error* usage of using constructs outside of modules or primitives is supported only if the option '-sv' is specified
"axi_interconnect_wrap_4x2_tb.vcd", 5503: 

*Error* Syntax error at #
"axi_interconnect_wrap_4x2_tb.vcd", 5503: 

*Error* Syntax error at 0
"axi_interconnect_wrap_4x2_tb.vcd", 5504: 

*Error* usage of using constructs outside of modules or primitives is supported only if the option '-sv' is specified
"axi_interconnect_wrap_4x2_tb.vcd", 5505: 

*Error* Syntax error at #
"axi_interconnect_wrap_4x2_tb.vcd", 5505: 

*Error* Syntax error at 1
"axi_interconnect_wrap_4x2_tb.vcd", 5506: 

*Error* Syntax error at b00000000000000000000000011001010
"axi_interconnect_wrap_4x2_tb.vcd", 5507: 

*Error* usage of using constructs outside of modules or primitives is supported only if the option '-sv' is specified
"axi_interconnect_wrap_4x2_tb.vcd", 5508: 

*Error* Syntax error at #
"axi_interconnect_wrap_4x2_tb.vcd", 5508: 

*Error* Syntax error at 0
"axi_interconnect_wrap_4x2_tb.vcd", 5509: 

*Error* usage of using constructs outside of modules or primitives is supported only if the option '-sv' is specified
"axi_interconnect_wrap_4x2_tb.vcd", 5510: 

*Error* Syntax error at #
"axi_interconnect_wrap_4x2_tb.vcd", 5510: 

*Error* Syntax error at 1
"axi_interconnect_wrap_4x2_tb.vcd", 5511: 

*Error* Syntax error at b00000000000000000000000011001011
"axi_interconnect_wrap_4x2_tb.vcd", 5512: 

*Error* usage of using constructs outside of modules or primitives is supported only if the option '-sv' is specified
"axi_interconnect_wrap_4x2_tb.vcd", 5513: 

*Error* Syntax error at #
"axi_interconnect_wrap_4x2_tb.vcd", 5513: 

*Error* Syntax error at 0
"axi_interconnect_wrap_4x2_tb.vcd", 5514: 

*Error* usage of using constructs outside of modules or primitives is supported only if the option '-sv' is specified
"axi_interconnect_wrap_4x2_tb.vcd", 5515: 

*Error* Syntax error at #
"axi_interconnect_wrap_4x2_tb.vcd", 5515: 

*Error* Syntax error at 1
"axi_interconnect_wrap_4x2_tb.vcd", 5516: 

*Error* Syntax error at b00000000000000000000000011001100
"axi_interconnect_wrap_4x2_tb.vcd", 5517: 

*Error* usage of using constructs outside of modules or primitives is supported only if the option '-sv' is specified
"axi_interconnect_wrap_4x2_tb.vcd", 5518: 

*Error* Syntax error at #
"axi_interconnect_wrap_4x2_tb.vcd", 5518: 

*Error* Syntax error at 0
"axi_interconnect_wrap_4x2_tb.vcd", 5519: 

*Error* usage of using constructs outside of modules or primitives is supported only if the option '-sv' is specified
"axi_interconnect_wrap_4x2_tb.vcd", 5520: 

*Error* Syntax error at #
"axi_interconnect_wrap_4x2_tb.vcd", 5520: 

*Error* Syntax error at 1
"axi_interconnect_wrap_4x2_tb.vcd", 5521: 

*Error* Syntax error at b00000000000000000000000011001101
"axi_interconnect_wrap_4x2_tb.vcd", 5522: 

*Error* usage of using constructs outside of modules or primitives is supported only if the option '-sv' is specified
"axi_interconnect_wrap_4x2_tb.vcd", 5523: 

*Error* Syntax error at #
"axi_interconnect_wrap_4x2_tb.vcd", 5523: 

*Error* Syntax error at 0
"axi_interconnect_wrap_4x2_tb.vcd", 5524: 

*Error* usage of using constructs outside of modules or primitives is supported only if the option '-sv' is specified
"axi_interconnect_wrap_4x2_tb.vcd", 5525: 

*Error* Syntax error at #
"axi_interconnect_wrap_4x2_tb.vcd", 5525: 

*Error* Syntax error at 1
"axi_interconnect_wrap_4x2_tb.vcd", 5526: 

*Error* Syntax error at b00000000000000000000000011001110
"axi_interconnect_wrap_4x2_tb.vcd", 5527: 

*Error* usage of using constructs outside of modules or primitives is supported only if the option '-sv' is specified
"axi_interconnect_wrap_4x2_tb.vcd", 5528: 

*Error* Syntax error at #
"axi_interconnect_wrap_4x2_tb.vcd", 5528: 

*Error* Syntax error at 0
"axi_interconnect_wrap_4x2_tb.vcd", 5529: 

*Error* usage of using constructs outside of modules or primitives is supported only if the option '-sv' is specified
"axi_interconnect_wrap_4x2_tb.vcd", 5530: 

*Error* Syntax error at #
"axi_interconnect_wrap_4x2_tb.vcd", 5530: 

*Error* Syntax error at 1
"axi_interconnect_wrap_4x2_tb.vcd", 5531: 

*Error* Syntax error at b00000000000000000000000011001111
"axi_interconnect_wrap_4x2_tb.vcd", 5532: 

*Error* usage of using constructs outside of modules or primitives is supported only if the option '-sv' is specified
"axi_interconnect_wrap_4x2_tb.vcd", 5533: 

*Error* Syntax error at #
"axi_interconnect_wrap_4x2_tb.vcd", 5533: 

*Error* Syntax error at 0
"axi_interconnect_wrap_4x2_tb.vcd", 5534: 

*Error* usage of using constructs outside of modules or primitives is supported only if the option '-sv' is specified
"axi_interconnect_wrap_4x2_tb.vcd", 5535: 

*Error* Syntax error at #
"axi_interconnect_wrap_4x2_tb.vcd", 5535: 

*Error* Syntax error at 1
"axi_interconnect_wrap_4x2_tb.vcd", 5536: 

*Error* Syntax error at b00000000000000000000000011010000
"axi_interconnect_wrap_4x2_tb.vcd", 5537: 

*Error* usage of using constructs outside of modules or primitives is supported only if the option '-sv' is specified
"axi_interconnect_wrap_4x2_tb.vcd", 5538: 

*Error* Syntax error at #
"axi_interconnect_wrap_4x2_tb.vcd", 5538: 

*Error* Syntax error at 0
"axi_interconnect_wrap_4x2_tb.vcd", 5539: 

*Error* usage of using constructs outside of modules or primitives is supported only if the option '-sv' is specified
"axi_interconnect_wrap_4x2_tb.vcd", 5540: 

*Error* Syntax error at #
"axi_interconnect_wrap_4x2_tb.vcd", 5540: 

*Error* Syntax error at 1
"axi_interconnect_wrap_4x2_tb.vcd", 5541: 

*Error* Syntax error at b00000000000000000000000011010001
"axi_interconnect_wrap_4x2_tb.vcd", 5542: 

*Error* usage of using constructs outside of modules or primitives is supported only if the option '-sv' is specified
"axi_interconnect_wrap_4x2_tb.vcd", 5543: 

*Error* Syntax error at #
"axi_interconnect_wrap_4x2_tb.vcd", 5543: 

*Error* Syntax error at 0
"axi_interconnect_wrap_4x2_tb.vcd", 5544: 

*Error* usage of using constructs outside of modules or primitives is supported only if the option '-sv' is specified
"axi_interconnect_wrap_4x2_tb.vcd", 5545: 

*Error* Syntax error at #
"axi_interconnect_wrap_4x2_tb.vcd", 5545: 

*Error* Syntax error at 1
"axi_interconnect_wrap_4x2_tb.vcd", 5546: 

*Error* Syntax error at b00000000000000000000000011010010
"axi_interconnect_wrap_4x2_tb.vcd", 5547: 

*Error* usage of using constructs outside of modules or primitives is supported only if the option '-sv' is specified
"axi_interconnect_wrap_4x2_tb.vcd", 5548: 

*Error* Syntax error at #
"axi_interconnect_wrap_4x2_tb.vcd", 5548: 

*Error* Syntax error at 0
"axi_interconnect_wrap_4x2_tb.vcd", 5549: 

*Error* usage of using constructs outside of modules or primitives is supported only if the option '-sv' is specified
"axi_interconnect_wrap_4x2_tb.vcd", 5550: 

*Error* Syntax error at #
"axi_interconnect_wrap_4x2_tb.vcd", 5550: 

*Error* Syntax error at 1
"axi_interconnect_wrap_4x2_tb.vcd", 5551: 

*Error* Syntax error at b00000000000000000000000011010011
"axi_interconnect_wrap_4x2_tb.vcd", 5552: 

*Error* usage of using constructs outside of modules or primitives is supported only if the option '-sv' is specified
"axi_interconnect_wrap_4x2_tb.vcd", 5553: 

*Error* Syntax error at #
"axi_interconnect_wrap_4x2_tb.vcd", 5553: 

*Error* Syntax error at 0
"axi_interconnect_wrap_4x2_tb.vcd", 5554: 

*Error* usage of using constructs outside of modules or primitives is supported only if the option '-sv' is specified
"axi_interconnect_wrap_4x2_tb.vcd", 5555: 

*Error* Syntax error at #
"axi_interconnect_wrap_4x2_tb.vcd", 5555: 

*Error* Syntax error at 1
"axi_interconnect_wrap_4x2_tb.vcd", 5556: 

*Error* Syntax error at b00000000000000000000000011010100
"axi_interconnect_wrap_4x2_tb.vcd", 5557: 

*Error* usage of using constructs outside of modules or primitives is supported only if the option '-sv' is specified
"axi_interconnect_wrap_4x2_tb.vcd", 5558: 

*Error* Syntax error at #
"axi_interconnect_wrap_4x2_tb.vcd", 5558: 

*Error* Syntax error at 0
"axi_interconnect_wrap_4x2_tb.vcd", 5559: 

*Error* usage of using constructs outside of modules or primitives is supported only if the option '-sv' is specified
"axi_interconnect_wrap_4x2_tb.vcd", 5560: 

*Error* Syntax error at #
"axi_interconnect_wrap_4x2_tb.vcd", 5560: 

*Error* Syntax error at 1
"axi_interconnect_wrap_4x2_tb.vcd", 5561: 

*Error* Syntax error at b00000000000000000000000011010101
"axi_interconnect_wrap_4x2_tb.vcd", 5562: 

*Error* usage of using constructs outside of modules or primitives is supported only if the option '-sv' is specified
"axi_interconnect_wrap_4x2_tb.vcd", 5563: 

*Error* Syntax error at #
"axi_interconnect_wrap_4x2_tb.vcd", 5563: 

*Error* Syntax error at 0
"axi_interconnect_wrap_4x2_tb.vcd", 5564: 

*Error* usage of using constructs outside of modules or primitives is supported only if the option '-sv' is specified
"axi_interconnect_wrap_4x2_tb.vcd", 5565: 

*Error* Syntax error at #
"axi_interconnect_wrap_4x2_tb.vcd", 5565: 

*Error* Syntax error at 1
"axi_interconnect_wrap_4x2_tb.vcd", 5566: 

*Error* Syntax error at b00000000000000000000000011010110
"axi_interconnect_wrap_4x2_tb.vcd", 5567: 

*Error* usage of using constructs outside of modules or primitives is supported only if the option '-sv' is specified
"axi_interconnect_wrap_4x2_tb.vcd", 5568: 

*Error* Syntax error at #
"axi_interconnect_wrap_4x2_tb.vcd", 5568: 

*Error* Syntax error at 0
"axi_interconnect_wrap_4x2_tb.vcd", 5569: 

*Error* usage of using constructs outside of modules or primitives is supported only if the option '-sv' is specified
"axi_interconnect_wrap_4x2_tb.vcd", 5570: 

*Error* Syntax error at #
"axi_interconnect_wrap_4x2_tb.vcd", 5570: 

*Error* Syntax error at 1
"axi_interconnect_wrap_4x2_tb.vcd", 5571: 

*Error* Syntax error at b00000000000000000000000011010111
"axi_interconnect_wrap_4x2_tb.vcd", 5572: 

*Error* usage of using constructs outside of modules or primitives is supported only if the option '-sv' is specified
"axi_interconnect_wrap_4x2_tb.vcd", 5573: 

*Error* Syntax error at #
"axi_interconnect_wrap_4x2_tb.vcd", 5573: 

*Error* Syntax error at 0
"axi_interconnect_wrap_4x2_tb.vcd", 5574: 

*Error* usage of using constructs outside of modules or primitives is supported only if the option '-sv' is specified
"axi_interconnect_wrap_4x2_tb.vcd", 5575: 

*Error* Syntax error at #
"axi_interconnect_wrap_4x2_tb.vcd", 5575: 

*Error* Syntax error at 1
"axi_interconnect_wrap_4x2_tb.vcd", 5576: 

*Error* Syntax error at b00000000000000000000000011011000
"axi_interconnect_wrap_4x2_tb.vcd", 5577: 

*Error* usage of using constructs outside of modules or primitives is supported only if the option '-sv' is specified
"axi_interconnect_wrap_4x2_tb.vcd", 5578: 

*Error* Syntax error at #
"axi_interconnect_wrap_4x2_tb.vcd", 5578: 

*Error* Syntax error at 0
"axi_interconnect_wrap_4x2_tb.vcd", 5579: 

*Error* usage of using constructs outside of modules or primitives is supported only if the option '-sv' is specified
"axi_interconnect_wrap_4x2_tb.vcd", 5580: 

*Error* Syntax error at #
"axi_interconnect_wrap_4x2_tb.vcd", 5580: 

*Error* Syntax error at 1
"axi_interconnect_wrap_4x2_tb.vcd", 5581: 

*Error* Syntax error at b00000000000000000000000011011001
"axi_interconnect_wrap_4x2_tb.vcd", 5582: 

*Error* usage of using constructs outside of modules or primitives is supported only if the option '-sv' is specified
"axi_interconnect_wrap_4x2_tb.vcd", 5583: 

*Error* Syntax error at #
"axi_interconnect_wrap_4x2_tb.vcd", 5583: 

*Error* Syntax error at 0
"axi_interconnect_wrap_4x2_tb.vcd", 5584: 

*Error* usage of using constructs outside of modules or primitives is supported only if the option '-sv' is specified
"axi_interconnect_wrap_4x2_tb.vcd", 5585: 

*Error* Syntax error at #
"axi_interconnect_wrap_4x2_tb.vcd", 5585: 

*Error* Syntax error at 1
"axi_interconnect_wrap_4x2_tb.vcd", 5586: 

*Error* Syntax error at b00000000000000000000000011011010
"axi_interconnect_wrap_4x2_tb.vcd", 5587: 

*Error* usage of using constructs outside of modules or primitives is supported only if the option '-sv' is specified
"axi_interconnect_wrap_4x2_tb.vcd", 5588: 

*Error* Syntax error at #
"axi_interconnect_wrap_4x2_tb.vcd", 5588: 

*Error* Syntax error at 0
"axi_interconnect_wrap_4x2_tb.vcd", 5589: 

*Error* usage of using constructs outside of modules or primitives is supported only if the option '-sv' is specified
"axi_interconnect_wrap_4x2_tb.vcd", 5590: 

*Error* Syntax error at #
"axi_interconnect_wrap_4x2_tb.vcd", 5590: 

*Error* Syntax error at 1
"axi_interconnect_wrap_4x2_tb.vcd", 5591: 

*Error* Syntax error at b00000000000000000000000011011011
"axi_interconnect_wrap_4x2_tb.vcd", 5592: 

*Error* usage of using constructs outside of modules or primitives is supported only if the option '-sv' is specified
"axi_interconnect_wrap_4x2_tb.vcd", 5593: 

*Error* Syntax error at #
"axi_interconnect_wrap_4x2_tb.vcd", 5593: 

*Error* Syntax error at 0
"axi_interconnect_wrap_4x2_tb.vcd", 5594: 

*Error* usage of using constructs outside of modules or primitives is supported only if the option '-sv' is specified
"axi_interconnect_wrap_4x2_tb.vcd", 5595: 

*Error* Syntax error at #
"axi_interconnect_wrap_4x2_tb.vcd", 5595: 

*Error* Syntax error at 1
"axi_interconnect_wrap_4x2_tb.vcd", 5596: 

*Error* Syntax error at b00000000000000000000000011011100
"axi_interconnect_wrap_4x2_tb.vcd", 5597: 

*Error* usage of using constructs outside of modules or primitives is supported only if the option '-sv' is specified
"axi_interconnect_wrap_4x2_tb.vcd", 5598: 

*Error* Syntax error at #
"axi_interconnect_wrap_4x2_tb.vcd", 5598: 

*Error* Syntax error at 0
"axi_interconnect_wrap_4x2_tb.vcd", 5599: 

*Error* usage of using constructs outside of modules or primitives is supported only if the option '-sv' is specified
"axi_interconnect_wrap_4x2_tb.vcd", 5600: 

*Error* Syntax error at #
"axi_interconnect_wrap_4x2_tb.vcd", 5600: 

*Error* Syntax error at 1
"axi_interconnect_wrap_4x2_tb.vcd", 5601: 

*Error* Syntax error at b00000000000000000000000011011101
"axi_interconnect_wrap_4x2_tb.vcd", 5602: 

*Error* usage of using constructs outside of modules or primitives is supported only if the option '-sv' is specified
"axi_interconnect_wrap_4x2_tb.vcd", 5603: 

*Error* Syntax error at #
"axi_interconnect_wrap_4x2_tb.vcd", 5603: 

*Error* Syntax error at 0
"axi_interconnect_wrap_4x2_tb.vcd", 5604: 

*Error* usage of using constructs outside of modules or primitives is supported only if the option '-sv' is specified
"axi_interconnect_wrap_4x2_tb.vcd", 5605: 

*Error* Syntax error at #
"axi_interconnect_wrap_4x2_tb.vcd", 5605: 

*Error* Syntax error at 1
"axi_interconnect_wrap_4x2_tb.vcd", 5606: 

*Error* Syntax error at b00000000000000000000000011011110
"axi_interconnect_wrap_4x2_tb.vcd", 5607: 

*Error* usage of using constructs outside of modules or primitives is supported only if the option '-sv' is specified
"axi_interconnect_wrap_4x2_tb.vcd", 5608: 

*Error* Syntax error at #
"axi_interconnect_wrap_4x2_tb.vcd", 5608: 

*Error* Syntax error at 0
"axi_interconnect_wrap_4x2_tb.vcd", 5609: 

*Error* usage of using constructs outside of modules or primitives is supported only if the option '-sv' is specified
"axi_interconnect_wrap_4x2_tb.vcd", 5610: 

*Error* Syntax error at #
"axi_interconnect_wrap_4x2_tb.vcd", 5610: 

*Error* Syntax error at 1
"axi_interconnect_wrap_4x2_tb.vcd", 5611: 

*Error* Syntax error at b00000000
"axi_interconnect_wrap_4x2_tb.vcd", 5612: 

*Error* Syntax error at b00000000
"axi_interconnect_wrap_4x2_tb.vcd", 5613: 

*Error* Syntax error at 0
"axi_interconnect_wrap_4x2_tb.vcd", 5614: 

*Error* Syntax error at 0
"axi_interconnect_wrap_4x2_tb.vcd", 5615: 

*Error* Syntax error at 0
"axi_interconnect_wrap_4x2_tb.vcd", 5616: 

*Error* Syntax error at b0000
"axi_interconnect_wrap_4x2_tb.vcd", 5617: 

*Error* Syntax error at b00000000
"axi_interconnect_wrap_4x2_tb.vcd", 5618: 

*Error* Syntax error at b00000000000000000000000000000000
"axi_interconnect_wrap_4x2_tb.vcd", 5619: 

*Error* Syntax error at b0000000000000000000000000000000000000000000000000000000000000000
"axi_interconnect_wrap_4x2_tb.vcd", 5620: 

*Error* Syntax error at b00000000
"axi_interconnect_wrap_4x2_tb.vcd", 5621: 

*Error* Syntax error at b00000000000000000000000000000000
"axi_interconnect_wrap_4x2_tb.vcd", 5622: 

*Error* Syntax error at b00000000000000000000000011011111
"axi_interconnect_wrap_4x2_tb.vcd", 5623: 

*Error* Syntax error at b111
"axi_interconnect_wrap_4x2_tb.vcd", 5624: 

*Error* Syntax error at b10000000
"axi_interconnect_wrap_4x2_tb.vcd", 5625: 

*Error* Syntax error at b00110010001000100001001000000000
"axi_interconnect_wrap_4x2_tb.vcd", 5626: 

*Error* Syntax error at b00000000
"axi_interconnect_wrap_4x2_tb.vcd", 5627: 

*Error* Syntax error at b01000000000000000000100000000000010000000000000000000110000000000100000000000000000001000000000000000000000000000000000000000000
"axi_interconnect_wrap_4x2_tb.vcd", 5628: 

*Error* Syntax error at b00000000000000000000000000000000
"axi_interconnect_wrap_4x2_tb.vcd", 5629: 

*Error* Syntax error at b1111111011011100101110101001100001110110010101000011001000010000111011101110111011111111111111110000000000000000000100010001000101010101010101010110011001100110011101110111011110001000100010000000000000000000000000000000000000000000000000000000000000000000
"axi_interconnect_wrap_4x2_tb.vcd", 5630: 

*Error* Syntax error at b0000000000000000000000000000000000000000000000000000000000000000
"axi_interconnect_wrap_4x2_tb.vcd", 5631: 

*Error* Syntax error at b01110010011000100101001000000000
"axi_interconnect_wrap_4x2_tb.vcd", 5632: 

*Error* Syntax error at b00000000
"axi_interconnect_wrap_4x2_tb.vcd", 5633: 

*Error* Syntax error at b01000000000000000100000000000000010000000000000000110000000000000100000000000000001000000000000000000000000000000000000000000000
"axi_interconnect_wrap_4x2_tb.vcd", 5634: 

*Error* Syntax error at b00000000000000000000000000000000
"axi_interconnect_wrap_4x2_tb.vcd", 5635: 

*Error* Syntax error at b0000000000000000000000000000000000000000000000000000000000000000
"axi_interconnect_wrap_4x2_tb.vcd", 5636: 

*Error* usage of using constructs outside of modules or primitives is supported only if the option '-sv' is specified
"axi_interconnect_wrap_4x2_tb.vcd", 5637: 

*Error* Syntax error at #
"axi_interconnect_wrap_4x2_tb.vcd", 5637: 

*Error* Syntax error at 0
"axi_interconnect_wrap_4x2_tb.vcd", 5638: 

*Error* usage of using constructs outside of modules or primitives is supported only if the option '-sv' is specified
"axi_interconnect_wrap_4x2_tb.vcd", 5639: 

*Error* Syntax error at #
"axi_interconnect_wrap_4x2_tb.vcd", 5639: 

*Error* Syntax error at 1
"axi_interconnect_wrap_4x2_tb.vcd", 5640: 

*Error* Syntax error at b00000000000000000000000011100000
"axi_interconnect_wrap_4x2_tb.vcd", 5641: 

*Error* Syntax error at b0000000000000000000000000000000000000000000000000000000000000000
"axi_interconnect_wrap_4x2_tb.vcd", 5642: 

*Error* Syntax error at b0000000000000000000000000000000000000000000000000000000000000000
"axi_interconnect_wrap_4x2_tb.vcd", 5643: 

*Error* Syntax error at b0000000000000000000000000000000000000000000000000000000000000000
"axi_interconnect_wrap_4x2_tb.vcd", 5644: 

*Error* Syntax error at b00000000000000000000000000000000000000000000000000000000000000000000000000000000000000000000000000000000000000000000000000000000
"axi_interconnect_wrap_4x2_tb.vcd", 5645: 

*Error* usage of using constructs outside of modules or primitives is supported only if the option '-sv' is specified
"axi_interconnect_wrap_4x2_tb.vcd", 5646: 

*Error* Syntax error at #
"axi_interconnect_wrap_4x2_tb.vcd", 5646: 

*Error* Syntax error at 0
"axi_interconnect_wrap_4x2_tb.vcd", 5647: 

*Error* usage of using constructs outside of modules or primitives is supported only if the option '-sv' is specified
"axi_interconnect_wrap_4x2_tb.vcd", 5648: 

*Error* Syntax error at #
"axi_interconnect_wrap_4x2_tb.vcd", 5648: 

*Error* Syntax error at 1
"axi_interconnect_wrap_4x2_tb.vcd", 5649: 

*Error* Syntax error at b00000000000000000000000011100001
"axi_interconnect_wrap_4x2_tb.vcd", 5650: 

*Error* usage of using constructs outside of modules or primitives is supported only if the option '-sv' is specified
"axi_interconnect_wrap_4x2_tb.vcd", 5651: 

*Error* Syntax error at #
"axi_interconnect_wrap_4x2_tb.vcd", 5651: 

*Error* Syntax error at 0
"axi_interconnect_wrap_4x2_tb.vcd", 5652: 

*Error* usage of using constructs outside of modules or primitives is supported only if the option '-sv' is specified
"axi_interconnect_wrap_4x2_tb.vcd", 5653: 

*Error* Syntax error at #
"axi_interconnect_wrap_4x2_tb.vcd", 5653: 

*Error* Syntax error at 1
"axi_interconnect_wrap_4x2_tb.vcd", 5654: 

*Error* Syntax error at b00000000000000000000000011100010
"axi_interconnect_wrap_4x2_tb.vcd", 5655: 

*Error* usage of using constructs outside of modules or primitives is supported only if the option '-sv' is specified
"axi_interconnect_wrap_4x2_tb.vcd", 5656: 

*Error* Syntax error at #
"axi_interconnect_wrap_4x2_tb.vcd", 5656: 

*Error* Syntax error at 0
"axi_interconnect_wrap_4x2_tb.vcd", 5657: 

*Error* usage of using constructs outside of modules or primitives is supported only if the option '-sv' is specified
"axi_interconnect_wrap_4x2_tb.vcd", 5658: 

*Error* Syntax error at #
"axi_interconnect_wrap_4x2_tb.vcd", 5658: 

*Error* Syntax error at 1
"axi_interconnect_wrap_4x2_tb.vcd", 5659: 

*Error* Syntax error at b00000000000000000000000011100011
"axi_interconnect_wrap_4x2_tb.vcd", 5660: 

*Error* usage of using constructs outside of modules or primitives is supported only if the option '-sv' is specified
"axi_interconnect_wrap_4x2_tb.vcd", 5661: 

*Error* Syntax error at #
"axi_interconnect_wrap_4x2_tb.vcd", 5661: 

*Error* Syntax error at 0
"axi_interconnect_wrap_4x2_tb.vcd", 5662: 

*Error* usage of using constructs outside of modules or primitives is supported only if the option '-sv' is specified
"axi_interconnect_wrap_4x2_tb.vcd", 5663: 

*Error* Syntax error at #
"axi_interconnect_wrap_4x2_tb.vcd", 5663: 

*Error* Syntax error at 1
"axi_interconnect_wrap_4x2_tb.vcd", 5664: 

*Error* Syntax error at b00000000000000000000000011100100
"axi_interconnect_wrap_4x2_tb.vcd", 5665: 

*Error* usage of using constructs outside of modules or primitives is supported only if the option '-sv' is specified
"axi_interconnect_wrap_4x2_tb.vcd", 5666: 

*Error* Syntax error at #
"axi_interconnect_wrap_4x2_tb.vcd", 5666: 

*Error* Syntax error at 0
"axi_interconnect_wrap_4x2_tb.vcd", 5667: 

*Error* usage of using constructs outside of modules or primitives is supported only if the option '-sv' is specified
"axi_interconnect_wrap_4x2_tb.vcd", 5668: 

*Error* Syntax error at #
"axi_interconnect_wrap_4x2_tb.vcd", 5668: 

*Error* Syntax error at 1
"axi_interconnect_wrap_4x2_tb.vcd", 5669: 

*Error* Syntax error at b10100001
"axi_interconnect_wrap_4x2_tb.vcd", 5670: 

*Error* Syntax error at b00000000000000000000000010100000
"axi_interconnect_wrap_4x2_tb.vcd", 5671: 

*Error* Syntax error at b00000001
"axi_interconnect_wrap_4x2_tb.vcd", 5672: 

*Error* Syntax error at b00000001
"axi_interconnect_wrap_4x2_tb.vcd", 5673: 

*Error* Syntax error at 1
"axi_interconnect_wrap_4x2_tb.vcd", 5674: 

*Error* Syntax error at 1
"axi_interconnect_wrap_4x2_tb.vcd", 5675: 

*Error* Syntax error at 1
"axi_interconnect_wrap_4x2_tb.vcd", 5676: 

*Error* Syntax error at b0001
"axi_interconnect_wrap_4x2_tb.vcd", 5677: 

*Error* Syntax error at b00000000000000000000000011100101
"axi_interconnect_wrap_4x2_tb.vcd", 5678: 

*Error* Syntax error at b00110010001000100001001010100001
"axi_interconnect_wrap_4x2_tb.vcd", 5679: 

*Error* Syntax error at b10100001
"axi_interconnect_wrap_4x2_tb.vcd", 5680: 

*Error* Syntax error at b01000000000000000000100000000000010000000000000000000110000000000100000000000000000001000000000000000000000000000000000010100000
"axi_interconnect_wrap_4x2_tb.vcd", 5681: 

*Error* Syntax error at b00000000000000000000000010100000
"axi_interconnect_wrap_4x2_tb.vcd", 5682: 

*Error* Syntax error at b000
"axi_interconnect_wrap_4x2_tb.vcd", 5683: 

*Error* Syntax error at b00000001
"axi_interconnect_wrap_4x2_tb.vcd", 5684: 

*Error* usage of using constructs outside of modules or primitives is supported only if the option '-sv' is specified
"axi_interconnect_wrap_4x2_tb.vcd", 5685: 

*Error* Syntax error at #
"axi_interconnect_wrap_4x2_tb.vcd", 5685: 

*Error* Syntax error at 0
"axi_interconnect_wrap_4x2_tb.vcd", 5686: 

*Error* usage of using constructs outside of modules or primitives is supported only if the option '-sv' is specified
"axi_interconnect_wrap_4x2_tb.vcd", 5687: 

*Error* Syntax error at #
"axi_interconnect_wrap_4x2_tb.vcd", 5687: 

*Error* Syntax error at 1
"axi_interconnect_wrap_4x2_tb.vcd", 5688: 

*Error* Syntax error at b00000000000000000000000011100110
"axi_interconnect_wrap_4x2_tb.vcd", 5689: 

*Error* usage of using constructs outside of modules or primitives is supported only if the option '-sv' is specified
"axi_interconnect_wrap_4x2_tb.vcd", 5690: 

*Error* Syntax error at #
"axi_interconnect_wrap_4x2_tb.vcd", 5690: 

*Error* Syntax error at 0
"axi_interconnect_wrap_4x2_tb.vcd", 5691: 

*Error* usage of using constructs outside of modules or primitives is supported only if the option '-sv' is specified
"axi_interconnect_wrap_4x2_tb.vcd", 5692: 

*Error* Syntax error at #
"axi_interconnect_wrap_4x2_tb.vcd", 5692: 

*Error* Syntax error at 1
"axi_interconnect_wrap_4x2_tb.vcd", 5693: 

*Error* Syntax error at b00000000000000000000000011100111
"axi_interconnect_wrap_4x2_tb.vcd", 5694: 

*Error* usage of using constructs outside of modules or primitives is supported only if the option '-sv' is specified
"axi_interconnect_wrap_4x2_tb.vcd", 5695: 

*Error* Syntax error at #
"axi_interconnect_wrap_4x2_tb.vcd", 5695: 

*Error* Syntax error at 0
"axi_interconnect_wrap_4x2_tb.vcd", 5696: 

*Error* usage of using constructs outside of modules or primitives is supported only if the option '-sv' is specified
"axi_interconnect_wrap_4x2_tb.vcd", 5697: 

*Error* Syntax error at #
"axi_interconnect_wrap_4x2_tb.vcd", 5697: 

*Error* Syntax error at 1
"axi_interconnect_wrap_4x2_tb.vcd", 5698: 

*Error* Syntax error at b00000000000000000000000011101000
"axi_interconnect_wrap_4x2_tb.vcd", 5699: 

*Error* usage of using constructs outside of modules or primitives is supported only if the option '-sv' is specified
"axi_interconnect_wrap_4x2_tb.vcd", 5700: 

*Error* Syntax error at #
"axi_interconnect_wrap_4x2_tb.vcd", 5700: 

*Error* Syntax error at 0
"axi_interconnect_wrap_4x2_tb.vcd", 5701: 

*Error* usage of using constructs outside of modules or primitives is supported only if the option '-sv' is specified
"axi_interconnect_wrap_4x2_tb.vcd", 5702: 

*Error* Syntax error at #
"axi_interconnect_wrap_4x2_tb.vcd", 5702: 

*Error* Syntax error at 1
"axi_interconnect_wrap_4x2_tb.vcd", 5703: 

*Error* Syntax error at b00000000000000000000000011101001
"axi_interconnect_wrap_4x2_tb.vcd", 5704: 

*Error* usage of using constructs outside of modules or primitives is supported only if the option '-sv' is specified
"axi_interconnect_wrap_4x2_tb.vcd", 5705: 

*Error* Syntax error at #
"axi_interconnect_wrap_4x2_tb.vcd", 5705: 

*Error* Syntax error at 0
"axi_interconnect_wrap_4x2_tb.vcd", 5706: 

*Error* usage of using constructs outside of modules or primitives is supported only if the option '-sv' is specified
"axi_interconnect_wrap_4x2_tb.vcd", 5707: 

*Error* Syntax error at #
"axi_interconnect_wrap_4x2_tb.vcd", 5707: 

*Error* Syntax error at 1
"axi_interconnect_wrap_4x2_tb.vcd", 5708: 

*Error* Syntax error at b00000000000000000000000011101010
"axi_interconnect_wrap_4x2_tb.vcd", 5709: 

*Error* usage of using constructs outside of modules or primitives is supported only if the option '-sv' is specified
"axi_interconnect_wrap_4x2_tb.vcd", 5710: 

*Error* Syntax error at #
"axi_interconnect_wrap_4x2_tb.vcd", 5710: 

*Error* Syntax error at 0
"axi_interconnect_wrap_4x2_tb.vcd", 5711: 

*Error* usage of using constructs outside of modules or primitives is supported only if the option '-sv' is specified
"axi_interconnect_wrap_4x2_tb.vcd", 5712: 

*Error* Syntax error at #
"axi_interconnect_wrap_4x2_tb.vcd", 5712: 

*Error* Syntax error at 1
"axi_interconnect_wrap_4x2_tb.vcd", 5713: 

*Error* Syntax error at b00000000000000000000000011101011
"axi_interconnect_wrap_4x2_tb.vcd", 5714: 

*Error* usage of using constructs outside of modules or primitives is supported only if the option '-sv' is specified
"axi_interconnect_wrap_4x2_tb.vcd", 5715: 

*Error* Syntax error at #
"axi_interconnect_wrap_4x2_tb.vcd", 5715: 

*Error* Syntax error at 0
"axi_interconnect_wrap_4x2_tb.vcd", 5716: 

*Error* usage of using constructs outside of modules or primitives is supported only if the option '-sv' is specified
"axi_interconnect_wrap_4x2_tb.vcd", 5717: 

*Error* Syntax error at #
"axi_interconnect_wrap_4x2_tb.vcd", 5717: 

*Error* Syntax error at 1
"axi_interconnect_wrap_4x2_tb.vcd", 5718: 

*Error* Syntax error at b00000000000000000000000011101100
"axi_interconnect_wrap_4x2_tb.vcd", 5719: 

*Error* usage of using constructs outside of modules or primitives is supported only if the option '-sv' is specified
"axi_interconnect_wrap_4x2_tb.vcd", 5720: 

*Error* Syntax error at #
"axi_interconnect_wrap_4x2_tb.vcd", 5720: 

*Error* Syntax error at 0
"axi_interconnect_wrap_4x2_tb.vcd", 5721: 

*Error* usage of using constructs outside of modules or primitives is supported only if the option '-sv' is specified
"axi_interconnect_wrap_4x2_tb.vcd", 5722: 

*Error* Syntax error at #
"axi_interconnect_wrap_4x2_tb.vcd", 5722: 

*Error* Syntax error at 1
"axi_interconnect_wrap_4x2_tb.vcd", 5723: 

*Error* Syntax error at b00000000000000000000000011101101
"axi_interconnect_wrap_4x2_tb.vcd", 5724: 

*Error* usage of using constructs outside of modules or primitives is supported only if the option '-sv' is specified
"axi_interconnect_wrap_4x2_tb.vcd", 5725: 

*Error* Syntax error at #
"axi_interconnect_wrap_4x2_tb.vcd", 5725: 

*Error* Syntax error at 0
"axi_interconnect_wrap_4x2_tb.vcd", 5726: 

*Error* usage of using constructs outside of modules or primitives is supported only if the option '-sv' is specified
"axi_interconnect_wrap_4x2_tb.vcd", 5727: 

*Error* Syntax error at #
"axi_interconnect_wrap_4x2_tb.vcd", 5727: 

*Error* Syntax error at 1
"axi_interconnect_wrap_4x2_tb.vcd", 5728: 

*Error* Syntax error at b00000000000000000000000011101110
"axi_interconnect_wrap_4x2_tb.vcd", 5729: 

*Error* usage of using constructs outside of modules or primitives is supported only if the option '-sv' is specified
"axi_interconnect_wrap_4x2_tb.vcd", 5730: 

*Error* Syntax error at #
"axi_interconnect_wrap_4x2_tb.vcd", 5730: 

*Error* Syntax error at 0
"axi_interconnect_wrap_4x2_tb.vcd", 5731: 

*Error* usage of using constructs outside of modules or primitives is supported only if the option '-sv' is specified
"axi_interconnect_wrap_4x2_tb.vcd", 5732: 

*Error* Syntax error at #
"axi_interconnect_wrap_4x2_tb.vcd", 5732: 

*Error* Syntax error at 1
"axi_interconnect_wrap_4x2_tb.vcd", 5733: 

*Error* Syntax error at b00000000000000000000000011101111
"axi_interconnect_wrap_4x2_tb.vcd", 5734: 

*Error* usage of using constructs outside of modules or primitives is supported only if the option '-sv' is specified
"axi_interconnect_wrap_4x2_tb.vcd", 5735: 

*Error* Syntax error at #
"axi_interconnect_wrap_4x2_tb.vcd", 5735: 

*Error* Syntax error at 0
"axi_interconnect_wrap_4x2_tb.vcd", 5736: 

*Error* usage of using constructs outside of modules or primitives is supported only if the option '-sv' is specified
"axi_interconnect_wrap_4x2_tb.vcd", 5737: 

*Error* Syntax error at #
"axi_interconnect_wrap_4x2_tb.vcd", 5737: 

*Error* Syntax error at 1
"axi_interconnect_wrap_4x2_tb.vcd", 5738: 

*Error* Syntax error at b00000000
"axi_interconnect_wrap_4x2_tb.vcd", 5739: 

*Error* Syntax error at b00000000
"axi_interconnect_wrap_4x2_tb.vcd", 5740: 

*Error* Syntax error at 0
"axi_interconnect_wrap_4x2_tb.vcd", 5741: 

*Error* Syntax error at 0
"axi_interconnect_wrap_4x2_tb.vcd", 5742: 

*Error* Syntax error at 0
"axi_interconnect_wrap_4x2_tb.vcd", 5743: 

*Error* Syntax error at b0000
"axi_interconnect_wrap_4x2_tb.vcd", 5744: 

*Error* Syntax error at b1010101111001101111011110000000000010010001101000101011001111000
"axi_interconnect_wrap_4x2_tb.vcd", 5745: 

*Error* Syntax error at 11
"axi_interconnect_wrap_4x2_tb.vcd", 5746: 

*Error* Syntax error at 13
"axi_interconnect_wrap_4x2_tb.vcd", 5747: 

*Error* Syntax error at b00000000000000000000000011110000
"axi_interconnect_wrap_4x2_tb.vcd", 5748: 

*Error* Syntax error at b111
"axi_interconnect_wrap_4x2_tb.vcd", 5749: 

*Error* Syntax error at b10000000
"axi_interconnect_wrap_4x2_tb.vcd", 5750: 

*Error* Syntax error at b1111111011011100101110101001100001110110010101000011001000010000111011101110111011111111111111110000000000000000000100010001000101010101010101010110011001100110011101110111011110001000100010001010101111001101111011110000000000010010001101000101011001111000
"axi_interconnect_wrap_4x2_tb.vcd", 5751: 

*Error* Syntax error at b1010101111001101111011110000000000010010001101000101011001111000
"axi_interconnect_wrap_4x2_tb.vcd", 5752: 

*Error* Syntax error at b0001
"axi_interconnect_wrap_4x2_tb.vcd", 5753: 

*Error* Syntax error at 1
"axi_interconnect_wrap_4x2_tb.vcd", 5754: 

*Error* Syntax error at b011
"axi_interconnect_wrap_4x2_tb.vcd", 5755: 

*Error* Syntax error at b0000
"axi_interconnect_wrap_4x2_tb.vcd", 5756: 

*Error* Syntax error at b01
"axi_interconnect_wrap_4x2_tb.vcd", 5757: 

*Error* Syntax error at b1010101111001101111011110000000000010010001101000101011001111000
"axi_interconnect_wrap_4x2_tb.vcd", 5758: 

*Error* Syntax error at 1
"axi_interconnect_wrap_4x2_tb.vcd", 5759: 

*Error* Syntax error at 1
"axi_interconnect_wrap_4x2_tb.vcd", 5760: 

*Error* Syntax error at b0001
"axi_interconnect_wrap_4x2_tb.vcd", 5761: 

*Error* Syntax error at 1
"axi_interconnect_wrap_4x2_tb.vcd", 5762: 

*Error* Syntax error at b01
"axi_interconnect_wrap_4x2_tb.vcd", 5763: 

*Error* usage of using constructs outside of modules or primitives is supported only if the option '-sv' is specified
"axi_interconnect_wrap_4x2_tb.vcd", 5764: 

*Error* Syntax error at #
"axi_interconnect_wrap_4x2_tb.vcd", 5764: 

*Error* Syntax error at 0
"axi_interconnect_wrap_4x2_tb.vcd", 5765: 

*Error* usage of using constructs outside of modules or primitives is supported only if the option '-sv' is specified
"axi_interconnect_wrap_4x2_tb.vcd", 5766: 

*Error* Syntax error at #
"axi_interconnect_wrap_4x2_tb.vcd", 5766: 

*Error* Syntax error at 1
"axi_interconnect_wrap_4x2_tb.vcd", 5767: 

*Error* Syntax error at 03
"axi_interconnect_wrap_4x2_tb.vcd", 5768: 

*Error* Syntax error at 01
"axi_interconnect_wrap_4x2_tb.vcd", 5769: 

*Error* Syntax error at b00000000000000000000000011110001
"axi_interconnect_wrap_4x2_tb.vcd", 5770: 

*Error* Syntax error at b0000
"axi_interconnect_wrap_4x2_tb.vcd", 5771: 

*Error* Syntax error at 0
"axi_interconnect_wrap_4x2_tb.vcd", 5772: 

*Error* Syntax error at b010
"axi_interconnect_wrap_4x2_tb.vcd", 5773: 

*Error* Syntax error at b0001
"axi_interconnect_wrap_4x2_tb.vcd", 5774: 

*Error* Syntax error at b00
"axi_interconnect_wrap_4x2_tb.vcd", 5775: 

*Error* Syntax error at 0
"axi_interconnect_wrap_4x2_tb.vcd", 5776: 

*Error* Syntax error at 0
"axi_interconnect_wrap_4x2_tb.vcd", 5777: 

*Error* Syntax error at b0000
"axi_interconnect_wrap_4x2_tb.vcd", 5778: 

*Error* Syntax error at 0
"axi_interconnect_wrap_4x2_tb.vcd", 5779: 

*Error* Syntax error at b00
"axi_interconnect_wrap_4x2_tb.vcd", 5780: 

*Error* Syntax error at b011
"axi_interconnect_wrap_4x2_tb.vcd", 5781: 

*Error* Syntax error at b0000
"axi_interconnect_wrap_4x2_tb.vcd", 5782: 

*Error* Syntax error at 04
"axi_interconnect_wrap_4x2_tb.vcd", 5783: 

*Error* Syntax error at 0
"axi_interconnect_wrap_4x2_tb.vcd", 5784: 

*Error* Syntax error at b01
"axi_interconnect_wrap_4x2_tb.vcd", 5785: 

*Error* Syntax error at 1
"axi_interconnect_wrap_4x2_tb.vcd", 5786: 

*Error* Syntax error at 1
"axi_interconnect_wrap_4x2_tb.vcd", 5787: 

*Error* Syntax error at b01
"axi_interconnect_wrap_4x2_tb.vcd", 5788: 

*Error* Syntax error at 1
"axi_interconnect_wrap_4x2_tb.vcd", 5789: 

*Error* Syntax error at 1
"axi_interconnect_wrap_4x2_tb.vcd", 5790: 

*Error* Syntax error at b1010101111001101111011110000000000010010001101000101011001111000
"axi_interconnect_wrap_4x2_tb.vcd", 5791: 

*Error* Syntax error at b1010101111001101111011110000000000010010001101000101011001111000
"axi_interconnect_wrap_4x2_tb.vcd", 5792: 

*Error* Syntax error at b1010101111001101111011110000000000010010001101000101011001111000
"axi_interconnect_wrap_4x2_tb.vcd", 5793: 

*Error* Syntax error at b10101011110011011110111100000000000100100011010001010110011110001010101111001101111011110000000000010010001101000101011001111000
"axi_interconnect_wrap_4x2_tb.vcd", 5794: 

*Error* Syntax error at 1
"axi_interconnect_wrap_4x2_tb.vcd", 5795: 

*Error* Syntax error at 1
"axi_interconnect_wrap_4x2_tb.vcd", 5796: 

*Error* Syntax error at 1
"axi_interconnect_wrap_4x2_tb.vcd", 5797: 

*Error* Syntax error at b11
"axi_interconnect_wrap_4x2_tb.vcd", 5798: 

*Error* Syntax error at b011
"axi_interconnect_wrap_4x2_tb.vcd", 5799: 

*Error* Syntax error at b0000
"axi_interconnect_wrap_4x2_tb.vcd", 5800: 

*Error* Syntax error at b01
"axi_interconnect_wrap_4x2_tb.vcd", 5801: 

*Error* usage of using constructs outside of modules or primitives is supported only if the option '-sv' is specified
"axi_interconnect_wrap_4x2_tb.vcd", 5802: 

*Error* Syntax error at #
"axi_interconnect_wrap_4x2_tb.vcd", 5802: 

*Error* Syntax error at 0
"axi_interconnect_wrap_4x2_tb.vcd", 5803: 

*Error* usage of using constructs outside of modules or primitives is supported only if the option '-sv' is specified
"axi_interconnect_wrap_4x2_tb.vcd", 5804: 

*Error* Syntax error at #
"axi_interconnect_wrap_4x2_tb.vcd", 5804: 

*Error* Syntax error at 1
"axi_interconnect_wrap_4x2_tb.vcd", 5805: 

*Error* Syntax error at b00000000000000000000000011110010
"axi_interconnect_wrap_4x2_tb.vcd", 5806: 

*Error* Syntax error at 0
"axi_interconnect_wrap_4x2_tb.vcd", 5807: 

*Error* Syntax error at b00
"axi_interconnect_wrap_4x2_tb.vcd", 5808: 

*Error* Syntax error at 1
"axi_interconnect_wrap_4x2_tb.vcd", 5809: 

*Error* Syntax error at b01
"axi_interconnect_wrap_4x2_tb.vcd", 5810: 

*Error* Syntax error at b11
"axi_interconnect_wrap_4x2_tb.vcd", 5811: 

*Error* Syntax error at b00
"axi_interconnect_wrap_4x2_tb.vcd", 5812: 

*Error* Syntax error at 0
"axi_interconnect_wrap_4x2_tb.vcd", 5813: 

*Error* Syntax error at 0
"axi_interconnect_wrap_4x2_tb.vcd", 5814: 

*Error* Syntax error at 0
"axi_interconnect_wrap_4x2_tb.vcd", 5815: 

*Error* Syntax error at 0
"axi_interconnect_wrap_4x2_tb.vcd", 5816: 

*Error* Syntax error at 0
"axi_interconnect_wrap_4x2_tb.vcd", 5817: 

*Error* Syntax error at b00
"axi_interconnect_wrap_4x2_tb.vcd", 5818: 

*Error* Syntax error at 0
"axi_interconnect_wrap_4x2_tb.vcd", 5819: 

*Error* Syntax error at 1
"axi_interconnect_wrap_4x2_tb.vcd", 5820: 

*Error* Syntax error at b111
"axi_interconnect_wrap_4x2_tb.vcd", 5821: 

*Error* Syntax error at b0001
"axi_interconnect_wrap_4x2_tb.vcd", 5822: 

*Error* Syntax error at b00
"axi_interconnect_wrap_4x2_tb.vcd", 5823: 

*Error* usage of using constructs outside of modules or primitives is supported only if the option '-sv' is specified
"axi_interconnect_wrap_4x2_tb.vcd", 5824: 

*Error* Syntax error at #
"axi_interconnect_wrap_4x2_tb.vcd", 5824: 

*Error* Syntax error at 0
"axi_interconnect_wrap_4x2_tb.vcd", 5825: 

*Error* usage of using constructs outside of modules or primitives is supported only if the option '-sv' is specified
"axi_interconnect_wrap_4x2_tb.vcd", 5826: 

*Error* Syntax error at #
"axi_interconnect_wrap_4x2_tb.vcd", 5826: 

*Error* Syntax error at 1
"axi_interconnect_wrap_4x2_tb.vcd", 5827: 

*Error* Syntax error at b00000000000000000000000011110011
"axi_interconnect_wrap_4x2_tb.vcd", 5828: 

*Error* Syntax error at 0
"axi_interconnect_wrap_4x2_tb.vcd", 5829: 

*Error* Syntax error at b00
"axi_interconnect_wrap_4x2_tb.vcd", 5830: 

*Error* Syntax error at 1
"axi_interconnect_wrap_4x2_tb.vcd", 5831: 

*Error* Syntax error at b11
"axi_interconnect_wrap_4x2_tb.vcd", 5832: 

*Error* Syntax error at 1
"axi_interconnect_wrap_4x2_tb.vcd", 5833: 

*Error* Syntax error at b01
"axi_interconnect_wrap_4x2_tb.vcd", 5834: 

*Error* Syntax error at b111
"axi_interconnect_wrap_4x2_tb.vcd", 5835: 

*Error* Syntax error at b0001
"axi_interconnect_wrap_4x2_tb.vcd", 5836: 

*Error* Syntax error at 1
"axi_interconnect_wrap_4x2_tb.vcd", 5837: 

*Error* Syntax error at 18
"axi_interconnect_wrap_4x2_tb.vcd", 5838: 

*Error* Syntax error at b00
"axi_interconnect_wrap_4x2_tb.vcd", 5839: 

*Error* Syntax error at 0
"axi_interconnect_wrap_4x2_tb.vcd", 5840: 

*Error* Syntax error at 0
"axi_interconnect_wrap_4x2_tb.vcd", 5841: 

*Error* Syntax error at 0
"axi_interconnect_wrap_4x2_tb.vcd", 5842: 

*Error* Syntax error at b0000
"axi_interconnect_wrap_4x2_tb.vcd", 5843: 

*Error* Syntax error at b00000001
"axi_interconnect_wrap_4x2_tb.vcd", 5844: 

*Error* Syntax error at b000
"axi_interconnect_wrap_4x2_tb.vcd", 5845: 

*Error* Syntax error at b00000000
"axi_interconnect_wrap_4x2_tb.vcd", 5846: 

*Error* Syntax error at 0
"axi_interconnect_wrap_4x2_tb.vcd", 5847: 

*Error* usage of using constructs outside of modules or primitives is supported only if the option '-sv' is specified
"axi_interconnect_wrap_4x2_tb.vcd", 5848: 

*Error* Syntax error at #
"axi_interconnect_wrap_4x2_tb.vcd", 5848: 

*Error* Syntax error at 0
"axi_interconnect_wrap_4x2_tb.vcd", 5849: 

*Error* usage of using constructs outside of modules or primitives is supported only if the option '-sv' is specified
"axi_interconnect_wrap_4x2_tb.vcd", 5850: 

*Error* Syntax error at #
"axi_interconnect_wrap_4x2_tb.vcd", 5850: 

*Error* Syntax error at 1
"axi_interconnect_wrap_4x2_tb.vcd", 5851: 

*Error* Syntax error at b00000000000000000000000011110100
"axi_interconnect_wrap_4x2_tb.vcd", 5852: 

*Error* Syntax error at b000
"axi_interconnect_wrap_4x2_tb.vcd", 5853: 

*Error* Syntax error at b0000
"axi_interconnect_wrap_4x2_tb.vcd", 5854: 

*Error* Syntax error at 0
"axi_interconnect_wrap_4x2_tb.vcd", 5855: 

*Error* Syntax error at 08
"axi_interconnect_wrap_4x2_tb.vcd", 5856: 

*Error* Syntax error at b00000000
"axi_interconnect_wrap_4x2_tb.vcd", 5857: 

*Error* Syntax error at 0
"axi_interconnect_wrap_4x2_tb.vcd", 5858: 

*Error* Syntax error at b00000000
"axi_interconnect_wrap_4x2_tb.vcd", 5859: 

*Error* usage of using constructs outside of modules or primitives is supported only if the option '-sv' is specified
"axi_interconnect_wrap_4x2_tb.vcd", 5860: 

*Error* Syntax error at #
"axi_interconnect_wrap_4x2_tb.vcd", 5860: 

*Error* Syntax error at 0
"axi_interconnect_wrap_4x2_tb.vcd", 5861: 

*Error* usage of using constructs outside of modules or primitives is supported only if the option '-sv' is specified
"axi_interconnect_wrap_4x2_tb.vcd", 5862: 

*Error* Syntax error at #
"axi_interconnect_wrap_4x2_tb.vcd", 5862: 

*Error* Syntax error at 1
"axi_interconnect_wrap_4x2_tb.vcd", 5863: 

*Error* Syntax error at b00000000000000000000000011110101
"axi_interconnect_wrap_4x2_tb.vcd", 5864: 

*Error* usage of using constructs outside of modules or primitives is supported only if the option '-sv' is specified
"axi_interconnect_wrap_4x2_tb.vcd", 5865: 

*Error* Syntax error at #
"axi_interconnect_wrap_4x2_tb.vcd", 5865: 

*Error* Syntax error at 0
"axi_interconnect_wrap_4x2_tb.vcd", 5866: 

*Error* usage of using constructs outside of modules or primitives is supported only if the option '-sv' is specified
"axi_interconnect_wrap_4x2_tb.vcd", 5867: 

*Error* Syntax error at #
"axi_interconnect_wrap_4x2_tb.vcd", 5867: 

*Error* Syntax error at 1
"axi_interconnect_wrap_4x2_tb.vcd", 5868: 

*Error* Syntax error at b00000000000000000000000011110110
"axi_interconnect_wrap_4x2_tb.vcd", 5869: 

*Error* usage of using constructs outside of modules or primitives is supported only if the option '-sv' is specified
"axi_interconnect_wrap_4x2_tb.vcd", 5870: 

*Error* Syntax error at #
"axi_interconnect_wrap_4x2_tb.vcd", 5870: 

*Error* Syntax error at 0
"axi_interconnect_wrap_4x2_tb.vcd", 5871: 

*Error* usage of using constructs outside of modules or primitives is supported only if the option '-sv' is specified
"axi_interconnect_wrap_4x2_tb.vcd", 5872: 

*Error* Syntax error at #
"axi_interconnect_wrap_4x2_tb.vcd", 5872: 

*Error* Syntax error at 1
"axi_interconnect_wrap_4x2_tb.vcd", 5873: 

*Error* Syntax error at b00000000000000000000000011110111
"axi_interconnect_wrap_4x2_tb.vcd", 5874: 

*Error* usage of using constructs outside of modules or primitives is supported only if the option '-sv' is specified
"axi_interconnect_wrap_4x2_tb.vcd", 5875: 

*Error* Syntax error at #
"axi_interconnect_wrap_4x2_tb.vcd", 5875: 

*Error* Syntax error at 0
"axi_interconnect_wrap_4x2_tb.vcd", 5876: 

*Error* usage of using constructs outside of modules or primitives is supported only if the option '-sv' is specified
"axi_interconnect_wrap_4x2_tb.vcd", 5877: 

*Error* Syntax error at #
"axi_interconnect_wrap_4x2_tb.vcd", 5877: 

*Error* Syntax error at 1
"axi_interconnect_wrap_4x2_tb.vcd", 5878: 

*Error* Syntax error at b00000000000000000000000011111000
"axi_interconnect_wrap_4x2_tb.vcd", 5879: 

*Error* usage of using constructs outside of modules or primitives is supported only if the option '-sv' is specified
"axi_interconnect_wrap_4x2_tb.vcd", 5880: 

*Error* Syntax error at #
"axi_interconnect_wrap_4x2_tb.vcd", 5880: 

*Error* Syntax error at 0
"axi_interconnect_wrap_4x2_tb.vcd", 5881: 

*Error* usage of using constructs outside of modules or primitives is supported only if the option '-sv' is specified
"axi_interconnect_wrap_4x2_tb.vcd", 5882: 

*Error* Syntax error at #
"axi_interconnect_wrap_4x2_tb.vcd", 5882: 

*Error* Syntax error at 1
"axi_interconnect_wrap_4x2_tb.vcd", 5883: 

*Error* Syntax error at b00000000000000000000000011111001
"axi_interconnect_wrap_4x2_tb.vcd", 5884: 

*Error* usage of using constructs outside of modules or primitives is supported only if the option '-sv' is specified
"axi_interconnect_wrap_4x2_tb.vcd", 5885: 

*Error* Syntax error at #
"axi_interconnect_wrap_4x2_tb.vcd", 5885: 

*Error* Syntax error at 0
"axi_interconnect_wrap_4x2_tb.vcd", 5886: 

*Error* usage of using constructs outside of modules or primitives is supported only if the option '-sv' is specified
"axi_interconnect_wrap_4x2_tb.vcd", 5887: 

*Error* Syntax error at #
"axi_interconnect_wrap_4x2_tb.vcd", 5887: 

*Error* Syntax error at 1
"axi_interconnect_wrap_4x2_tb.vcd", 5888: 

*Error* Syntax error at b00000000000000000000000011111010
"axi_interconnect_wrap_4x2_tb.vcd", 5889: 

*Error* usage of using constructs outside of modules or primitives is supported only if the option '-sv' is specified
"axi_interconnect_wrap_4x2_tb.vcd", 5890: 

*Error* Syntax error at #
"axi_interconnect_wrap_4x2_tb.vcd", 5890: 

*Error* Syntax error at 0
"axi_interconnect_wrap_4x2_tb.vcd", 5891: 

*Error* usage of using constructs outside of modules or primitives is supported only if the option '-sv' is specified
"axi_interconnect_wrap_4x2_tb.vcd", 5892: 

*Error* Syntax error at #
"axi_interconnect_wrap_4x2_tb.vcd", 5892: 

*Error* Syntax error at 1
"axi_interconnect_wrap_4x2_tb.vcd", 5893: 

*Error* Syntax error at b00000000000000000000000011111011
"axi_interconnect_wrap_4x2_tb.vcd", 5894: 

*Error* usage of using constructs outside of modules or primitives is supported only if the option '-sv' is specified
"axi_interconnect_wrap_4x2_tb.vcd", 5895: 

*Error* Syntax error at #
"axi_interconnect_wrap_4x2_tb.vcd", 5895: 

*Error* Syntax error at 0
"axi_interconnect_wrap_4x2_tb.vcd", 5896: 

*Error* usage of using constructs outside of modules or primitives is supported only if the option '-sv' is specified
"axi_interconnect_wrap_4x2_tb.vcd", 5897: 

*Error* Syntax error at #
"axi_interconnect_wrap_4x2_tb.vcd", 5897: 

*Error* Syntax error at 1
"axi_interconnect_wrap_4x2_tb.vcd", 5898: 

*Error* Syntax error at b00000000000000000000000011111100
"axi_interconnect_wrap_4x2_tb.vcd", 5899: 

*Error* usage of using constructs outside of modules or primitives is supported only if the option '-sv' is specified
"axi_interconnect_wrap_4x2_tb.vcd", 5900: 

*Error* Syntax error at #
"axi_interconnect_wrap_4x2_tb.vcd", 5900: 

*Error* Syntax error at 0
"axi_interconnect_wrap_4x2_tb.vcd", 5901: 

*Error* usage of using constructs outside of modules or primitives is supported only if the option '-sv' is specified
"axi_interconnect_wrap_4x2_tb.vcd", 5902: 

*Error* Syntax error at #
"axi_interconnect_wrap_4x2_tb.vcd", 5902: 

*Error* Syntax error at 1
"axi_interconnect_wrap_4x2_tb.vcd", 5903: 

*Error* Syntax error at b00000000000000000000000011111101
"axi_interconnect_wrap_4x2_tb.vcd", 5904: 

*Error* usage of using constructs outside of modules or primitives is supported only if the option '-sv' is specified
"axi_interconnect_wrap_4x2_tb.vcd", 5905: 

*Error* Syntax error at #
"axi_interconnect_wrap_4x2_tb.vcd", 5905: 

*Error* Syntax error at 0
"axi_interconnect_wrap_4x2_tb.vcd", 5906: 

*Error* usage of using constructs outside of modules or primitives is supported only if the option '-sv' is specified
"axi_interconnect_wrap_4x2_tb.vcd", 5907: 

*Error* Syntax error at #
"axi_interconnect_wrap_4x2_tb.vcd", 5907: 

*Error* Syntax error at 1
"axi_interconnect_wrap_4x2_tb.vcd", 5908: 

*Error* Syntax error at b00000000000000000000000011111110
"axi_interconnect_wrap_4x2_tb.vcd", 5909: 

*Error* usage of using constructs outside of modules or primitives is supported only if the option '-sv' is specified
"axi_interconnect_wrap_4x2_tb.vcd", 5910: 

*Error* Syntax error at #
"axi_interconnect_wrap_4x2_tb.vcd", 5910: 

*Error* Syntax error at 0
"axi_interconnect_wrap_4x2_tb.vcd", 5911: 

*Error* usage of using constructs outside of modules or primitives is supported only if the option '-sv' is specified
"axi_interconnect_wrap_4x2_tb.vcd", 5912: 

*Error* Syntax error at #
"axi_interconnect_wrap_4x2_tb.vcd", 5912: 

*Error* Syntax error at 1
"axi_interconnect_wrap_4x2_tb.vcd", 5913: 

*Error* Syntax error at b00000000000000000000000011111111
"axi_interconnect_wrap_4x2_tb.vcd", 5914: 

*Error* usage of using constructs outside of modules or primitives is supported only if the option '-sv' is specified
"axi_interconnect_wrap_4x2_tb.vcd", 5915: 

*Error* Syntax error at #
"axi_interconnect_wrap_4x2_tb.vcd", 5915: 

*Error* Syntax error at 0
"axi_interconnect_wrap_4x2_tb.vcd", 5916: 

*Error* usage of using constructs outside of modules or primitives is supported only if the option '-sv' is specified
"axi_interconnect_wrap_4x2_tb.vcd", 5917: 

*Error* Syntax error at #
"axi_interconnect_wrap_4x2_tb.vcd", 5917: 

*Error* Syntax error at 1
"axi_interconnect_wrap_4x2_tb.vcd", 5918: 

*Error* Syntax error at b00000000000000000000000100000000
"axi_interconnect_wrap_4x2_tb.vcd", 5919: 

*Error* usage of using constructs outside of modules or primitives is supported only if the option '-sv' is specified
"axi_interconnect_wrap_4x2_tb.vcd", 5920: 

*Error* Syntax error at #
"axi_interconnect_wrap_4x2_tb.vcd", 5920: 

*Error* Syntax error at 0
"axi_interconnect_wrap_4x2_tb.vcd", 5921: 

*Error* usage of using constructs outside of modules or primitives is supported only if the option '-sv' is specified
"axi_interconnect_wrap_4x2_tb.vcd", 5922: 

*Error* Syntax error at #
"axi_interconnect_wrap_4x2_tb.vcd", 5922: 

*Error* Syntax error at 1
"axi_interconnect_wrap_4x2_tb.vcd", 5923: 

*Error* Syntax error at b00000000000000000000000100000001
"axi_interconnect_wrap_4x2_tb.vcd", 5924: 

*Error* usage of using constructs outside of modules or primitives is supported only if the option '-sv' is specified
"axi_interconnect_wrap_4x2_tb.vcd", 5925: 

*Error* Syntax error at #
"axi_interconnect_wrap_4x2_tb.vcd", 5925: 

*Error* Syntax error at 0
"axi_interconnect_wrap_4x2_tb.vcd", 5926: 

*Error* usage of using constructs outside of modules or primitives is supported only if the option '-sv' is specified
"axi_interconnect_wrap_4x2_tb.vcd", 5927: 

*Error* Syntax error at #
"axi_interconnect_wrap_4x2_tb.vcd", 5927: 

*Error* Syntax error at 1
"axi_interconnect_wrap_4x2_tb.vcd", 5928: 

*Error* Syntax error at b00000000000000000000000100000010
"axi_interconnect_wrap_4x2_tb.vcd", 5929: 

*Error* usage of using constructs outside of modules or primitives is supported only if the option '-sv' is specified
"axi_interconnect_wrap_4x2_tb.vcd", 5930: 

*Error* Syntax error at #
"axi_interconnect_wrap_4x2_tb.vcd", 5930: 

*Error* Syntax error at 0
"axi_interconnect_wrap_4x2_tb.vcd", 5931: 

*Error* usage of using constructs outside of modules or primitives is supported only if the option '-sv' is specified
"axi_interconnect_wrap_4x2_tb.vcd", 5932: 

*Error* Syntax error at #
"axi_interconnect_wrap_4x2_tb.vcd", 5932: 

*Error* Syntax error at 1
"axi_interconnect_wrap_4x2_tb.vcd", 5933: 

*Error* Syntax error at b00000000000000000000000100000011
"axi_interconnect_wrap_4x2_tb.vcd", 5934: 

*Error* usage of using constructs outside of modules or primitives is supported only if the option '-sv' is specified
"axi_interconnect_wrap_4x2_tb.vcd", 5935: 

*Error* Syntax error at #
"axi_interconnect_wrap_4x2_tb.vcd", 5935: 

*Error* Syntax error at 0
"axi_interconnect_wrap_4x2_tb.vcd", 5936: 

*Error* usage of using constructs outside of modules or primitives is supported only if the option '-sv' is specified
"axi_interconnect_wrap_4x2_tb.vcd", 5937: 

*Error* Syntax error at #
"axi_interconnect_wrap_4x2_tb.vcd", 5937: 

*Error* Syntax error at 1
"axi_interconnect_wrap_4x2_tb.vcd", 5938: 

*Error* Syntax error at b00000000000000000000000100000100
"axi_interconnect_wrap_4x2_tb.vcd", 5939: 

*Error* usage of using constructs outside of modules or primitives is supported only if the option '-sv' is specified
"axi_interconnect_wrap_4x2_tb.vcd", 5940: 

*Error* Syntax error at #
"axi_interconnect_wrap_4x2_tb.vcd", 5940: 

*Error* Syntax error at 0
"axi_interconnect_wrap_4x2_tb.vcd", 5941: 

*Error* usage of using constructs outside of modules or primitives is supported only if the option '-sv' is specified
"axi_interconnect_wrap_4x2_tb.vcd", 5942: 

*Error* Syntax error at #
"axi_interconnect_wrap_4x2_tb.vcd", 5942: 

*Error* Syntax error at 1
"axi_interconnect_wrap_4x2_tb.vcd", 5943: 

*Error* Syntax error at b00000000000000000000000100000101
"axi_interconnect_wrap_4x2_tb.vcd", 5944: 

*Error* usage of using constructs outside of modules or primitives is supported only if the option '-sv' is specified
"axi_interconnect_wrap_4x2_tb.vcd", 5945: 

*Error* Syntax error at #
"axi_interconnect_wrap_4x2_tb.vcd", 5945: 

*Error* Syntax error at 0
"axi_interconnect_wrap_4x2_tb.vcd", 5946: 

*Error* usage of using constructs outside of modules or primitives is supported only if the option '-sv' is specified
"axi_interconnect_wrap_4x2_tb.vcd", 5947: 

*Error* Syntax error at #
"axi_interconnect_wrap_4x2_tb.vcd", 5947: 

*Error* Syntax error at 1
"axi_interconnect_wrap_4x2_tb.vcd", 5948: 

*Error* Syntax error at b00000000000000000000000100000110
"axi_interconnect_wrap_4x2_tb.vcd", 5949: 

*Error* usage of using constructs outside of modules or primitives is supported only if the option '-sv' is specified
"axi_interconnect_wrap_4x2_tb.vcd", 5950: 

*Error* Syntax error at #
"axi_interconnect_wrap_4x2_tb.vcd", 5950: 

*Error* Syntax error at 0
"axi_interconnect_wrap_4x2_tb.vcd", 5951: 

*Error* usage of using constructs outside of modules or primitives is supported only if the option '-sv' is specified
"axi_interconnect_wrap_4x2_tb.vcd", 5952: 

*Error* Syntax error at #
"axi_interconnect_wrap_4x2_tb.vcd", 5952: 

*Error* Syntax error at 1
"axi_interconnect_wrap_4x2_tb.vcd", 5953: 

*Error* Syntax error at b00000000000000000000000100000111
"axi_interconnect_wrap_4x2_tb.vcd", 5954: 

*Error* usage of using constructs outside of modules or primitives is supported only if the option '-sv' is specified
"axi_interconnect_wrap_4x2_tb.vcd", 5955: 

*Error* Syntax error at #
"axi_interconnect_wrap_4x2_tb.vcd", 5955: 

*Error* Syntax error at 0
"axi_interconnect_wrap_4x2_tb.vcd", 5956: 

*Error* usage of using constructs outside of modules or primitives is supported only if the option '-sv' is specified
"axi_interconnect_wrap_4x2_tb.vcd", 5957: 

*Error* Syntax error at #
"axi_interconnect_wrap_4x2_tb.vcd", 5957: 

*Error* Syntax error at 1
"axi_interconnect_wrap_4x2_tb.vcd", 5958: 

*Error* Syntax error at b00000000000000000000000100001000
"axi_interconnect_wrap_4x2_tb.vcd", 5959: 

*Error* usage of using constructs outside of modules or primitives is supported only if the option '-sv' is specified
"axi_interconnect_wrap_4x2_tb.vcd", 5960: 

*Error* Syntax error at #
"axi_interconnect_wrap_4x2_tb.vcd", 5960: 

*Error* Syntax error at 0
"axi_interconnect_wrap_4x2_tb.vcd", 5961: 

*Error* usage of using constructs outside of modules or primitives is supported only if the option '-sv' is specified
"axi_interconnect_wrap_4x2_tb.vcd", 5962: 

*Error* Syntax error at #
"axi_interconnect_wrap_4x2_tb.vcd", 5962: 

*Error* Syntax error at 1
"axi_interconnect_wrap_4x2_tb.vcd", 5963: 

*Error* Syntax error at b00000000000000000000000100001001
"axi_interconnect_wrap_4x2_tb.vcd", 5964: 

*Error* usage of using constructs outside of modules or primitives is supported only if the option '-sv' is specified
"axi_interconnect_wrap_4x2_tb.vcd", 5965: 

*Error* Syntax error at #
"axi_interconnect_wrap_4x2_tb.vcd", 5965: 

*Error* Syntax error at 0
"axi_interconnect_wrap_4x2_tb.vcd", 5966: 

*Error* usage of using constructs outside of modules or primitives is supported only if the option '-sv' is specified
"axi_interconnect_wrap_4x2_tb.vcd", 5967: 

*Error* Syntax error at #
"axi_interconnect_wrap_4x2_tb.vcd", 5967: 

*Error* Syntax error at 1
"axi_interconnect_wrap_4x2_tb.vcd", 5968: 

*Error* Syntax error at b00000000000000000000000100001010
"axi_interconnect_wrap_4x2_tb.vcd", 5969: 

*Error* usage of using constructs outside of modules or primitives is supported only if the option '-sv' is specified
"axi_interconnect_wrap_4x2_tb.vcd", 5970: 

*Error* Syntax error at #
"axi_interconnect_wrap_4x2_tb.vcd", 5970: 

*Error* Syntax error at 0
"axi_interconnect_wrap_4x2_tb.vcd", 5971: 

*Error* usage of using constructs outside of modules or primitives is supported only if the option '-sv' is specified
"axi_interconnect_wrap_4x2_tb.vcd", 5972: 

*Error* Syntax error at #
"axi_interconnect_wrap_4x2_tb.vcd", 5972: 

*Error* Syntax error at 1
"axi_interconnect_wrap_4x2_tb.vcd", 5973: 

*Error* Syntax error at b00000000000000000000000100001011
"axi_interconnect_wrap_4x2_tb.vcd", 5974: 

*Error* usage of using constructs outside of modules or primitives is supported only if the option '-sv' is specified
"axi_interconnect_wrap_4x2_tb.vcd", 5975: 

*Error* Syntax error at #
"axi_interconnect_wrap_4x2_tb.vcd", 5975: 

*Error* Syntax error at 0
"axi_interconnect_wrap_4x2_tb.vcd", 5976: 

*Error* usage of using constructs outside of modules or primitives is supported only if the option '-sv' is specified
"axi_interconnect_wrap_4x2_tb.vcd", 5977: 

*Error* Syntax error at #
"axi_interconnect_wrap_4x2_tb.vcd", 5977: 

*Error* Syntax error at 1
"axi_interconnect_wrap_4x2_tb.vcd", 5978: 

*Error* Syntax error at b00000000000000000000000100001100
"axi_interconnect_wrap_4x2_tb.vcd", 5979: 

*Error* usage of using constructs outside of modules or primitives is supported only if the option '-sv' is specified
"axi_interconnect_wrap_4x2_tb.vcd", 5980: 

*Error* Syntax error at #
"axi_interconnect_wrap_4x2_tb.vcd", 5980: 

*Error* Syntax error at 0
"axi_interconnect_wrap_4x2_tb.vcd", 5981: 

*Error* usage of using constructs outside of modules or primitives is supported only if the option '-sv' is specified
"axi_interconnect_wrap_4x2_tb.vcd", 5982: 

*Error* Syntax error at #
"axi_interconnect_wrap_4x2_tb.vcd", 5982: 

*Error* Syntax error at 1
"axi_interconnect_wrap_4x2_tb.vcd", 5983: 

*Error* Syntax error at b00000000000000000000000100001101
"axi_interconnect_wrap_4x2_tb.vcd", 5984: 

*Error* usage of using constructs outside of modules or primitives is supported only if the option '-sv' is specified
"axi_interconnect_wrap_4x2_tb.vcd", 5985: 

*Error* Syntax error at #
"axi_interconnect_wrap_4x2_tb.vcd", 5985: 

*Error* Syntax error at 0
"axi_interconnect_wrap_4x2_tb.vcd", 5986: 

*Error* usage of using constructs outside of modules or primitives is supported only if the option '-sv' is specified
"axi_interconnect_wrap_4x2_tb.vcd", 5987: 

*Error* Syntax error at #
"axi_interconnect_wrap_4x2_tb.vcd", 5987: 

*Error* Syntax error at 1
"axi_interconnect_wrap_4x2_tb.vcd", 5988: 

*Error* Syntax error at b00000000000000000000000100001110
"axi_interconnect_wrap_4x2_tb.vcd", 5989: 

*Error* usage of using constructs outside of modules or primitives is supported only if the option '-sv' is specified
"axi_interconnect_wrap_4x2_tb.vcd", 5990: 

*Error* Syntax error at #
"axi_interconnect_wrap_4x2_tb.vcd", 5990: 

*Error* Syntax error at 0
"axi_interconnect_wrap_4x2_tb.vcd", 5991: 

*Error* usage of using constructs outside of modules or primitives is supported only if the option '-sv' is specified
"axi_interconnect_wrap_4x2_tb.vcd", 5992: 

*Error* Syntax error at #
"axi_interconnect_wrap_4x2_tb.vcd", 5992: 

*Error* Syntax error at 1
"axi_interconnect_wrap_4x2_tb.vcd", 5993: 

*Error* Syntax error at b00000000000000000000000100001111
"axi_interconnect_wrap_4x2_tb.vcd", 5994: 

*Error* usage of using constructs outside of modules or primitives is supported only if the option '-sv' is specified
"axi_interconnect_wrap_4x2_tb.vcd", 5995: 

*Error* Syntax error at #
"axi_interconnect_wrap_4x2_tb.vcd", 5995: 

*Error* Syntax error at 0
"axi_interconnect_wrap_4x2_tb.vcd", 5996: 

*Error* usage of using constructs outside of modules or primitives is supported only if the option '-sv' is specified
"axi_interconnect_wrap_4x2_tb.vcd", 5997: 

*Error* Syntax error at #
"axi_interconnect_wrap_4x2_tb.vcd", 5997: 

*Error* Syntax error at 1
"axi_interconnect_wrap_4x2_tb.vcd", 5998: 

*Error* Syntax error at b00000000000000000000000100010000
"axi_interconnect_wrap_4x2_tb.vcd", 5999: 

*Error* usage of using constructs outside of modules or primitives is supported only if the option '-sv' is specified
"axi_interconnect_wrap_4x2_tb.vcd", 6000: 

*Error* Syntax error at #
"axi_interconnect_wrap_4x2_tb.vcd", 6000: 

*Error* Syntax error at 0
"axi_interconnect_wrap_4x2_tb.vcd", 6001: 

*Error* usage of using constructs outside of modules or primitives is supported only if the option '-sv' is specified
"axi_interconnect_wrap_4x2_tb.vcd", 6002: 

*Error* Syntax error at #
"axi_interconnect_wrap_4x2_tb.vcd", 6002: 

*Error* Syntax error at 1
"axi_interconnect_wrap_4x2_tb.vcd", 6003: 

*Error* Syntax error at b00000000000000000000000100010001
"axi_interconnect_wrap_4x2_tb.vcd", 6004: 

*Error* usage of using constructs outside of modules or primitives is supported only if the option '-sv' is specified
"axi_interconnect_wrap_4x2_tb.vcd", 6005: 

*Error* Syntax error at #
"axi_interconnect_wrap_4x2_tb.vcd", 6005: 

*Error* Syntax error at 0
"axi_interconnect_wrap_4x2_tb.vcd", 6006: 

*Error* usage of using constructs outside of modules or primitives is supported only if the option '-sv' is specified
"axi_interconnect_wrap_4x2_tb.vcd", 6007: 

*Error* Syntax error at #
"axi_interconnect_wrap_4x2_tb.vcd", 6007: 

*Error* Syntax error at 1
"axi_interconnect_wrap_4x2_tb.vcd", 6008: 

*Error* Syntax error at b00000000000000000000000100010010
"axi_interconnect_wrap_4x2_tb.vcd", 6009: 

*Error* usage of using constructs outside of modules or primitives is supported only if the option '-sv' is specified
"axi_interconnect_wrap_4x2_tb.vcd", 6010: 

*Error* Syntax error at #
"axi_interconnect_wrap_4x2_tb.vcd", 6010: 

*Error* Syntax error at 0
"axi_interconnect_wrap_4x2_tb.vcd", 6011: 

*Error* usage of using constructs outside of modules or primitives is supported only if the option '-sv' is specified
"axi_interconnect_wrap_4x2_tb.vcd", 6012: 

*Error* Syntax error at #
"axi_interconnect_wrap_4x2_tb.vcd", 6012: 

*Error* Syntax error at 1
"axi_interconnect_wrap_4x2_tb.vcd", 6013: 

*Error* Syntax error at b00000000000000000000000100010011
"axi_interconnect_wrap_4x2_tb.vcd", 6014: 

*Error* usage of using constructs outside of modules or primitives is supported only if the option '-sv' is specified
"axi_interconnect_wrap_4x2_tb.vcd", 6015: 

*Error* Syntax error at #
"axi_interconnect_wrap_4x2_tb.vcd", 6015: 

*Error* Syntax error at 0
"axi_interconnect_wrap_4x2_tb.vcd", 6016: 

*Error* usage of using constructs outside of modules or primitives is supported only if the option '-sv' is specified
"axi_interconnect_wrap_4x2_tb.vcd", 6017: 

*Error* Syntax error at #
"axi_interconnect_wrap_4x2_tb.vcd", 6017: 

*Error* Syntax error at 1
"axi_interconnect_wrap_4x2_tb.vcd", 6018: 

*Error* Syntax error at b00000000000000000000000100010100
"axi_interconnect_wrap_4x2_tb.vcd", 6019: 

*Error* usage of using constructs outside of modules or primitives is supported only if the option '-sv' is specified
"axi_interconnect_wrap_4x2_tb.vcd", 6020: 

*Error* Syntax error at #
"axi_interconnect_wrap_4x2_tb.vcd", 6020: 

*Error* Syntax error at 0
"axi_interconnect_wrap_4x2_tb.vcd", 6021: 

*Error* usage of using constructs outside of modules or primitives is supported only if the option '-sv' is specified
"axi_interconnect_wrap_4x2_tb.vcd", 6022: 

*Error* Syntax error at #
"axi_interconnect_wrap_4x2_tb.vcd", 6022: 

*Error* Syntax error at 1
"axi_interconnect_wrap_4x2_tb.vcd", 6023: 

*Error* Syntax error at b00000000000000000000000100010101
"axi_interconnect_wrap_4x2_tb.vcd", 6024: 

*Error* usage of using constructs outside of modules or primitives is supported only if the option '-sv' is specified
"axi_interconnect_wrap_4x2_tb.vcd", 6025: 

*Error* Syntax error at #
"axi_interconnect_wrap_4x2_tb.vcd", 6025: 

*Error* Syntax error at 0
"axi_interconnect_wrap_4x2_tb.vcd", 6026: 

*Error* usage of using constructs outside of modules or primitives is supported only if the option '-sv' is specified
"axi_interconnect_wrap_4x2_tb.vcd", 6027: 

*Error* Syntax error at #
"axi_interconnect_wrap_4x2_tb.vcd", 6027: 

*Error* Syntax error at 1
"axi_interconnect_wrap_4x2_tb.vcd", 6028: 

*Error* Syntax error at b00000000000000000000000000000001
"axi_interconnect_wrap_4x2_tb.vcd", 6029: 

*Error* Syntax error at b00000000
"axi_interconnect_wrap_4x2_tb.vcd", 6030: 

*Error* Syntax error at b00000000000000000000000000000000
"axi_interconnect_wrap_4x2_tb.vcd", 6031: 

*Error* Syntax error at b0000000000000000000000000000000000000000000000000000000000000000
"axi_interconnect_wrap_4x2_tb.vcd", 6032: 

*Error* Syntax error at b00000000000000000000000100010110
"axi_interconnect_wrap_4x2_tb.vcd", 6033: 

*Error* Syntax error at b00110010001000100001001000000000
"axi_interconnect_wrap_4x2_tb.vcd", 6034: 

*Error* Syntax error at b00000000
"axi_interconnect_wrap_4x2_tb.vcd", 6035: 

*Error* Syntax error at b01000000000000000000100000000000010000000000000000000110000000000100000000000000000001000000000000000000000000000000000000000000
"axi_interconnect_wrap_4x2_tb.vcd", 6036: 

*Error* Syntax error at b00000000000000000000000000000000
"axi_interconnect_wrap_4x2_tb.vcd", 6037: 

*Error* Syntax error at b1111111011011100101110101001100001110110010101000011001000010000111011101110111011111111111111110000000000000000000100010001000101010101010101010110011001100110011101110111011110001000100010000000000000000000000000000000000000000000000000000000000000000000
"axi_interconnect_wrap_4x2_tb.vcd", 6038: 

*Error* Syntax error at b0000000000000000000000000000000000000000000000000000000000000000
"axi_interconnect_wrap_4x2_tb.vcd", 6039: 

*Error* Syntax error at b0000000000000000000000000000000000000000000000000000000000000000
"axi_interconnect_wrap_4x2_tb.vcd", 6040: 

*Error* usage of using constructs outside of modules or primitives is supported only if the option '-sv' is specified
"axi_interconnect_wrap_4x2_tb.vcd", 6041: 

*Error* Syntax error at #
"axi_interconnect_wrap_4x2_tb.vcd", 6041: 

*Error* Syntax error at 0
"axi_interconnect_wrap_4x2_tb.vcd", 6042: 

*Error* usage of using constructs outside of modules or primitives is supported only if the option '-sv' is specified
"axi_interconnect_wrap_4x2_tb.vcd", 6043: 

*Error* Syntax error at #
"axi_interconnect_wrap_4x2_tb.vcd", 6043: 

*Error* Syntax error at 1
"axi_interconnect_wrap_4x2_tb.vcd", 6044: 

*Error* Syntax error at b00000000000000000000000100010111
"axi_interconnect_wrap_4x2_tb.vcd", 6045: 

*Error* Syntax error at b0000000000000000000000000000000000000000000000000000000000000000
"axi_interconnect_wrap_4x2_tb.vcd", 6046: 

*Error* Syntax error at b0000000000000000000000000000000000000000000000000000000000000000
"axi_interconnect_wrap_4x2_tb.vcd", 6047: 

*Error* Syntax error at b0000000000000000000000000000000000000000000000000000000000000000
"axi_interconnect_wrap_4x2_tb.vcd", 6048: 

*Error* Syntax error at b00000000000000000000000000000000000000000000000000000000000000000000000000000000000000000000000000000000000000000000000000000000
"axi_interconnect_wrap_4x2_tb.vcd", 6049: 

*Error* usage of using constructs outside of modules or primitives is supported only if the option '-sv' is specified
"axi_interconnect_wrap_4x2_tb.vcd", 6050: 

*Error* Syntax error at #
"axi_interconnect_wrap_4x2_tb.vcd", 6050: 

*Error* Syntax error at 0
"axi_interconnect_wrap_4x2_tb.vcd", 6051: 

*Error* usage of using constructs outside of modules or primitives is supported only if the option '-sv' is specified
"axi_interconnect_wrap_4x2_tb.vcd", 6052: 

*Error* Syntax error at #
"axi_interconnect_wrap_4x2_tb.vcd", 6052: 

*Error* Syntax error at 1
"axi_interconnect_wrap_4x2_tb.vcd", 6053: 

*Error* Syntax error at b00000000000000000000000100011000
"axi_interconnect_wrap_4x2_tb.vcd", 6054: 

*Error* usage of using constructs outside of modules or primitives is supported only if the option '-sv' is specified
"axi_interconnect_wrap_4x2_tb.vcd", 6055: 

*Error* Syntax error at #
"axi_interconnect_wrap_4x2_tb.vcd", 6055: 

*Error* Syntax error at 0
"axi_interconnect_wrap_4x2_tb.vcd", 6056: 

*Error* usage of using constructs outside of modules or primitives is supported only if the option '-sv' is specified
"axi_interconnect_wrap_4x2_tb.vcd", 6057: 

*Error* Syntax error at #
"axi_interconnect_wrap_4x2_tb.vcd", 6057: 

*Error* Syntax error at 1
"axi_interconnect_wrap_4x2_tb.vcd", 6058: 

*Error* Syntax error at b00000000000000000000000100011001
"axi_interconnect_wrap_4x2_tb.vcd", 6059: 

*Error* usage of using constructs outside of modules or primitives is supported only if the option '-sv' is specified
"axi_interconnect_wrap_4x2_tb.vcd", 6060: 

*Error* Syntax error at #
"axi_interconnect_wrap_4x2_tb.vcd", 6060: 

*Error* Syntax error at 0
"axi_interconnect_wrap_4x2_tb.vcd", 6061: 

*Error* usage of using constructs outside of modules or primitives is supported only if the option '-sv' is specified
"axi_interconnect_wrap_4x2_tb.vcd", 6062: 

*Error* Syntax error at #
"axi_interconnect_wrap_4x2_tb.vcd", 6062: 

*Error* Syntax error at 1
"axi_interconnect_wrap_4x2_tb.vcd", 6063: 

*Error* Syntax error at b00000000000000000000000100011010
"axi_interconnect_wrap_4x2_tb.vcd", 6064: 

*Error* usage of using constructs outside of modules or primitives is supported only if the option '-sv' is specified
"axi_interconnect_wrap_4x2_tb.vcd", 6065: 

*Error* Syntax error at #
"axi_interconnect_wrap_4x2_tb.vcd", 6065: 

*Error* Syntax error at 0
"axi_interconnect_wrap_4x2_tb.vcd", 6066: 

*Error* usage of using constructs outside of modules or primitives is supported only if the option '-sv' is specified
"axi_interconnect_wrap_4x2_tb.vcd", 6067: 

*Error* Syntax error at #
"axi_interconnect_wrap_4x2_tb.vcd", 6067: 

*Error* Syntax error at 1
"axi_interconnect_wrap_4x2_tb.vcd", 6068: 

*Error* Syntax error at b00000000000000000000000100011011
"axi_interconnect_wrap_4x2_tb.vcd", 6069: 

*Error* usage of using constructs outside of modules or primitives is supported only if the option '-sv' is specified
"axi_interconnect_wrap_4x2_tb.vcd", 6070: 

*Error* Syntax error at #
"axi_interconnect_wrap_4x2_tb.vcd", 6070: 

*Error* Syntax error at 0
"axi_interconnect_wrap_4x2_tb.vcd", 6071: 

*Error* usage of using constructs outside of modules or primitives is supported only if the option '-sv' is specified
"axi_interconnect_wrap_4x2_tb.vcd", 6072: 

*Error* Syntax error at #
"axi_interconnect_wrap_4x2_tb.vcd", 6072: 

*Error* Syntax error at 1
"axi_interconnect_wrap_4x2_tb.vcd", 6073: 

*Error* Syntax error at b10100010
"axi_interconnect_wrap_4x2_tb.vcd", 6074: 

*Error* Syntax error at b01000000000000000000000010110000
"axi_interconnect_wrap_4x2_tb.vcd", 6075: 

*Error* Syntax error at b00000001
"axi_interconnect_wrap_4x2_tb.vcd", 6076: 

*Error* Syntax error at b00000001
"axi_interconnect_wrap_4x2_tb.vcd", 6077: 

*Error* Syntax error at 1
"axi_interconnect_wrap_4x2_tb.vcd", 6078: 

*Error* Syntax error at 1
"axi_interconnect_wrap_4x2_tb.vcd", 6079: 

*Error* Syntax error at 1
"axi_interconnect_wrap_4x2_tb.vcd", 6080: 

*Error* Syntax error at b0001
"axi_interconnect_wrap_4x2_tb.vcd", 6081: 

*Error* Syntax error at b00000000000000000000000100011100
"axi_interconnect_wrap_4x2_tb.vcd", 6082: 

*Error* Syntax error at b00110010001000100001001010100010
"axi_interconnect_wrap_4x2_tb.vcd", 6083: 

*Error* Syntax error at b10100010
"axi_interconnect_wrap_4x2_tb.vcd", 6084: 

*Error* Syntax error at b01000000000000000000100000000000010000000000000000000110000000000100000000000000000001000000000001000000000000000000000010110000
"axi_interconnect_wrap_4x2_tb.vcd", 6085: 

*Error* Syntax error at b01000000000000000000000010110000
"axi_interconnect_wrap_4x2_tb.vcd", 6086: 

*Error* Syntax error at b000
"axi_interconnect_wrap_4x2_tb.vcd", 6087: 

*Error* Syntax error at b00000001
"axi_interconnect_wrap_4x2_tb.vcd", 6088: 

*Error* Syntax error at b00000001
"axi_interconnect_wrap_4x2_tb.vcd", 6089: 

*Error* Syntax error at 1
"axi_interconnect_wrap_4x2_tb.vcd", 6090: 

*Error* usage of using constructs outside of modules or primitives is supported only if the option '-sv' is specified
"axi_interconnect_wrap_4x2_tb.vcd", 6091: 

*Error* Syntax error at #
"axi_interconnect_wrap_4x2_tb.vcd", 6091: 

*Error* Syntax error at 0
"axi_interconnect_wrap_4x2_tb.vcd", 6092: 

*Error* usage of using constructs outside of modules or primitives is supported only if the option '-sv' is specified
"axi_interconnect_wrap_4x2_tb.vcd", 6093: 

*Error* Syntax error at #
"axi_interconnect_wrap_4x2_tb.vcd", 6093: 

*Error* Syntax error at 1
"axi_interconnect_wrap_4x2_tb.vcd", 6094: 

*Error* Syntax error at b00000000000000000000000100011101
"axi_interconnect_wrap_4x2_tb.vcd", 6095: 

*Error* Syntax error at b00000001
"axi_interconnect_wrap_4x2_tb.vcd", 6096: 

*Error* Syntax error at 1
"axi_interconnect_wrap_4x2_tb.vcd", 6097: 

*Error* Syntax error at b001
"axi_interconnect_wrap_4x2_tb.vcd", 6098: 

*Error* Syntax error at b10100010
"axi_interconnect_wrap_4x2_tb.vcd", 6099: 

*Error* Syntax error at b01000000000000000000000010110000
"axi_interconnect_wrap_4x2_tb.vcd", 6100: 

*Error* Syntax error at 1
"axi_interconnect_wrap_4x2_tb.vcd", 6101: 

*Error* Syntax error at b0001
"axi_interconnect_wrap_4x2_tb.vcd", 6102: 

*Error* usage of using constructs outside of modules or primitives is supported only if the option '-sv' is specified
"axi_interconnect_wrap_4x2_tb.vcd", 6103: 

*Error* Syntax error at #
"axi_interconnect_wrap_4x2_tb.vcd", 6103: 

*Error* Syntax error at 0
"axi_interconnect_wrap_4x2_tb.vcd", 6104: 

*Error* usage of using constructs outside of modules or primitives is supported only if the option '-sv' is specified
"axi_interconnect_wrap_4x2_tb.vcd", 6105: 

*Error* Syntax error at #
"axi_interconnect_wrap_4x2_tb.vcd", 6105: 

*Error* Syntax error at 1
"axi_interconnect_wrap_4x2_tb.vcd", 6106: 

*Error* Syntax error at b00000000000000000000000100011110
"axi_interconnect_wrap_4x2_tb.vcd", 6107: 

*Error* Syntax error at b001
"axi_interconnect_wrap_4x2_tb.vcd", 6108: 

*Error* Syntax error at b0001
"axi_interconnect_wrap_4x2_tb.vcd", 6109: 

*Error* Syntax error at 1
"axi_interconnect_wrap_4x2_tb.vcd", 6110: 

*Error* Syntax error at 1.
"axi_interconnect_wrap_4x2_tb.vcd", 6111: 

*Error* Syntax error at b10100010
"axi_interconnect_wrap_4x2_tb.vcd", 6112: 

*Error* Syntax error at b10100010
"axi_interconnect_wrap_4x2_tb.vcd", 6113: 

*Error* Syntax error at b10100010101000101010001010100010
"axi_interconnect_wrap_4x2_tb.vcd", 6114: 

*Error* Syntax error at b10100010
"axi_interconnect_wrap_4x2_tb.vcd", 6115: 

*Error* Syntax error at b01000000000000000000000010110000
"axi_interconnect_wrap_4x2_tb.vcd", 6116: 

*Error* Syntax error at b01000000000000000000000010110000
"axi_interconnect_wrap_4x2_tb.vcd", 6117: 

*Error* Syntax error at b0100000000000000000000001011000001000000000000000000000010110000
"axi_interconnect_wrap_4x2_tb.vcd", 6118: 

*Error* Syntax error at b01000000000000000000000010110000
"axi_interconnect_wrap_4x2_tb.vcd", 6119: 

*Error* Syntax error at b01000000000000000000000010110000
"axi_interconnect_wrap_4x2_tb.vcd", 6120: 

*Error* Syntax error at 1
"axi_interconnect_wrap_4x2_tb.vcd", 6121: 

*Error* Syntax error at b010
"axi_interconnect_wrap_4x2_tb.vcd", 6122: 

*Error* Syntax error at 1
"axi_interconnect_wrap_4x2_tb.vcd", 6123: 

*Error* Syntax error at 1
"axi_interconnect_wrap_4x2_tb.vcd", 6124: 

*Error* Syntax error at b0000
"axi_interconnect_wrap_4x2_tb.vcd", 6125: 

*Error* Syntax error at b0001
"axi_interconnect_wrap_4x2_tb.vcd", 6126: 

*Error* Syntax error at b10100010
"axi_interconnect_wrap_4x2_tb.vcd", 6127: 

*Error* usage of using constructs outside of modules or primitives is supported only if the option '-sv' is specified
"axi_interconnect_wrap_4x2_tb.vcd", 6128: 

*Error* Syntax error at #
"axi_interconnect_wrap_4x2_tb.vcd", 6128: 

*Error* Syntax error at 0
"axi_interconnect_wrap_4x2_tb.vcd", 6129: 

*Error* usage of using constructs outside of modules or primitives is supported only if the option '-sv' is specified
"axi_interconnect_wrap_4x2_tb.vcd", 6130: 

*Error* Syntax error at #
"axi_interconnect_wrap_4x2_tb.vcd", 6130: 

*Error* Syntax error at 1
"axi_interconnect_wrap_4x2_tb.vcd", 6131: 

*Error* Syntax error at b00000000000000000000000100011111
"axi_interconnect_wrap_4x2_tb.vcd", 6132: 

*Error* Syntax error at b010
"axi_interconnect_wrap_4x2_tb.vcd", 6133: 

*Error* Syntax error at b0000
"axi_interconnect_wrap_4x2_tb.vcd", 6134: 

*Error* Syntax error at 0
"axi_interconnect_wrap_4x2_tb.vcd", 6135: 

*Error* Syntax error at 0.
"axi_interconnect_wrap_4x2_tb.vcd", 6136: 

*Error* Syntax error at b0001
"axi_interconnect_wrap_4x2_tb.vcd", 6137: 

*Error* Syntax error at 14
"axi_interconnect_wrap_4x2_tb.vcd", 6138: 

*Error* Syntax error at 1
"axi_interconnect_wrap_4x2_tb.vcd", 6139: 

*Error* Syntax error at 1
"axi_interconnect_wrap_4x2_tb.vcd", 6140: 

*Error* Syntax error at b10100010
"axi_interconnect_wrap_4x2_tb.vcd", 6141: 

*Error* Syntax error at b10100010
"axi_interconnect_wrap_4x2_tb.vcd", 6142: 

*Error* Syntax error at b10100010101000101010001010100010
"axi_interconnect_wrap_4x2_tb.vcd", 6143: 

*Error* Syntax error at b10100010
"axi_interconnect_wrap_4x2_tb.vcd", 6144: 

*Error* Syntax error at 0
"axi_interconnect_wrap_4x2_tb.vcd", 6145: 

*Error* Syntax error at 0
"axi_interconnect_wrap_4x2_tb.vcd", 6146: 

*Error* Syntax error at b10
"axi_interconnect_wrap_4x2_tb.vcd", 6147: 

*Error* Syntax error at b0000000000000000000000000000000011110110101101100100000000000000
"axi_interconnect_wrap_4x2_tb.vcd", 6148: 

*Error* Syntax error at b0000000000000000000000000000000011110110101101100100000000000000
"axi_interconnect_wrap_4x2_tb.vcd", 6149: 

*Error* usage of using constructs outside of modules or primitives is supported only if the option '-sv' is specified
"axi_interconnect_wrap_4x2_tb.vcd", 6150: 

*Error* Syntax error at #
"axi_interconnect_wrap_4x2_tb.vcd", 6150: 

*Error* Syntax error at 0
"axi_interconnect_wrap_4x2_tb.vcd", 6151: 

*Error* usage of using constructs outside of modules or primitives is supported only if the option '-sv' is specified
"axi_interconnect_wrap_4x2_tb.vcd", 6152: 

*Error* Syntax error at #
"axi_interconnect_wrap_4x2_tb.vcd", 6152: 

*Error* Syntax error at 1
"axi_interconnect_wrap_4x2_tb.vcd", 6153: 

*Error* Syntax error at b00000000000000000000000100100000
"axi_interconnect_wrap_4x2_tb.vcd", 6154: 

*Error* Syntax error at b10
"axi_interconnect_wrap_4x2_tb.vcd", 6155: 

*Error* Syntax error at 1
"axi_interconnect_wrap_4x2_tb.vcd", 6156: 

*Error* Syntax error at 1
"axi_interconnect_wrap_4x2_tb.vcd", 6157: 

*Error* Syntax error at 0
"axi_interconnect_wrap_4x2_tb.vcd", 6158: 

*Error* Syntax error at b0000000000000000000000000000000011110110101101100100000000000000
"axi_interconnect_wrap_4x2_tb.vcd", 6159: 

*Error* Syntax error at b0000000000000000000000000000000011110110101101100100000000000000
"axi_interconnect_wrap_4x2_tb.vcd", 6160: 

*Error* Syntax error at b0000000000000000000000000000000011110110101101100100000000000000
"axi_interconnect_wrap_4x2_tb.vcd", 6161: 

*Error* Syntax error at b0000000000000000000000000000000011110110101101100100000000000000000000000000000000000000000000001111011010110110010000000000000000000000000000000000000000000000111101101011011001000000000000000000000000000000000000000000000011110110101101100100000000000000
"axi_interconnect_wrap_4x2_tb.vcd", 6162: 

*Error* Syntax error at b00
"axi_interconnect_wrap_4x2_tb.vcd", 6163: 

*Error* usage of using constructs outside of modules or primitives is supported only if the option '-sv' is specified
"axi_interconnect_wrap_4x2_tb.vcd", 6164: 

*Error* Syntax error at #
"axi_interconnect_wrap_4x2_tb.vcd", 6164: 

*Error* Syntax error at 0
"axi_interconnect_wrap_4x2_tb.vcd", 6165: 

*Error* usage of using constructs outside of modules or primitives is supported only if the option '-sv' is specified
"axi_interconnect_wrap_4x2_tb.vcd", 6166: 

*Error* Syntax error at #
"axi_interconnect_wrap_4x2_tb.vcd", 6166: 

*Error* Syntax error at 1
"axi_interconnect_wrap_4x2_tb.vcd", 6167: 

*Error* Syntax error at 1
"axi_interconnect_wrap_4x2_tb.vcd", 6168: 

*Error* Syntax error at b00000000000000000000000100100001
"axi_interconnect_wrap_4x2_tb.vcd", 6169: 

*Error* Syntax error at 0
"axi_interconnect_wrap_4x2_tb.vcd", 6170: 

*Error* Syntax error at b01
"axi_interconnect_wrap_4x2_tb.vcd", 6171: 

*Error* Syntax error at 0
"axi_interconnect_wrap_4x2_tb.vcd", 6172: 

*Error* Syntax error at 1
"axi_interconnect_wrap_4x2_tb.vcd", 6173: 

*Error* Syntax error at b10
"axi_interconnect_wrap_4x2_tb.vcd", 6174: 

*Error* Syntax error at b10
"axi_interconnect_wrap_4x2_tb.vcd", 6175: 

*Error* Syntax error at b00
"axi_interconnect_wrap_4x2_tb.vcd", 6176: 

*Error* Syntax error at 0
"axi_interconnect_wrap_4x2_tb.vcd", 6177: 

*Error* Syntax error at 0
"axi_interconnect_wrap_4x2_tb.vcd", 6178: 

*Error* Syntax error at 1
"axi_interconnect_wrap_4x2_tb.vcd", 6179: 

*Error* usage of using constructs outside of modules or primitives is supported only if the option '-sv' is specified
"axi_interconnect_wrap_4x2_tb.vcd", 6180: 

*Error* Syntax error at #
"axi_interconnect_wrap_4x2_tb.vcd", 6180: 

*Error* Syntax error at 0
"axi_interconnect_wrap_4x2_tb.vcd", 6181: 

*Error* usage of using constructs outside of modules or primitives is supported only if the option '-sv' is specified
"axi_interconnect_wrap_4x2_tb.vcd", 6182: 

*Error* Syntax error at #
"axi_interconnect_wrap_4x2_tb.vcd", 6182: 

*Error* Syntax error at 1
"axi_interconnect_wrap_4x2_tb.vcd", 6183: 

*Error* Syntax error at b00000000000000000000000100100010
"axi_interconnect_wrap_4x2_tb.vcd", 6184: 

*Error* usage of using constructs outside of modules or primitives is supported only if the option '-sv' is specified
"axi_interconnect_wrap_4x2_tb.vcd", 6185: 

*Error* Syntax error at #
"axi_interconnect_wrap_4x2_tb.vcd", 6185: 

*Error* Syntax error at 0
"axi_interconnect_wrap_4x2_tb.vcd", 6186: 

*Error* usage of using constructs outside of modules or primitives is supported only if the option '-sv' is specified
"axi_interconnect_wrap_4x2_tb.vcd", 6187: 

*Error* Syntax error at #
"axi_interconnect_wrap_4x2_tb.vcd", 6187: 

*Error* Syntax error at 1
"axi_interconnect_wrap_4x2_tb.vcd", 6188: 

*Error* Syntax error at b00000000000000000000000100100011
"axi_interconnect_wrap_4x2_tb.vcd", 6189: 

*Error* usage of using constructs outside of modules or primitives is supported only if the option '-sv' is specified
"axi_interconnect_wrap_4x2_tb.vcd", 6190: 

*Error* Syntax error at #
"axi_interconnect_wrap_4x2_tb.vcd", 6190: 

*Error* Syntax error at 0
"axi_interconnect_wrap_4x2_tb.vcd", 6191: 

*Error* usage of using constructs outside of modules or primitives is supported only if the option '-sv' is specified
"axi_interconnect_wrap_4x2_tb.vcd", 6192: 

*Error* Syntax error at #
"axi_interconnect_wrap_4x2_tb.vcd", 6192: 

*Error* Syntax error at 1
"axi_interconnect_wrap_4x2_tb.vcd", 6193: 

*Error* Syntax error at b00000000000000000000000100100100
"axi_interconnect_wrap_4x2_tb.vcd", 6194: 

*Error* usage of using constructs outside of modules or primitives is supported only if the option '-sv' is specified
"axi_interconnect_wrap_4x2_tb.vcd", 6195: 

*Error* Syntax error at #
"axi_interconnect_wrap_4x2_tb.vcd", 6195: 

*Error* Syntax error at 0
"axi_interconnect_wrap_4x2_tb.vcd", 6196: 

*Error* usage of using constructs outside of modules or primitives is supported only if the option '-sv' is specified
"axi_interconnect_wrap_4x2_tb.vcd", 6197: 

*Error* Syntax error at #
"axi_interconnect_wrap_4x2_tb.vcd", 6197: 

*Error* Syntax error at 1
"axi_interconnect_wrap_4x2_tb.vcd", 6198: 

*Error* Syntax error at b00000000000000000000000100100101
"axi_interconnect_wrap_4x2_tb.vcd", 6199: 

*Error* usage of using constructs outside of modules or primitives is supported only if the option '-sv' is specified
"axi_interconnect_wrap_4x2_tb.vcd", 6200: 

*Error* Syntax error at #
"axi_interconnect_wrap_4x2_tb.vcd", 6200: 

*Error* Syntax error at 0
"axi_interconnect_wrap_4x2_tb.vcd", 6201: 

*Error* usage of using constructs outside of modules or primitives is supported only if the option '-sv' is specified
"axi_interconnect_wrap_4x2_tb.vcd", 6202: 

*Error* Syntax error at #
"axi_interconnect_wrap_4x2_tb.vcd", 6202: 

*Error* Syntax error at 1
"axi_interconnect_wrap_4x2_tb.vcd", 6203: 

*Error* Syntax error at b00000000000000000000000100100110
"axi_interconnect_wrap_4x2_tb.vcd", 6204: 

*Error* usage of using constructs outside of modules or primitives is supported only if the option '-sv' is specified
"axi_interconnect_wrap_4x2_tb.vcd", 6205: 

*Error* Syntax error at #
"axi_interconnect_wrap_4x2_tb.vcd", 6205: 

*Error* Syntax error at 0
"axi_interconnect_wrap_4x2_tb.vcd", 6206: 

*Error* usage of using constructs outside of modules or primitives is supported only if the option '-sv' is specified
"axi_interconnect_wrap_4x2_tb.vcd", 6207: 

*Error* Syntax error at #
"axi_interconnect_wrap_4x2_tb.vcd", 6207: 

*Error* Syntax error at 1
"axi_interconnect_wrap_4x2_tb.vcd", 6208: 

*Error* Syntax error at b00000000
"axi_interconnect_wrap_4x2_tb.vcd", 6209: 

*Error* Syntax error at b00000000
"axi_interconnect_wrap_4x2_tb.vcd", 6210: 

*Error* Syntax error at 0
"axi_interconnect_wrap_4x2_tb.vcd", 6211: 

*Error* Syntax error at 0
"axi_interconnect_wrap_4x2_tb.vcd", 6212: 

*Error* Syntax error at 0
"axi_interconnect_wrap_4x2_tb.vcd", 6213: 

*Error* Syntax error at b0000
"axi_interconnect_wrap_4x2_tb.vcd", 6214: 

*Error* Syntax error at b1011111011101111110010101111111011011110101011010000000000000000
"axi_interconnect_wrap_4x2_tb.vcd", 6215: 

*Error* Syntax error at 11
"axi_interconnect_wrap_4x2_tb.vcd", 6216: 

*Error* Syntax error at 13
"axi_interconnect_wrap_4x2_tb.vcd", 6217: 

*Error* Syntax error at b00000000000000000000000100100111
"axi_interconnect_wrap_4x2_tb.vcd", 6218: 

*Error* Syntax error at b111
"axi_interconnect_wrap_4x2_tb.vcd", 6219: 

*Error* Syntax error at b10000000
"axi_interconnect_wrap_4x2_tb.vcd", 6220: 

*Error* Syntax error at b1111111011011100101110101001100001110110010101000011001000010000111011101110111011111111111111110000000000000000000100010001000101010101010101010110011001100110011101110111011110001000100010001011111011101111110010101111111011011110101011010000000000000000
"axi_interconnect_wrap_4x2_tb.vcd", 6221: 

*Error* Syntax error at b1011111011101111110010101111111011011110101011010000000000000000
"axi_interconnect_wrap_4x2_tb.vcd", 6222: 

*Error* Syntax error at b0001
"axi_interconnect_wrap_4x2_tb.vcd", 6223: 

*Error* Syntax error at 1
"axi_interconnect_wrap_4x2_tb.vcd", 6224: 

*Error* Syntax error at b011
"axi_interconnect_wrap_4x2_tb.vcd", 6225: 

*Error* Syntax error at b0000
"axi_interconnect_wrap_4x2_tb.vcd", 6226: 

*Error* Syntax error at b10
"axi_interconnect_wrap_4x2_tb.vcd", 6227: 

*Error* Syntax error at b1011111011101111110010101111111011011110101011010000000000000000
"axi_interconnect_wrap_4x2_tb.vcd", 6228: 

*Error* Syntax error at 1
"axi_interconnect_wrap_4x2_tb.vcd", 6229: 

*Error* Syntax error at 1
"axi_interconnect_wrap_4x2_tb.vcd", 6230: 

*Error* Syntax error at b0001
"axi_interconnect_wrap_4x2_tb.vcd", 6231: 

*Error* Syntax error at 1
"axi_interconnect_wrap_4x2_tb.vcd", 6232: 

*Error* Syntax error at b10
"axi_interconnect_wrap_4x2_tb.vcd", 6233: 

*Error* usage of using constructs outside of modules or primitives is supported only if the option '-sv' is specified
"axi_interconnect_wrap_4x2_tb.vcd", 6234: 

*Error* Syntax error at #
"axi_interconnect_wrap_4x2_tb.vcd", 6234: 

*Error* Syntax error at 0
"axi_interconnect_wrap_4x2_tb.vcd", 6235: 

*Error* usage of using constructs outside of modules or primitives is supported only if the option '-sv' is specified
"axi_interconnect_wrap_4x2_tb.vcd", 6236: 

*Error* Syntax error at #
"axi_interconnect_wrap_4x2_tb.vcd", 6236: 

*Error* Syntax error at 1
"axi_interconnect_wrap_4x2_tb.vcd", 6237: 

*Error* Syntax error at 03
"axi_interconnect_wrap_4x2_tb.vcd", 6238: 

*Error* Syntax error at 01
"axi_interconnect_wrap_4x2_tb.vcd", 6239: 

*Error* Syntax error at b00000000000000000000000100101000
"axi_interconnect_wrap_4x2_tb.vcd", 6240: 

*Error* Syntax error at b0000
"axi_interconnect_wrap_4x2_tb.vcd", 6241: 

*Error* Syntax error at 0
"axi_interconnect_wrap_4x2_tb.vcd", 6242: 

*Error* Syntax error at b010
"axi_interconnect_wrap_4x2_tb.vcd", 6243: 

*Error* Syntax error at b0001
"axi_interconnect_wrap_4x2_tb.vcd", 6244: 

*Error* Syntax error at b00
"axi_interconnect_wrap_4x2_tb.vcd", 6245: 

*Error* Syntax error at 0
"axi_interconnect_wrap_4x2_tb.vcd", 6246: 

*Error* Syntax error at 0
"axi_interconnect_wrap_4x2_tb.vcd", 6247: 

*Error* Syntax error at b0000
"axi_interconnect_wrap_4x2_tb.vcd", 6248: 

*Error* Syntax error at 0
"axi_interconnect_wrap_4x2_tb.vcd", 6249: 

*Error* Syntax error at b00
"axi_interconnect_wrap_4x2_tb.vcd", 6250: 

*Error* Syntax error at b011
"axi_interconnect_wrap_4x2_tb.vcd", 6251: 

*Error* Syntax error at b0000
"axi_interconnect_wrap_4x2_tb.vcd", 6252: 

*Error* Syntax error at 04
"axi_interconnect_wrap_4x2_tb.vcd", 6253: 

*Error* Syntax error at 0
"axi_interconnect_wrap_4x2_tb.vcd", 6254: 

*Error* Syntax error at b10
"axi_interconnect_wrap_4x2_tb.vcd", 6255: 

*Error* Syntax error at 1
"axi_interconnect_wrap_4x2_tb.vcd", 6256: 

*Error* Syntax error at 1
"axi_interconnect_wrap_4x2_tb.vcd", 6257: 

*Error* Syntax error at b10
"axi_interconnect_wrap_4x2_tb.vcd", 6258: 

*Error* Syntax error at 1
"axi_interconnect_wrap_4x2_tb.vcd", 6259: 

*Error* Syntax error at 1
"axi_interconnect_wrap_4x2_tb.vcd", 6260: 

*Error* Syntax error at b1011111011101111110010101111111011011110101011010000000000000000
"axi_interconnect_wrap_4x2_tb.vcd", 6261: 

*Error* Syntax error at b1011111011101111110010101111111011011110101011010000000000000000
"axi_interconnect_wrap_4x2_tb.vcd", 6262: 

*Error* Syntax error at b1011111011101111110010101111111011011110101011010000000000000000
"axi_interconnect_wrap_4x2_tb.vcd", 6263: 

*Error* Syntax error at b10111110111011111100101011111110110111101010110100000000000000001011111011101111110010101111111011011110101011010000000000000000
"axi_interconnect_wrap_4x2_tb.vcd", 6264: 

*Error* Syntax error at 1
"axi_interconnect_wrap_4x2_tb.vcd", 6265: 

*Error* Syntax error at 1
"axi_interconnect_wrap_4x2_tb.vcd", 6266: 

*Error* Syntax error at 1
"axi_interconnect_wrap_4x2_tb.vcd", 6267: 

*Error* Syntax error at b11
"axi_interconnect_wrap_4x2_tb.vcd", 6268: 

*Error* Syntax error at b011
"axi_interconnect_wrap_4x2_tb.vcd", 6269: 

*Error* Syntax error at b0000
"axi_interconnect_wrap_4x2_tb.vcd", 6270: 

*Error* Syntax error at b10
"axi_interconnect_wrap_4x2_tb.vcd", 6271: 

*Error* usage of using constructs outside of modules or primitives is supported only if the option '-sv' is specified
"axi_interconnect_wrap_4x2_tb.vcd", 6272: 

*Error* Syntax error at #
"axi_interconnect_wrap_4x2_tb.vcd", 6272: 

*Error* Syntax error at 0
"axi_interconnect_wrap_4x2_tb.vcd", 6273: 

*Error* usage of using constructs outside of modules or primitives is supported only if the option '-sv' is specified
"axi_interconnect_wrap_4x2_tb.vcd", 6274: 

*Error* Syntax error at #
"axi_interconnect_wrap_4x2_tb.vcd", 6274: 

*Error* Syntax error at 1
"axi_interconnect_wrap_4x2_tb.vcd", 6275: 

*Error* Syntax error at b00000000000000000000000100101001
"axi_interconnect_wrap_4x2_tb.vcd", 6276: 

*Error* Syntax error at 0
"axi_interconnect_wrap_4x2_tb.vcd", 6277: 

*Error* Syntax error at b00
"axi_interconnect_wrap_4x2_tb.vcd", 6278: 

*Error* Syntax error at 1
"axi_interconnect_wrap_4x2_tb.vcd", 6279: 

*Error* Syntax error at b10
"axi_interconnect_wrap_4x2_tb.vcd", 6280: 

*Error* Syntax error at b11
"axi_interconnect_wrap_4x2_tb.vcd", 6281: 

*Error* Syntax error at b00
"axi_interconnect_wrap_4x2_tb.vcd", 6282: 

*Error* Syntax error at 0
"axi_interconnect_wrap_4x2_tb.vcd", 6283: 

*Error* Syntax error at 0
"axi_interconnect_wrap_4x2_tb.vcd", 6284: 

*Error* Syntax error at 0
"axi_interconnect_wrap_4x2_tb.vcd", 6285: 

*Error* Syntax error at 0
"axi_interconnect_wrap_4x2_tb.vcd", 6286: 

*Error* Syntax error at 0
"axi_interconnect_wrap_4x2_tb.vcd", 6287: 

*Error* Syntax error at b00
"axi_interconnect_wrap_4x2_tb.vcd", 6288: 

*Error* Syntax error at 0
"axi_interconnect_wrap_4x2_tb.vcd", 6289: 

*Error* Syntax error at 1
"axi_interconnect_wrap_4x2_tb.vcd", 6290: 

*Error* Syntax error at b111
"axi_interconnect_wrap_4x2_tb.vcd", 6291: 

*Error* Syntax error at b0001
"axi_interconnect_wrap_4x2_tb.vcd", 6292: 

*Error* Syntax error at b00
"axi_interconnect_wrap_4x2_tb.vcd", 6293: 

*Error* usage of using constructs outside of modules or primitives is supported only if the option '-sv' is specified
"axi_interconnect_wrap_4x2_tb.vcd", 6294: 

*Error* Syntax error at #
"axi_interconnect_wrap_4x2_tb.vcd", 6294: 

*Error* Syntax error at 0
"axi_interconnect_wrap_4x2_tb.vcd", 6295: 

*Error* usage of using constructs outside of modules or primitives is supported only if the option '-sv' is specified
"axi_interconnect_wrap_4x2_tb.vcd", 6296: 

*Error* Syntax error at #
"axi_interconnect_wrap_4x2_tb.vcd", 6296: 

*Error* Syntax error at 1
"axi_interconnect_wrap_4x2_tb.vcd", 6297: 

*Error* Syntax error at b00000000000000000000000100101010
"axi_interconnect_wrap_4x2_tb.vcd", 6298: 

*Error* Syntax error at 0
"axi_interconnect_wrap_4x2_tb.vcd", 6299: 

*Error* Syntax error at b00
"axi_interconnect_wrap_4x2_tb.vcd", 6300: 

*Error* Syntax error at 1
"axi_interconnect_wrap_4x2_tb.vcd", 6301: 

*Error* Syntax error at b11
"axi_interconnect_wrap_4x2_tb.vcd", 6302: 

*Error* Syntax error at 1
"axi_interconnect_wrap_4x2_tb.vcd", 6303: 

*Error* Syntax error at b01
"axi_interconnect_wrap_4x2_tb.vcd", 6304: 

*Error* Syntax error at b111
"axi_interconnect_wrap_4x2_tb.vcd", 6305: 

*Error* Syntax error at b0001
"axi_interconnect_wrap_4x2_tb.vcd", 6306: 

*Error* Syntax error at 1
"axi_interconnect_wrap_4x2_tb.vcd", 6307: 

*Error* Syntax error at 18
"axi_interconnect_wrap_4x2_tb.vcd", 6308: 

*Error* Syntax error at b00
"axi_interconnect_wrap_4x2_tb.vcd", 6309: 

*Error* Syntax error at 0
"axi_interconnect_wrap_4x2_tb.vcd", 6310: 

*Error* Syntax error at 0
"axi_interconnect_wrap_4x2_tb.vcd", 6311: 

*Error* Syntax error at 0
"axi_interconnect_wrap_4x2_tb.vcd", 6312: 

*Error* Syntax error at b0000
"axi_interconnect_wrap_4x2_tb.vcd", 6313: 

*Error* Syntax error at b00000001
"axi_interconnect_wrap_4x2_tb.vcd", 6314: 

*Error* Syntax error at b000
"axi_interconnect_wrap_4x2_tb.vcd", 6315: 

*Error* Syntax error at b00000000
"axi_interconnect_wrap_4x2_tb.vcd", 6316: 

*Error* Syntax error at 0
"axi_interconnect_wrap_4x2_tb.vcd", 6317: 

*Error* usage of using constructs outside of modules or primitives is supported only if the option '-sv' is specified
"axi_interconnect_wrap_4x2_tb.vcd", 6318: 

*Error* Syntax error at #
"axi_interconnect_wrap_4x2_tb.vcd", 6318: 

*Error* Syntax error at 0
"axi_interconnect_wrap_4x2_tb.vcd", 6319: 

*Error* usage of using constructs outside of modules or primitives is supported only if the option '-sv' is specified
"axi_interconnect_wrap_4x2_tb.vcd", 6320: 

*Error* Syntax error at #
"axi_interconnect_wrap_4x2_tb.vcd", 6320: 

*Error* Syntax error at 1
"axi_interconnect_wrap_4x2_tb.vcd", 6321: 

*Error* Syntax error at b00000000000000000000000100101011
"axi_interconnect_wrap_4x2_tb.vcd", 6322: 

*Error* Syntax error at b000
"axi_interconnect_wrap_4x2_tb.vcd", 6323: 

*Error* Syntax error at b0000
"axi_interconnect_wrap_4x2_tb.vcd", 6324: 

*Error* Syntax error at 0
"axi_interconnect_wrap_4x2_tb.vcd", 6325: 

*Error* Syntax error at 08
"axi_interconnect_wrap_4x2_tb.vcd", 6326: 

*Error* Syntax error at b00000000
"axi_interconnect_wrap_4x2_tb.vcd", 6327: 

*Error* Syntax error at 0
"axi_interconnect_wrap_4x2_tb.vcd", 6328: 

*Error* Syntax error at b00000000
"axi_interconnect_wrap_4x2_tb.vcd", 6329: 

*Error* usage of using constructs outside of modules or primitives is supported only if the option '-sv' is specified
"axi_interconnect_wrap_4x2_tb.vcd", 6330: 

*Error* Syntax error at #
"axi_interconnect_wrap_4x2_tb.vcd", 6330: 

*Error* Syntax error at 0
"axi_interconnect_wrap_4x2_tb.vcd", 6331: 

*Error* usage of using constructs outside of modules or primitives is supported only if the option '-sv' is specified
"axi_interconnect_wrap_4x2_tb.vcd", 6332: 

*Error* Syntax error at #
"axi_interconnect_wrap_4x2_tb.vcd", 6332: 

*Error* Syntax error at 1
"axi_interconnect_wrap_4x2_tb.vcd", 6333: 

*Error* Syntax error at b00000000000000000000000100101100
"axi_interconnect_wrap_4x2_tb.vcd", 6334: 

*Error* usage of using constructs outside of modules or primitives is supported only if the option '-sv' is specified
"axi_interconnect_wrap_4x2_tb.vcd", 6335: 

*Error* Syntax error at #
"axi_interconnect_wrap_4x2_tb.vcd", 6335: 

*Error* Syntax error at 0
"axi_interconnect_wrap_4x2_tb.vcd", 6336: 

*Error* usage of using constructs outside of modules or primitives is supported only if the option '-sv' is specified
"axi_interconnect_wrap_4x2_tb.vcd", 6337: 

*Error* Syntax error at #
"axi_interconnect_wrap_4x2_tb.vcd", 6337: 

*Error* Syntax error at 1
"axi_interconnect_wrap_4x2_tb.vcd", 6338: 

*Error* Syntax error at b00000000000000000000000100101101
"axi_interconnect_wrap_4x2_tb.vcd", 6339: 

*Error* usage of using constructs outside of modules or primitives is supported only if the option '-sv' is specified
"axi_interconnect_wrap_4x2_tb.vcd", 6340: 

*Error* Syntax error at #
"axi_interconnect_wrap_4x2_tb.vcd", 6340: 

*Error* Syntax error at 0
"axi_interconnect_wrap_4x2_tb.vcd", 6341: 

*Error* usage of using constructs outside of modules or primitives is supported only if the option '-sv' is specified
"axi_interconnect_wrap_4x2_tb.vcd", 6342: 

*Error* Syntax error at #
"axi_interconnect_wrap_4x2_tb.vcd", 6342: 

*Error* Syntax error at 1
"axi_interconnect_wrap_4x2_tb.vcd", 6343: 

*Error* Syntax error at b00000000000000000000000100101110
"axi_interconnect_wrap_4x2_tb.vcd", 6344: 

*Error* usage of using constructs outside of modules or primitives is supported only if the option '-sv' is specified
"axi_interconnect_wrap_4x2_tb.vcd", 6345: 

*Error* Syntax error at #
"axi_interconnect_wrap_4x2_tb.vcd", 6345: 

*Error* Syntax error at 0
"axi_interconnect_wrap_4x2_tb.vcd", 6346: 

*Error* usage of using constructs outside of modules or primitives is supported only if the option '-sv' is specified
"axi_interconnect_wrap_4x2_tb.vcd", 6347: 

*Error* Syntax error at #
"axi_interconnect_wrap_4x2_tb.vcd", 6347: 

*Error* Syntax error at 1
"axi_interconnect_wrap_4x2_tb.vcd", 6348: 

*Error* Syntax error at b00000000000000000000000100101111
"axi_interconnect_wrap_4x2_tb.vcd", 6349: 

*Error* usage of using constructs outside of modules or primitives is supported only if the option '-sv' is specified
"axi_interconnect_wrap_4x2_tb.vcd", 6350: 

*Error* Syntax error at #
"axi_interconnect_wrap_4x2_tb.vcd", 6350: 

*Error* Syntax error at 0
"axi_interconnect_wrap_4x2_tb.vcd", 6351: 

*Error* usage of using constructs outside of modules or primitives is supported only if the option '-sv' is specified
"axi_interconnect_wrap_4x2_tb.vcd", 6352: 

*Error* Syntax error at #
"axi_interconnect_wrap_4x2_tb.vcd", 6352: 

*Error* Syntax error at 1
"axi_interconnect_wrap_4x2_tb.vcd", 6353: 

*Error* Syntax error at b00000000000000000000000100110000
"axi_interconnect_wrap_4x2_tb.vcd", 6354: 

*Error* usage of using constructs outside of modules or primitives is supported only if the option '-sv' is specified
"axi_interconnect_wrap_4x2_tb.vcd", 6355: 

*Error* Syntax error at #
"axi_interconnect_wrap_4x2_tb.vcd", 6355: 

*Error* Syntax error at 0
"axi_interconnect_wrap_4x2_tb.vcd", 6356: 

*Error* usage of using constructs outside of modules or primitives is supported only if the option '-sv' is specified
"axi_interconnect_wrap_4x2_tb.vcd", 6357: 

*Error* Syntax error at #
"axi_interconnect_wrap_4x2_tb.vcd", 6357: 

*Error* Syntax error at 1
"axi_interconnect_wrap_4x2_tb.vcd", 6358: 

*Error* Syntax error at b00000000000000000000000100110001
"axi_interconnect_wrap_4x2_tb.vcd", 6359: 

*Error* usage of using constructs outside of modules or primitives is supported only if the option '-sv' is specified
"axi_interconnect_wrap_4x2_tb.vcd", 6360: 

*Error* Syntax error at #
"axi_interconnect_wrap_4x2_tb.vcd", 6360: 

*Error* Syntax error at 0
"axi_interconnect_wrap_4x2_tb.vcd", 6361: 

*Error* usage of using constructs outside of modules or primitives is supported only if the option '-sv' is specified
"axi_interconnect_wrap_4x2_tb.vcd", 6362: 

*Error* Syntax error at #
"axi_interconnect_wrap_4x2_tb.vcd", 6362: 

*Error* Syntax error at 1
"axi_interconnect_wrap_4x2_tb.vcd", 6363: 

*Error* Syntax error at b00000000000000000000000100110010
"axi_interconnect_wrap_4x2_tb.vcd", 6364: 

*Error* usage of using constructs outside of modules or primitives is supported only if the option '-sv' is specified
"axi_interconnect_wrap_4x2_tb.vcd", 6365: 

*Error* Syntax error at #
"axi_interconnect_wrap_4x2_tb.vcd", 6365: 

*Error* Syntax error at 0
"axi_interconnect_wrap_4x2_tb.vcd", 6366: 

*Error* usage of using constructs outside of modules or primitives is supported only if the option '-sv' is specified
"axi_interconnect_wrap_4x2_tb.vcd", 6367: 

*Error* Syntax error at #
"axi_interconnect_wrap_4x2_tb.vcd", 6367: 

*Error* Syntax error at 1
"axi_interconnect_wrap_4x2_tb.vcd", 6368: 

*Error* Syntax error at b00000000000000000000000100110011
"axi_interconnect_wrap_4x2_tb.vcd", 6369: 

*Error* usage of using constructs outside of modules or primitives is supported only if the option '-sv' is specified
"axi_interconnect_wrap_4x2_tb.vcd", 6370: 

*Error* Syntax error at #
"axi_interconnect_wrap_4x2_tb.vcd", 6370: 

*Error* Syntax error at 0
"axi_interconnect_wrap_4x2_tb.vcd", 6371: 

*Error* usage of using constructs outside of modules or primitives is supported only if the option '-sv' is specified
"axi_interconnect_wrap_4x2_tb.vcd", 6372: 

*Error* Syntax error at #
"axi_interconnect_wrap_4x2_tb.vcd", 6372: 

*Error* Syntax error at 1
"axi_interconnect_wrap_4x2_tb.vcd", 6373: 

*Error* Syntax error at b00000000000000000000000100110100
"axi_interconnect_wrap_4x2_tb.vcd", 6374: 

*Error* usage of using constructs outside of modules or primitives is supported only if the option '-sv' is specified
"axi_interconnect_wrap_4x2_tb.vcd", 6375: 

*Error* Syntax error at #
"axi_interconnect_wrap_4x2_tb.vcd", 6375: 

*Error* Syntax error at 0
"axi_interconnect_wrap_4x2_tb.vcd", 6376: 

*Error* usage of using constructs outside of modules or primitives is supported only if the option '-sv' is specified
"axi_interconnect_wrap_4x2_tb.vcd", 6377: 

*Error* Syntax error at #
"axi_interconnect_wrap_4x2_tb.vcd", 6377: 

*Error* Syntax error at 1
"axi_interconnect_wrap_4x2_tb.vcd", 6378: 

*Error* Syntax error at b00000000000000000000000100110101
"axi_interconnect_wrap_4x2_tb.vcd", 6379: 

*Error* usage of using constructs outside of modules or primitives is supported only if the option '-sv' is specified
"axi_interconnect_wrap_4x2_tb.vcd", 6380: 

*Error* Syntax error at #
"axi_interconnect_wrap_4x2_tb.vcd", 6380: 

*Error* Syntax error at 0
"axi_interconnect_wrap_4x2_tb.vcd", 6381: 

*Error* usage of using constructs outside of modules or primitives is supported only if the option '-sv' is specified
"axi_interconnect_wrap_4x2_tb.vcd", 6382: 

*Error* Syntax error at #
"axi_interconnect_wrap_4x2_tb.vcd", 6382: 

*Error* Syntax error at 1
"axi_interconnect_wrap_4x2_tb.vcd", 6383: 

*Error* Syntax error at b00000000000000000000000100110110
"axi_interconnect_wrap_4x2_tb.vcd", 6384: 

*Error* usage of using constructs outside of modules or primitives is supported only if the option '-sv' is specified
"axi_interconnect_wrap_4x2_tb.vcd", 6385: 

*Error* Syntax error at #
"axi_interconnect_wrap_4x2_tb.vcd", 6385: 

*Error* Syntax error at 0
"axi_interconnect_wrap_4x2_tb.vcd", 6386: 

*Error* usage of using constructs outside of modules or primitives is supported only if the option '-sv' is specified
"axi_interconnect_wrap_4x2_tb.vcd", 6387: 

*Error* Syntax error at #
"axi_interconnect_wrap_4x2_tb.vcd", 6387: 

*Error* Syntax error at 1
"axi_interconnect_wrap_4x2_tb.vcd", 6388: 

*Error* Syntax error at b00000000000000000000000100110111
"axi_interconnect_wrap_4x2_tb.vcd", 6389: 

*Error* usage of using constructs outside of modules or primitives is supported only if the option '-sv' is specified
"axi_interconnect_wrap_4x2_tb.vcd", 6390: 

*Error* Syntax error at #
"axi_interconnect_wrap_4x2_tb.vcd", 6390: 

*Error* Syntax error at 0
"axi_interconnect_wrap_4x2_tb.vcd", 6391: 

*Error* usage of using constructs outside of modules or primitives is supported only if the option '-sv' is specified
"axi_interconnect_wrap_4x2_tb.vcd", 6392: 

*Error* Syntax error at #
"axi_interconnect_wrap_4x2_tb.vcd", 6392: 

*Error* Syntax error at 1
"axi_interconnect_wrap_4x2_tb.vcd", 6393: 

*Error* Syntax error at b00000000000000000000000100111000
"axi_interconnect_wrap_4x2_tb.vcd", 6394: 

*Error* usage of using constructs outside of modules or primitives is supported only if the option '-sv' is specified
"axi_interconnect_wrap_4x2_tb.vcd", 6395: 

*Error* Syntax error at #
"axi_interconnect_wrap_4x2_tb.vcd", 6395: 

*Error* Syntax error at 0
"axi_interconnect_wrap_4x2_tb.vcd", 6396: 

*Error* usage of using constructs outside of modules or primitives is supported only if the option '-sv' is specified
"axi_interconnect_wrap_4x2_tb.vcd", 6397: 

*Error* Syntax error at #
"axi_interconnect_wrap_4x2_tb.vcd", 6397: 

*Error* Syntax error at 1
"axi_interconnect_wrap_4x2_tb.vcd", 6398: 

*Error* Syntax error at b00000000000000000000000100111001
"axi_interconnect_wrap_4x2_tb.vcd", 6399: 

*Error* usage of using constructs outside of modules or primitives is supported only if the option '-sv' is specified
"axi_interconnect_wrap_4x2_tb.vcd", 6400: 

*Error* Syntax error at #
"axi_interconnect_wrap_4x2_tb.vcd", 6400: 

*Error* Syntax error at 0
"axi_interconnect_wrap_4x2_tb.vcd", 6401: 

*Error* usage of using constructs outside of modules or primitives is supported only if the option '-sv' is specified
"axi_interconnect_wrap_4x2_tb.vcd", 6402: 

*Error* Syntax error at #
"axi_interconnect_wrap_4x2_tb.vcd", 6402: 

*Error* Syntax error at 1
"axi_interconnect_wrap_4x2_tb.vcd", 6403: 

*Error* Syntax error at b00000000000000000000000100111010
"axi_interconnect_wrap_4x2_tb.vcd", 6404: 

*Error* usage of using constructs outside of modules or primitives is supported only if the option '-sv' is specified
"axi_interconnect_wrap_4x2_tb.vcd", 6405: 

*Error* Syntax error at #
"axi_interconnect_wrap_4x2_tb.vcd", 6405: 

*Error* Syntax error at 0
"axi_interconnect_wrap_4x2_tb.vcd", 6406: 

*Error* usage of using constructs outside of modules or primitives is supported only if the option '-sv' is specified
"axi_interconnect_wrap_4x2_tb.vcd", 6407: 

*Error* Syntax error at #
"axi_interconnect_wrap_4x2_tb.vcd", 6407: 

*Error* Syntax error at 1
"axi_interconnect_wrap_4x2_tb.vcd", 6408: 

*Error* Syntax error at b00000000000000000000000100111011
"axi_interconnect_wrap_4x2_tb.vcd", 6409: 

*Error* usage of using constructs outside of modules or primitives is supported only if the option '-sv' is specified
"axi_interconnect_wrap_4x2_tb.vcd", 6410: 

*Error* Syntax error at #
"axi_interconnect_wrap_4x2_tb.vcd", 6410: 

*Error* Syntax error at 0
"axi_interconnect_wrap_4x2_tb.vcd", 6411: 

*Error* usage of using constructs outside of modules or primitives is supported only if the option '-sv' is specified
"axi_interconnect_wrap_4x2_tb.vcd", 6412: 

*Error* Syntax error at #
"axi_interconnect_wrap_4x2_tb.vcd", 6412: 

*Error* Syntax error at 1
"axi_interconnect_wrap_4x2_tb.vcd", 6413: 

*Error* Syntax error at b00000000000000000000000100111100
"axi_interconnect_wrap_4x2_tb.vcd", 6414: 

*Error* usage of using constructs outside of modules or primitives is supported only if the option '-sv' is specified
"axi_interconnect_wrap_4x2_tb.vcd", 6415: 

*Error* Syntax error at #
"axi_interconnect_wrap_4x2_tb.vcd", 6415: 

*Error* Syntax error at 0
"axi_interconnect_wrap_4x2_tb.vcd", 6416: 

*Error* usage of using constructs outside of modules or primitives is supported only if the option '-sv' is specified
"axi_interconnect_wrap_4x2_tb.vcd", 6417: 

*Error* Syntax error at #
"axi_interconnect_wrap_4x2_tb.vcd", 6417: 

*Error* Syntax error at 1
"axi_interconnect_wrap_4x2_tb.vcd", 6418: 

*Error* Syntax error at b00000000000000000000000100111101
"axi_interconnect_wrap_4x2_tb.vcd", 6419: 

*Error* usage of using constructs outside of modules or primitives is supported only if the option '-sv' is specified
"axi_interconnect_wrap_4x2_tb.vcd", 6420: 

*Error* Syntax error at #
"axi_interconnect_wrap_4x2_tb.vcd", 6420: 

*Error* Syntax error at 0
"axi_interconnect_wrap_4x2_tb.vcd", 6421: 

*Error* usage of using constructs outside of modules or primitives is supported only if the option '-sv' is specified
"axi_interconnect_wrap_4x2_tb.vcd", 6422: 

*Error* Syntax error at #
"axi_interconnect_wrap_4x2_tb.vcd", 6422: 

*Error* Syntax error at 1
"axi_interconnect_wrap_4x2_tb.vcd", 6423: 

*Error* Syntax error at b00000000000000000000000100111110
"axi_interconnect_wrap_4x2_tb.vcd", 6424: 

*Error* usage of using constructs outside of modules or primitives is supported only if the option '-sv' is specified
"axi_interconnect_wrap_4x2_tb.vcd", 6425: 

*Error* Syntax error at #
"axi_interconnect_wrap_4x2_tb.vcd", 6425: 

*Error* Syntax error at 0
"axi_interconnect_wrap_4x2_tb.vcd", 6426: 

*Error* usage of using constructs outside of modules or primitives is supported only if the option '-sv' is specified
"axi_interconnect_wrap_4x2_tb.vcd", 6427: 

*Error* Syntax error at #
"axi_interconnect_wrap_4x2_tb.vcd", 6427: 

*Error* Syntax error at 1
"axi_interconnect_wrap_4x2_tb.vcd", 6428: 

*Error* Syntax error at b00000000000000000000000100111111
"axi_interconnect_wrap_4x2_tb.vcd", 6429: 

*Error* usage of using constructs outside of modules or primitives is supported only if the option '-sv' is specified
"axi_interconnect_wrap_4x2_tb.vcd", 6430: 

*Error* Syntax error at #
"axi_interconnect_wrap_4x2_tb.vcd", 6430: 

*Error* Syntax error at 0
"axi_interconnect_wrap_4x2_tb.vcd", 6431: 

*Error* usage of using constructs outside of modules or primitives is supported only if the option '-sv' is specified
"axi_interconnect_wrap_4x2_tb.vcd", 6432: 

*Error* Syntax error at #
"axi_interconnect_wrap_4x2_tb.vcd", 6432: 

*Error* Syntax error at 1
"axi_interconnect_wrap_4x2_tb.vcd", 6433: 

*Error* Syntax error at b00000000000000000000000101000000
"axi_interconnect_wrap_4x2_tb.vcd", 6434: 

*Error* usage of using constructs outside of modules or primitives is supported only if the option '-sv' is specified
"axi_interconnect_wrap_4x2_tb.vcd", 6435: 

*Error* Syntax error at #
"axi_interconnect_wrap_4x2_tb.vcd", 6435: 

*Error* Syntax error at 0
"axi_interconnect_wrap_4x2_tb.vcd", 6436: 

*Error* usage of using constructs outside of modules or primitives is supported only if the option '-sv' is specified
"axi_interconnect_wrap_4x2_tb.vcd", 6437: 

*Error* Syntax error at #
"axi_interconnect_wrap_4x2_tb.vcd", 6437: 

*Error* Syntax error at 1
"axi_interconnect_wrap_4x2_tb.vcd", 6438: 

*Error* Syntax error at b00000000000000000000000101000001
"axi_interconnect_wrap_4x2_tb.vcd", 6439: 

*Error* usage of using constructs outside of modules or primitives is supported only if the option '-sv' is specified
"axi_interconnect_wrap_4x2_tb.vcd", 6440: 

*Error* Syntax error at #
"axi_interconnect_wrap_4x2_tb.vcd", 6440: 

*Error* Syntax error at 0
"axi_interconnect_wrap_4x2_tb.vcd", 6441: 

*Error* usage of using constructs outside of modules or primitives is supported only if the option '-sv' is specified
"axi_interconnect_wrap_4x2_tb.vcd", 6442: 

*Error* Syntax error at #
"axi_interconnect_wrap_4x2_tb.vcd", 6442: 

*Error* Syntax error at 1
"axi_interconnect_wrap_4x2_tb.vcd", 6443: 

*Error* Syntax error at b00000000000000000000000101000010
"axi_interconnect_wrap_4x2_tb.vcd", 6444: 

*Error* usage of using constructs outside of modules or primitives is supported only if the option '-sv' is specified
"axi_interconnect_wrap_4x2_tb.vcd", 6445: 

*Error* Syntax error at #
"axi_interconnect_wrap_4x2_tb.vcd", 6445: 

*Error* Syntax error at 0
"axi_interconnect_wrap_4x2_tb.vcd", 6446: 

*Error* usage of using constructs outside of modules or primitives is supported only if the option '-sv' is specified
"axi_interconnect_wrap_4x2_tb.vcd", 6447: 

*Error* Syntax error at #
"axi_interconnect_wrap_4x2_tb.vcd", 6447: 

*Error* Syntax error at 1
"axi_interconnect_wrap_4x2_tb.vcd", 6448: 

*Error* Syntax error at b00000000000000000000000101000011
"axi_interconnect_wrap_4x2_tb.vcd", 6449: 

*Error* usage of using constructs outside of modules or primitives is supported only if the option '-sv' is specified
"axi_interconnect_wrap_4x2_tb.vcd", 6450: 

*Error* Syntax error at #
"axi_interconnect_wrap_4x2_tb.vcd", 6450: 

*Error* Syntax error at 0
"axi_interconnect_wrap_4x2_tb.vcd", 6451: 

*Error* usage of using constructs outside of modules or primitives is supported only if the option '-sv' is specified
"axi_interconnect_wrap_4x2_tb.vcd", 6452: 

*Error* Syntax error at #
"axi_interconnect_wrap_4x2_tb.vcd", 6452: 

*Error* Syntax error at 1
"axi_interconnect_wrap_4x2_tb.vcd", 6453: 

*Error* Syntax error at b00000000000000000000000101000100
"axi_interconnect_wrap_4x2_tb.vcd", 6454: 

*Error* usage of using constructs outside of modules or primitives is supported only if the option '-sv' is specified
"axi_interconnect_wrap_4x2_tb.vcd", 6455: 

*Error* Syntax error at #
"axi_interconnect_wrap_4x2_tb.vcd", 6455: 

*Error* Syntax error at 0
"axi_interconnect_wrap_4x2_tb.vcd", 6456: 

*Error* usage of using constructs outside of modules or primitives is supported only if the option '-sv' is specified
"axi_interconnect_wrap_4x2_tb.vcd", 6457: 

*Error* Syntax error at #
"axi_interconnect_wrap_4x2_tb.vcd", 6457: 

*Error* Syntax error at 1
"axi_interconnect_wrap_4x2_tb.vcd", 6458: 

*Error* Syntax error at b00000000000000000000000101000101
"axi_interconnect_wrap_4x2_tb.vcd", 6459: 

*Error* usage of using constructs outside of modules or primitives is supported only if the option '-sv' is specified
"axi_interconnect_wrap_4x2_tb.vcd", 6460: 

*Error* Syntax error at #
"axi_interconnect_wrap_4x2_tb.vcd", 6460: 

*Error* Syntax error at 0
"axi_interconnect_wrap_4x2_tb.vcd", 6461: 

*Error* usage of using constructs outside of modules or primitives is supported only if the option '-sv' is specified
"axi_interconnect_wrap_4x2_tb.vcd", 6462: 

*Error* Syntax error at #
"axi_interconnect_wrap_4x2_tb.vcd", 6462: 

*Error* Syntax error at 1
"axi_interconnect_wrap_4x2_tb.vcd", 6463: 

*Error* Syntax error at b00000000000000000000000101000110
"axi_interconnect_wrap_4x2_tb.vcd", 6464: 

*Error* usage of using constructs outside of modules or primitives is supported only if the option '-sv' is specified
"axi_interconnect_wrap_4x2_tb.vcd", 6465: 

*Error* Syntax error at #
"axi_interconnect_wrap_4x2_tb.vcd", 6465: 

*Error* Syntax error at 0
"axi_interconnect_wrap_4x2_tb.vcd", 6466: 

*Error* usage of using constructs outside of modules or primitives is supported only if the option '-sv' is specified
"axi_interconnect_wrap_4x2_tb.vcd", 6467: 

*Error* Syntax error at #
"axi_interconnect_wrap_4x2_tb.vcd", 6467: 

*Error* Syntax error at 1
"axi_interconnect_wrap_4x2_tb.vcd", 6468: 

*Error* Syntax error at b00000000000000000000000101000111
"axi_interconnect_wrap_4x2_tb.vcd", 6469: 

*Error* usage of using constructs outside of modules or primitives is supported only if the option '-sv' is specified
"axi_interconnect_wrap_4x2_tb.vcd", 6470: 

*Error* Syntax error at #
"axi_interconnect_wrap_4x2_tb.vcd", 6470: 

*Error* Syntax error at 0
"axi_interconnect_wrap_4x2_tb.vcd", 6471: 

*Error* usage of using constructs outside of modules or primitives is supported only if the option '-sv' is specified
"axi_interconnect_wrap_4x2_tb.vcd", 6472: 

*Error* Syntax error at #
"axi_interconnect_wrap_4x2_tb.vcd", 6472: 

*Error* Syntax error at 1
"axi_interconnect_wrap_4x2_tb.vcd", 6473: 

*Error* Syntax error at b00000000000000000000000101001000
"axi_interconnect_wrap_4x2_tb.vcd", 6474: 

*Error* usage of using constructs outside of modules or primitives is supported only if the option '-sv' is specified
"axi_interconnect_wrap_4x2_tb.vcd", 6475: 

*Error* Syntax error at #
"axi_interconnect_wrap_4x2_tb.vcd", 6475: 

*Error* Syntax error at 0
"axi_interconnect_wrap_4x2_tb.vcd", 6476: 

*Error* usage of using constructs outside of modules or primitives is supported only if the option '-sv' is specified
"axi_interconnect_wrap_4x2_tb.vcd", 6477: 

*Error* Syntax error at #
"axi_interconnect_wrap_4x2_tb.vcd", 6477: 

*Error* Syntax error at 1
"axi_interconnect_wrap_4x2_tb.vcd", 6478: 

*Error* Syntax error at b00000000000000000000000101001001
"axi_interconnect_wrap_4x2_tb.vcd", 6479: 

*Error* usage of using constructs outside of modules or primitives is supported only if the option '-sv' is specified
"axi_interconnect_wrap_4x2_tb.vcd", 6480: 

*Error* Syntax error at #
"axi_interconnect_wrap_4x2_tb.vcd", 6480: 

*Error* Syntax error at 0
"axi_interconnect_wrap_4x2_tb.vcd", 6481: 

*Error* usage of using constructs outside of modules or primitives is supported only if the option '-sv' is specified
"axi_interconnect_wrap_4x2_tb.vcd", 6482: 

*Error* Syntax error at #
"axi_interconnect_wrap_4x2_tb.vcd", 6482: 

*Error* Syntax error at 1
"axi_interconnect_wrap_4x2_tb.vcd", 6483: 

*Error* Syntax error at b00000000000000000000000101001010
"axi_interconnect_wrap_4x2_tb.vcd", 6484: 

*Error* usage of using constructs outside of modules or primitives is supported only if the option '-sv' is specified
"axi_interconnect_wrap_4x2_tb.vcd", 6485: 

*Error* Syntax error at #
"axi_interconnect_wrap_4x2_tb.vcd", 6485: 

*Error* Syntax error at 0
"axi_interconnect_wrap_4x2_tb.vcd", 6486: 

*Error* usage of using constructs outside of modules or primitives is supported only if the option '-sv' is specified
"axi_interconnect_wrap_4x2_tb.vcd", 6487: 

*Error* Syntax error at #
"axi_interconnect_wrap_4x2_tb.vcd", 6487: 

*Error* Syntax error at 1
"axi_interconnect_wrap_4x2_tb.vcd", 6488: 

*Error* Syntax error at b00000000000000000000000101001011
"axi_interconnect_wrap_4x2_tb.vcd", 6489: 

*Error* usage of using constructs outside of modules or primitives is supported only if the option '-sv' is specified
"axi_interconnect_wrap_4x2_tb.vcd", 6490: 

*Error* Syntax error at #
"axi_interconnect_wrap_4x2_tb.vcd", 6490: 

*Error* Syntax error at 0
"axi_interconnect_wrap_4x2_tb.vcd", 6491: 

*Error* usage of using constructs outside of modules or primitives is supported only if the option '-sv' is specified
"axi_interconnect_wrap_4x2_tb.vcd", 6492: 

*Error* Syntax error at #
"axi_interconnect_wrap_4x2_tb.vcd", 6492: 

*Error* Syntax error at 1
"axi_interconnect_wrap_4x2_tb.vcd", 6493: 

*Error* Syntax error at b00000000000000000000000101001100
"axi_interconnect_wrap_4x2_tb.vcd", 6494: 

*Error* usage of using constructs outside of modules or primitives is supported only if the option '-sv' is specified
"axi_interconnect_wrap_4x2_tb.vcd", 6495: 

*Error* Syntax error at #
"axi_interconnect_wrap_4x2_tb.vcd", 6495: 

*Error* Syntax error at 0
"axi_interconnect_wrap_4x2_tb.vcd", 6496: 

*Error* usage of using constructs outside of modules or primitives is supported only if the option '-sv' is specified
"axi_interconnect_wrap_4x2_tb.vcd", 6497: 

*Error* Syntax error at #
"axi_interconnect_wrap_4x2_tb.vcd", 6497: 

*Error* Syntax error at 1
"axi_interconnect_wrap_4x2_tb.vcd", 6498: 

*Error* Syntax error at b00000000000000000000000000010010
"axi_interconnect_wrap_4x2_tb.vcd", 6499: 

*Error* Syntax error at b00000000
"axi_interconnect_wrap_4x2_tb.vcd", 6500: 

*Error* Syntax error at b00000000000000000000000000000000
"axi_interconnect_wrap_4x2_tb.vcd", 6501: 

*Error* Syntax error at b0000000000000000000000000000000000000000000000000000000000000000
"axi_interconnect_wrap_4x2_tb.vcd", 6502: 

*Error* Syntax error at b00000000
"axi_interconnect_wrap_4x2_tb.vcd", 6503: 

*Error* Syntax error at b00000000000000000000000000000000
"axi_interconnect_wrap_4x2_tb.vcd", 6504: 

*Error* Syntax error at b0000000000000000000000000000000000000000000000000000000000000000
"axi_interconnect_wrap_4x2_tb.vcd", 6505: 

*Error* Syntax error at b00000000
"axi_interconnect_wrap_4x2_tb.vcd", 6506: 

*Error* Syntax error at b00000000000000000000000000000000
"axi_interconnect_wrap_4x2_tb.vcd", 6507: 

*Error* Syntax error at b00000000
"axi_interconnect_wrap_4x2_tb.vcd", 6508: 

*Error* Syntax error at b00000000000000000000000000000000
"axi_interconnect_wrap_4x2_tb.vcd", 6509: 

*Error* Syntax error at b0000000000000000000000000000000000000000000000000000000000000000
"axi_interconnect_wrap_4x2_tb.vcd", 6510: 

*Error* Syntax error at b00000000
"axi_interconnect_wrap_4x2_tb.vcd", 6511: 

*Error* Syntax error at b00000000000000000000000000000000
"axi_interconnect_wrap_4x2_tb.vcd", 6512: 

*Error* Syntax error at b00000000
"axi_interconnect_wrap_4x2_tb.vcd", 6513: 

*Error* Syntax error at b00000000000000000000000000000000
"axi_interconnect_wrap_4x2_tb.vcd", 6514: 

*Error* Syntax error at b0000000000000000000000000000000000000000000000000000000000000000
"axi_interconnect_wrap_4x2_tb.vcd", 6515: 

*Error* Syntax error at b00000000
"axi_interconnect_wrap_4x2_tb.vcd", 6516: 

*Error* Syntax error at b00000000000000000000000000000000
"axi_interconnect_wrap_4x2_tb.vcd", 6517: 

*Error* Syntax error at b00000000000000000000000101001101
"axi_interconnect_wrap_4x2_tb.vcd", 6518: 

*Error* Syntax error at b00000000000000000000000000000000
"axi_interconnect_wrap_4x2_tb.vcd", 6519: 

*Error* Syntax error at b00000000
"axi_interconnect_wrap_4x2_tb.vcd", 6520: 

*Error* Syntax error at b00000000000000000000000000000000000000000000000000000000000000000000000000000000000000000000000000000000000000000000000000000000
"axi_interconnect_wrap_4x2_tb.vcd", 6521: 

*Error* Syntax error at b00000000000000000000000000000000
"axi_interconnect_wrap_4x2_tb.vcd", 6522: 

*Error* Syntax error at b0000000000000000000000000000000000000000000000000000000000000000000000000000000000000000000000000000000000000000000000000000000000000000000000000000000000000000000000000000000000000000000000000000000000000000000000000000000000000000000000000000000000000000
"axi_interconnect_wrap_4x2_tb.vcd", 6523: 

*Error* Syntax error at b0000000000000000000000000000000000000000000000000000000000000000
"axi_interconnect_wrap_4x2_tb.vcd", 6524: 

*Error* Syntax error at b00000000000000000000000000000000
"axi_interconnect_wrap_4x2_tb.vcd", 6525: 

*Error* Syntax error at b00000000000000000000000000000000000000000000000000000000000000000000000000000000000000000000000000000000000000000000000000000000
"axi_interconnect_wrap_4x2_tb.vcd", 6526: 

*Error* Syntax error at b0000000000000000000000000000000000000000000000000000000000000000
"axi_interconnect_wrap_4x2_tb.vcd", 6527: 

*Error* usage of using constructs outside of modules or primitives is supported only if the option '-sv' is specified
"axi_interconnect_wrap_4x2_tb.vcd", 6528: 

*Error* Syntax error at #
"axi_interconnect_wrap_4x2_tb.vcd", 6528: 

*Error* Syntax error at 0
"axi_interconnect_wrap_4x2_tb.vcd", 6529: 

*Error* usage of using constructs outside of modules or primitives is supported only if the option '-sv' is specified
"axi_interconnect_wrap_4x2_tb.vcd", 6530: 

*Error* Syntax error at #
"axi_interconnect_wrap_4x2_tb.vcd", 6530: 

*Error* Syntax error at 1
"axi_interconnect_wrap_4x2_tb.vcd", 6531: 

*Error* Syntax error at b00000000000000000000000101001110
"axi_interconnect_wrap_4x2_tb.vcd", 6532: 

*Error* Syntax error at b0000000000000000000000000000000000000000000000000000000000000000
"axi_interconnect_wrap_4x2_tb.vcd", 6533: 

*Error* Syntax error at b0000000000000000000000000000000000000000000000000000000000000000
"axi_interconnect_wrap_4x2_tb.vcd", 6534: 

*Error* Syntax error at b0000000000000000000000000000000000000000000000000000000000000000
"axi_interconnect_wrap_4x2_tb.vcd", 6535: 

*Error* Syntax error at b00000000000000000000000000000000000000000000000000000000000000000000000000000000000000000000000000000000000000000000000000000000
"axi_interconnect_wrap_4x2_tb.vcd", 6536: 

*Error* usage of using constructs outside of modules or primitives is supported only if the option '-sv' is specified
"axi_interconnect_wrap_4x2_tb.vcd", 6537: 

*Error* Syntax error at #
"axi_interconnect_wrap_4x2_tb.vcd", 6537: 

*Error* Syntax error at 0
"axi_interconnect_wrap_4x2_tb.vcd", 6538: 

*Error* usage of using constructs outside of modules or primitives is supported only if the option '-sv' is specified
"axi_interconnect_wrap_4x2_tb.vcd", 6539: 

*Error* Syntax error at #
"axi_interconnect_wrap_4x2_tb.vcd", 6539: 

*Error* Syntax error at 1
"axi_interconnect_wrap_4x2_tb.vcd", 6540: 

*Error* Syntax error at b00000000000000000000000101001111
"axi_interconnect_wrap_4x2_tb.vcd", 6541: 

*Error* usage of using constructs outside of modules or primitives is supported only if the option '-sv' is specified
"axi_interconnect_wrap_4x2_tb.vcd", 6542: 

*Error* Syntax error at #
"axi_interconnect_wrap_4x2_tb.vcd", 6542: 

*Error* Syntax error at 0
"axi_interconnect_wrap_4x2_tb.vcd", 6543: 

*Error* usage of using constructs outside of modules or primitives is supported only if the option '-sv' is specified
"axi_interconnect_wrap_4x2_tb.vcd", 6544: 

*Error* Syntax error at #
"axi_interconnect_wrap_4x2_tb.vcd", 6544: 

*Error* Syntax error at 1
"axi_interconnect_wrap_4x2_tb.vcd", 6545: 

*Error* Syntax error at b00000000000000000000000101010000
"axi_interconnect_wrap_4x2_tb.vcd", 6546: 

*Error* usage of using constructs outside of modules or primitives is supported only if the option '-sv' is specified
"axi_interconnect_wrap_4x2_tb.vcd", 6547: 

*Error* Syntax error at #
"axi_interconnect_wrap_4x2_tb.vcd", 6547: 

*Error* Syntax error at 0
"axi_interconnect_wrap_4x2_tb.vcd", 6548: 

*Error* usage of using constructs outside of modules or primitives is supported only if the option '-sv' is specified
"axi_interconnect_wrap_4x2_tb.vcd", 6549: 

*Error* Syntax error at #
"axi_interconnect_wrap_4x2_tb.vcd", 6549: 

*Error* Syntax error at 1
"axi_interconnect_wrap_4x2_tb.vcd", 6550: 

*Error* Syntax error at b00000000000000000000000101010001
"axi_interconnect_wrap_4x2_tb.vcd", 6551: 

*Error* usage of using constructs outside of modules or primitives is supported only if the option '-sv' is specified
"axi_interconnect_wrap_4x2_tb.vcd", 6552: 

*Error* Syntax error at #
"axi_interconnect_wrap_4x2_tb.vcd", 6552: 

*Error* Syntax error at 0
"axi_interconnect_wrap_4x2_tb.vcd", 6553: 

*Error* usage of using constructs outside of modules or primitives is supported only if the option '-sv' is specified
"axi_interconnect_wrap_4x2_tb.vcd", 6554: 

*Error* Syntax error at #
"axi_interconnect_wrap_4x2_tb.vcd", 6554: 

*Error* Syntax error at 1
"axi_interconnect_wrap_4x2_tb.vcd", 6555: 

*Error* Syntax error at b00000000000000000000000101010010
"axi_interconnect_wrap_4x2_tb.vcd", 6556: 

*Error* usage of using constructs outside of modules or primitives is supported only if the option '-sv' is specified
"axi_interconnect_wrap_4x2_tb.vcd", 6557: 

*Error* Syntax error at #
"axi_interconnect_wrap_4x2_tb.vcd", 6557: 

*Error* Syntax error at 0
"axi_interconnect_wrap_4x2_tb.vcd", 6558: 

*Error* usage of using constructs outside of modules or primitives is supported only if the option '-sv' is specified
"axi_interconnect_wrap_4x2_tb.vcd", 6559: 

*Error* Syntax error at #
"axi_interconnect_wrap_4x2_tb.vcd", 6559: 

*Error* Syntax error at 1
"axi_interconnect_wrap_4x2_tb.vcd", 6560: 

*Error* Syntax error at b00000000000000000000000101010011
"axi_interconnect_wrap_4x2_tb.vcd", 6561: 

*Error* usage of using constructs outside of modules or primitives is supported only if the option '-sv' is specified
"axi_interconnect_wrap_4x2_tb.vcd", 6562: 

*Error* Syntax error at #
"axi_interconnect_wrap_4x2_tb.vcd", 6562: 

*Error* Syntax error at 0
"axi_interconnect_wrap_4x2_tb.vcd", 6563: 

*Error* usage of using constructs outside of modules or primitives is supported only if the option '-sv' is specified
"axi_interconnect_wrap_4x2_tb.vcd", 6564: 

*Error* Syntax error at #
"axi_interconnect_wrap_4x2_tb.vcd", 6564: 

*Error* Syntax error at 1
"axi_interconnect_wrap_4x2_tb.vcd", 6565: 

*Error* Syntax error at b00000000000000000000000101010100
"axi_interconnect_wrap_4x2_tb.vcd", 6566: 

*Error* usage of using constructs outside of modules or primitives is supported only if the option '-sv' is specified
"axi_interconnect_wrap_4x2_tb.vcd", 6567: 

*Error* Syntax error at #
"axi_interconnect_wrap_4x2_tb.vcd", 6567: 

*Error* Syntax error at 0
"axi_interconnect_wrap_4x2_tb.vcd", 6568: 

*Error* usage of using constructs outside of modules or primitives is supported only if the option '-sv' is specified
"axi_interconnect_wrap_4x2_tb.vcd", 6569: 

*Error* Syntax error at #
"axi_interconnect_wrap_4x2_tb.vcd", 6569: 

*Error* Syntax error at 1
"axi_interconnect_wrap_4x2_tb.vcd", 6570: 

*Error* Syntax error at b00000000000000000000000101010101
"axi_interconnect_wrap_4x2_tb.vcd", 6571: 

*Error* usage of using constructs outside of modules or primitives is supported only if the option '-sv' is specified
"axi_interconnect_wrap_4x2_tb.vcd", 6572: 

*Error* Syntax error at #
"axi_interconnect_wrap_4x2_tb.vcd", 6572: 

*Error* Syntax error at 0
"axi_interconnect_wrap_4x2_tb.vcd", 6573: 

*Error* usage of using constructs outside of modules or primitives is supported only if the option '-sv' is specified
"axi_interconnect_wrap_4x2_tb.vcd", 6574: 

*Error* Syntax error at #
"axi_interconnect_wrap_4x2_tb.vcd", 6574: 

*Error* Syntax error at 1
"axi_interconnect_wrap_4x2_tb.vcd", 6575: 

*Error* Syntax error at b00000000000000000000000101010110
"axi_interconnect_wrap_4x2_tb.vcd", 6576: 

*Error* usage of using constructs outside of modules or primitives is supported only if the option '-sv' is specified
"axi_interconnect_wrap_4x2_tb.vcd", 6577: 

*Error* Syntax error at #
"axi_interconnect_wrap_4x2_tb.vcd", 6577: 

*Error* Syntax error at 0
"axi_interconnect_wrap_4x2_tb.vcd", 6578: 

*Error* usage of using constructs outside of modules or primitives is supported only if the option '-sv' is specified
"axi_interconnect_wrap_4x2_tb.vcd", 6579: 

*Error* Syntax error at #
"axi_interconnect_wrap_4x2_tb.vcd", 6579: 

*Error* Syntax error at 1
"axi_interconnect_wrap_4x2_tb.vcd", 6580: 

*Error* Syntax error at b00000000000000000000000101010111
"axi_interconnect_wrap_4x2_tb.vcd", 6581: 

*Error* usage of using constructs outside of modules or primitives is supported only if the option '-sv' is specified
"axi_interconnect_wrap_4x2_tb.vcd", 6582: 

*Error* Syntax error at #
"axi_interconnect_wrap_4x2_tb.vcd", 6582: 

*Error* Syntax error at 0
"axi_interconnect_wrap_4x2_tb.vcd", 6583: 

*Error* usage of using constructs outside of modules or primitives is supported only if the option '-sv' is specified
"axi_interconnect_wrap_4x2_tb.vcd", 6584: 

*Error* Syntax error at #
"axi_interconnect_wrap_4x2_tb.vcd", 6584: 

*Error* Syntax error at 1
"axi_interconnect_wrap_4x2_tb.vcd", 6585: 

*Error* Syntax error at b00000000000000000000000101011000
"axi_interconnect_wrap_4x2_tb.vcd", 6586: 

*Error* usage of using constructs outside of modules or primitives is supported only if the option '-sv' is specified
"axi_interconnect_wrap_4x2_tb.vcd", 6587: 

*Error* Syntax error at #
"axi_interconnect_wrap_4x2_tb.vcd", 6587: 

*Error* Syntax error at 0
"axi_interconnect_wrap_4x2_tb.vcd", 6588: 

*Error* usage of using constructs outside of modules or primitives is supported only if the option '-sv' is specified
"axi_interconnect_wrap_4x2_tb.vcd", 6589: 

*Error* Syntax error at #
"axi_interconnect_wrap_4x2_tb.vcd", 6589: 

*Error* Syntax error at 1
"axi_interconnect_wrap_4x2_tb.vcd", 6590: 

*Error* Syntax error at b00000000000000000000000101011001
"axi_interconnect_wrap_4x2_tb.vcd", 6591: 

*Error* usage of using constructs outside of modules or primitives is supported only if the option '-sv' is specified
"axi_interconnect_wrap_4x2_tb.vcd", 6592: 

*Error* Syntax error at #
"axi_interconnect_wrap_4x2_tb.vcd", 6592: 

*Error* Syntax error at 0
"axi_interconnect_wrap_4x2_tb.vcd", 6593: 

*Error* usage of using constructs outside of modules or primitives is supported only if the option '-sv' is specified
"axi_interconnect_wrap_4x2_tb.vcd", 6594: 

*Error* Syntax error at #
"axi_interconnect_wrap_4x2_tb.vcd", 6594: 

*Error* Syntax error at 1
"axi_interconnect_wrap_4x2_tb.vcd", 6595: 

*Error* Syntax error at b00000000000000000000000101011010
"axi_interconnect_wrap_4x2_tb.vcd", 6596: 

*Error* usage of using constructs outside of modules or primitives is supported only if the option '-sv' is specified
"axi_interconnect_wrap_4x2_tb.vcd", 6597: 

*Error* Syntax error at #
"axi_interconnect_wrap_4x2_tb.vcd", 6597: 

*Error* Syntax error at 0
"axi_interconnect_wrap_4x2_tb.vcd", 6598: 

*Error* usage of using constructs outside of modules or primitives is supported only if the option '-sv' is specified
"axi_interconnect_wrap_4x2_tb.vcd", 6599: 

*Error* Syntax error at #
"axi_interconnect_wrap_4x2_tb.vcd", 6599: 

*Error* Syntax error at 1
"axi_interconnect_wrap_4x2_tb.vcd", 6600: 

*Error* Syntax error at b00000000000000000000000101011011
"axi_interconnect_wrap_4x2_tb.vcd", 6601: 

*Error* usage of using constructs outside of modules or primitives is supported only if the option '-sv' is specified
"axi_interconnect_wrap_4x2_tb.vcd", 6602: 

*Error* Syntax error at #
"axi_interconnect_wrap_4x2_tb.vcd", 6602: 

*Error* Syntax error at 0
"axi_interconnect_wrap_4x2_tb.vcd", 6603: 

*Error* usage of using constructs outside of modules or primitives is supported only if the option '-sv' is specified
"axi_interconnect_wrap_4x2_tb.vcd", 6604: 

*Error* Syntax error at #
"axi_interconnect_wrap_4x2_tb.vcd", 6604: 

*Error* Syntax error at 1
"axi_interconnect_wrap_4x2_tb.vcd", 6605: 

*Error* Syntax error at b00000000000000000000000101011100
"axi_interconnect_wrap_4x2_tb.vcd", 6606: 

*Error* usage of using constructs outside of modules or primitives is supported only if the option '-sv' is specified
"axi_interconnect_wrap_4x2_tb.vcd", 6607: 

*Error* Syntax error at #
"axi_interconnect_wrap_4x2_tb.vcd", 6607: 

*Error* Syntax error at 0
"axi_interconnect_wrap_4x2_tb.vcd", 6608: 

*Error* usage of using constructs outside of modules or primitives is supported only if the option '-sv' is specified
"axi_interconnect_wrap_4x2_tb.vcd", 6609: 

*Error* Syntax error at #
"axi_interconnect_wrap_4x2_tb.vcd", 6609: 

*Error* Syntax error at 1
"axi_interconnect_wrap_4x2_tb.vcd", 6610: 

*Error* Syntax error at b00000000000000000000000101011101
"axi_interconnect_wrap_4x2_tb.vcd", 6611: 

*Error* usage of using constructs outside of modules or primitives is supported only if the option '-sv' is specified
"axi_interconnect_wrap_4x2_tb.vcd", 6612: 

*Error* Syntax error at #
"axi_interconnect_wrap_4x2_tb.vcd", 6612: 

*Error* Syntax error at 0
"axi_interconnect_wrap_4x2_tb.vcd", 6613: 

*Error* usage of using constructs outside of modules or primitives is supported only if the option '-sv' is specified
"axi_interconnect_wrap_4x2_tb.vcd", 6614: 

*Error* Syntax error at #
"axi_interconnect_wrap_4x2_tb.vcd", 6614: 

*Error* Syntax error at 1
"axi_interconnect_wrap_4x2_tb.vcd", 6615: 

*Error* Syntax error at b00000000000000000000000101011110
"axi_interconnect_wrap_4x2_tb.vcd", 6616: 

*Error* usage of using constructs outside of modules or primitives is supported only if the option '-sv' is specified
"axi_interconnect_wrap_4x2_tb.vcd", 6617: 

*Error* Syntax error at #
"axi_interconnect_wrap_4x2_tb.vcd", 6617: 

*Error* Syntax error at 0
"axi_interconnect_wrap_4x2_tb.vcd", 6618: 

*Error* usage of using constructs outside of modules or primitives is supported only if the option '-sv' is specified
"axi_interconnect_wrap_4x2_tb.vcd", 6619: 

*Error* Syntax error at #
"axi_interconnect_wrap_4x2_tb.vcd", 6619: 

*Error* Syntax error at 1
"axi_interconnect_wrap_4x2_tb.vcd", 6620: 

*Error* Syntax error at b00000000000000000000000101011111
"axi_interconnect_wrap_4x2_tb.vcd", 6621: 

*Error* usage of using constructs outside of modules or primitives is supported only if the option '-sv' is specified
"axi_interconnect_wrap_4x2_tb.vcd", 6622: 

*Error* Syntax error at #
"axi_interconnect_wrap_4x2_tb.vcd", 6622: 

*Error* Syntax error at 0
"axi_interconnect_wrap_4x2_tb.vcd", 6623: 

*Error* usage of using constructs outside of modules or primitives is supported only if the option '-sv' is specified
"axi_interconnect_wrap_4x2_tb.vcd", 6624: 

*Error* Syntax error at #
"axi_interconnect_wrap_4x2_tb.vcd", 6624: 

*Error* Syntax error at 1
"axi_interconnect_wrap_4x2_tb.vcd", 6625: 

*Error* Syntax error at b00000000000000000000000101100000
"axi_interconnect_wrap_4x2_tb.vcd", 6626: 

*Error* usage of using constructs outside of modules or primitives is supported only if the option '-sv' is specified
"axi_interconnect_wrap_4x2_tb.vcd", 6627: 

*Error* Syntax error at #
"axi_interconnect_wrap_4x2_tb.vcd", 6627: 

*Error* Syntax error at 0
"axi_interconnect_wrap_4x2_tb.vcd", 6628: 

*Error* usage of using constructs outside of modules or primitives is supported only if the option '-sv' is specified
"axi_interconnect_wrap_4x2_tb.vcd", 6629: 

*Error* Syntax error at #
"axi_interconnect_wrap_4x2_tb.vcd", 6629: 

*Error* Syntax error at 1
"axi_interconnect_wrap_4x2_tb.vcd", 6630: 
Highest level modules:

Total	7296 error(s),   1 warning(s)
